Omega_m 0.309660 
Omega_v 0.690340 
sigma_8 0.810200 
n_spec 0.966500 
w0 -1.000000 
wa 0.000000 
omb 0.048970 
h0 0.676600 
h0 0.676600 
h0 0.676600 
h0 0.676600 
area 2894.030382 
sourcephotoz multihisto 
lensphotoz multihisto 
number of source tomo bins 1 
number of lens tomo bins 1 
sigmae 0.378398 
tomo.n_source[0]=4.957279 
ngal 4.957279 
tomo.n_lens_ij[0][0]=4.957279 
nlens 4.957279 
tomo.n_lens_ij[0][0]=4.957279 
nlens 9.914559 
tomo.n_lens_ij[0][0]=4.957279 
nlens 14.871838 
shear_REDSHIFT_FILE /n17data/sguerrini/UNIONS/WL/nz/v1.4.6.3/nz_SP_v1.4.6.3_A.txt 
clustering_REDSHIFT_FILE /n17data/sguerrini/UNIONS/WL/nz/v1.4.6.3/nz_SP_v1.4.6.3_A.txt 
IA = 1 
A_ia = 0.000000 
eta_ia = 0.000000 
eta_ia = 0.000000 
eta_ia = 0.000000 
C_FOOTPRINT_FILE /n17data/cdaley/unions/code/sp_validation/cosmo_inference/data/mask/mask_cls_footprint_nside_4096_norm.txt 
C_FOOTPRINT_FILE /n17data/cdaley/unions/code/sp_validation/cosmo_inference/data/mask/mask_cls_footprint_nside_4096_norm.txt 
C_FOOTPRINT_FILE /n17data/cdaley/unions/code/sp_validation/cosmo_inference/data/mask/mask_cls_footprint_nside_4096_norm.txt 
tmin 0.000291 
tmax 0.072722 
ntheta 20 
ng 1 
cng 1 
cng 1 
cng 1 
outdir ./ 
filename cov_tmp 
ss true 
ls false 
ll false 
Source redshifts: multi-histo file /n17data/sguerrini/UNIONS/WL/nz/v1.4.6.3/nz_SP_v1.4.6.3_A.txt, containing 1 tomography bins
redshift_spline.c 200 1.250000e-02 5.012500e+00
tomo.shear_zmin[0] = 0.013,tomo.shear_zmax[0] = 3.612
bin 0: <z_s>=0.632251
like.IA: 1, using parameters A_ia, eta_ia
WARNING
	oneplusz0_ia is not set correctly!
	using DES-Y3 value z0 = 0.62constant oneplusz0_ia is set: 1.620000
A_ia = 0.000000, eta_ia = 0.000000 
init_source_sample complete
Lens redshifts: multi-histo file /n17data/sguerrini/UNIONS/WL/nz/v1.4.6.3/nz_SP_v1.4.6.3_A.txt, containing 1 tomography bins
1 Clustering Powerspectra
tomo.clustering_zmin[0] = 0.013,tomo.clustering_zmax[0] = 3.612
1 GGL Powerspectra
init_lens_sample complete
running multi_covariance_real with NG = 1, cNG = 1
numbers of powers: 1, 1, 1 
N_shear1 = 0 (0,0)
N_shear2 = 0 (0, 0)
redshift.shear_photoz = 4, using tabulated tomo.n_source = 4.957279e+00,



covariances_3D.c:w_mask:WARNING
Compute covariance without accounting to survey boundary effect on shape/shot noise:
Survey mask power spectrum in /n17data/cdaley/unions/code/sp_validation/cosmo_inference/data/mask/mask_cls_footprint_nside_4096_norm.txt tabulated only to l_max = 12287
This is insufficient to calculate masking effect at theta_min = 1.00 arcmin


N[i]: 1.7293e-11
N[i]: 9.95578e-12
N[i]: 5.73167e-12
N[i]: 3.2998e-12
N[i]: 1.89974e-12
N[i]: 1.0937e-12
N[i]: 6.29659e-13
N[i]: 3.62503e-13
N[i]: 2.08697e-13
N[i]: 1.2015e-13
N[i]: 6.91718e-14
N[i]: 3.98231e-14
N[i]: 2.29267e-14
N[i]: 1.31992e-14
N[i]: 7.59894e-15
N[i]: 4.37481e-15
N[i]: 2.51863e-15
N[i]: 1.45001e-15
N[i]: 8.3479e-16
N[i]: 4.80599e-16
Cl[0] = 7.796894e-01
Cl[1] = 5.750713e-01
Cl[2] = 2.192850e-01
Cl[3] = 1.495629e-01
Cl[4] = 1.549042e-01
Cl[5] = 1.017072e-01
Cl[6] = 5.486565e-02
Cl[7] = 3.968162e-02
Cl[8] = 2.544513e-02
Cl[9] = 1.419153e-02
Cl[10] = 1.079121e-02
Cl[11] = 7.418243e-03
Cl[12] = 6.126781e-03
Cl[13] = 6.645147e-03
Cl[14] = 5.233529e-03
Cl[15] = 5.266632e-03
Cl[16] = 5.887258e-03
Cl[17] = 3.711199e-03
Cl[18] = 2.476977e-03
Cl[19] = 2.964072e-03
Cl[20] = 2.078707e-03
Cl[21] = 1.623518e-03
Cl[22] = 2.185014e-03
Cl[23] = 1.486686e-03
Cl[24] = 1.074627e-03
Cl[25] = 1.773256e-03
Cl[26] = 1.442707e-03
Cl[27] = 8.454098e-04
Cl[28] = 1.163965e-03
Cl[29] = 1.065643e-03
Cl[30] = 7.047543e-04
Cl[31] = 8.617497e-04
Cl[32] = 6.976195e-04
Cl[33] = 3.450660e-04
Cl[34] = 4.618250e-04
Cl[35] = 4.803438e-04
Cl[36] = 3.863976e-04
Cl[37] = 5.650028e-04
Cl[38] = 5.652658e-04
Cl[39] = 4.108252e-04
Cl[40] = 4.804520e-04
Cl[41] = 4.494305e-04
Cl[42] = 2.841337e-04
Cl[43] = 3.140738e-04
Cl[44] = 3.323292e-04
Cl[45] = 2.226786e-04
Cl[46] = 2.118474e-04
Cl[47] = 2.439530e-04
Cl[48] = 2.159370e-04
Cl[49] = 2.043826e-04
Cl[50] = 2.134514e-04
Cl[51] = 2.282248e-04
Cl[52] = 2.287860e-04
Cl[53] = 1.818045e-04
Cl[54] = 1.578296e-04
Cl[55] = 1.661164e-04
Cl[56] = 1.366348e-04
Cl[57] = 1.132980e-04
Cl[58] = 1.157094e-04
Cl[59] = 1.078517e-04
Cl[60] = 1.251061e-04
Cl[61] = 1.366666e-04
Cl[62] = 1.105084e-04
Cl[63] = 1.350619e-04
Cl[64] = 1.689245e-04
Cl[65] = 1.181012e-04
Cl[66] = 8.922533e-05
Cl[67] = 1.174163e-04
Cl[68] = 9.649553e-05
Cl[69] = 7.327945e-05
Cl[70] = 1.038733e-04
Cl[71] = 1.053400e-04
Cl[72] = 7.906446e-05
Cl[73] = 8.303733e-05
Cl[74] = 8.491320e-05
Cl[75] = 6.810566e-05
Cl[76] = 5.931461e-05
Cl[77] = 5.866935e-05
Cl[78] = 6.203239e-05
Cl[79] = 6.271553e-05
Cl[80] = 5.910861e-05
Cl[81] = 6.652933e-05
Cl[82] = 6.902078e-05
Cl[83] = 5.397680e-05
Cl[84] = 5.143871e-05
Cl[85] = 5.762554e-05
Cl[86] = 5.030908e-05
Cl[87] = 5.127044e-05
Cl[88] = 6.239538e-05
Cl[89] = 5.772543e-05
Cl[90] = 4.805190e-05
Cl[91] = 4.737186e-05
Cl[92] = 4.547305e-05
Cl[93] = 3.973728e-05
Cl[94] = 3.272404e-05
Cl[95] = 2.847366e-05
Cl[96] = 3.107955e-05
Cl[97] = 3.222309e-05
Cl[98] = 3.198102e-05
Cl[99] = 3.718134e-05
Cl[100] = 3.813258e-05
Cl[101] = 3.414064e-05
Cl[102] = 3.509057e-05
Cl[103] = 3.571841e-05
Cl[104] = 3.595339e-05
Cl[105] = 3.817171e-05
Cl[106] = 3.269552e-05
Cl[107] = 2.837314e-05
Cl[108] = 3.425956e-05
Cl[109] = 3.343870e-05
Cl[110] = 2.912039e-05
Cl[111] = 3.404312e-05
Cl[112] = 3.270570e-05
Cl[113] = 2.763400e-05
Cl[114] = 3.403277e-05
Cl[115] = 3.379207e-05
Cl[116] = 2.522270e-05
Cl[117] = 3.014424e-05
Cl[118] = 3.400406e-05
Cl[119] = 2.557618e-05
Cl[120] = 2.672405e-05
Cl[121] = 3.308812e-05
Cl[122] = 2.792230e-05
Cl[123] = 2.417833e-05
Cl[124] = 2.695633e-05
Cl[125] = 2.544339e-05
Cl[126] = 2.294796e-05
Cl[127] = 2.279276e-05
Cl[128] = 2.179440e-05
Cl[129] = 2.236380e-05
Cl[130] = 2.227545e-05
Cl[131] = 1.819242e-05
Cl[132] = 1.611022e-05
Cl[133] = 1.724684e-05
Cl[134] = 1.692149e-05
Cl[135] = 1.635416e-05
Cl[136] = 1.729741e-05
Cl[137] = 1.838153e-05
Cl[138] = 1.882537e-05
Cl[139] = 1.810950e-05
Cl[140] = 1.722225e-05
Cl[141] = 1.706874e-05
Cl[142] = 1.644932e-05
Cl[143] = 1.608439e-05
Cl[144] = 1.664404e-05
Cl[145] = 1.639916e-05
Cl[146] = 1.586874e-05
Cl[147] = 1.577168e-05
Cl[148] = 1.526063e-05
Cl[149] = 1.553510e-05
Cl[150] = 1.590484e-05
Cl[151] = 1.427137e-05
Cl[152] = 1.324629e-05
Cl[153] = 1.372066e-05
Cl[154] = 1.301357e-05
Cl[155] = 1.266517e-05
Cl[156] = 1.341577e-05
Cl[157] = 1.278538e-05
Cl[158] = 1.268619e-05
Cl[159] = 1.393430e-05
Cl[160] = 1.309359e-05
Cl[161] = 1.188724e-05
Cl[162] = 1.272275e-05
Cl[163] = 1.220980e-05
Cl[164] = 1.028945e-05
Cl[165] = 1.020040e-05
Cl[166] = 1.057436e-05
Cl[167] = 1.001747e-05
Cl[168] = 1.020232e-05
Cl[169] = 1.104236e-05
Cl[170] = 1.102674e-05
Cl[171] = 9.766517e-06
Cl[172] = 8.364564e-06
Cl[173] = 8.710721e-06
Cl[174] = 1.006214e-05
Cl[175] = 9.916418e-06
Cl[176] = 9.235174e-06
Cl[177] = 9.805732e-06
Cl[178] = 1.000200e-05
Cl[179] = 9.326544e-06
Cl[180] = 9.903023e-06
Cl[181] = 1.093236e-05
Cl[182] = 1.012171e-05
Cl[183] = 9.098910e-06
Cl[184] = 9.637141e-06
Cl[185] = 9.714130e-06
Cl[186] = 8.874841e-06
Cl[187] = 9.053633e-06
Cl[188] = 9.015998e-06
Cl[189] = 7.741860e-06
Cl[190] = 7.859927e-06
Cl[191] = 9.006174e-06
Cl[192] = 8.622080e-06
Cl[193] = 8.444817e-06
Cl[194] = 9.387812e-06
Cl[195] = 8.999278e-06
Cl[196] = 8.115740e-06
Cl[197] = 8.258108e-06
Cl[198] = 7.661462e-06
Cl[199] = 6.781919e-06
Cl[200] = 7.326408e-06
Cl[201] = 7.765261e-06
Cl[202] = 7.559392e-06
Cl[203] = 7.873309e-06
Cl[204] = 7.933373e-06
Cl[205] = 7.587499e-06
Cl[206] = 7.716583e-06
Cl[207] = 7.502084e-06
Cl[208] = 6.962834e-06
Cl[209] = 7.157727e-06
Cl[210] = 7.139864e-06
Cl[211] = 6.437719e-06
Cl[212] = 6.315917e-06
Cl[213] = 6.493388e-06
Cl[214] = 6.101206e-06
Cl[215] = 5.921178e-06
Cl[216] = 6.347277e-06
Cl[217] = 6.490714e-06
Cl[218] = 6.005690e-06
Cl[219] = 5.525039e-06
Cl[220] = 5.547195e-06
Cl[221] = 5.769505e-06
Cl[222] = 5.652493e-06
Cl[223] = 5.234013e-06
Cl[224] = 4.991330e-06
Cl[225] = 5.165265e-06
Cl[226] = 5.334268e-06
Cl[227] = 5.090754e-06
Cl[228] = 4.890812e-06
Cl[229] = 5.031234e-06
Cl[230] = 5.176661e-06
Cl[231] = 5.542498e-06
Cl[232] = 6.088979e-06
Cl[233] = 6.025129e-06
Cl[234] = 5.722874e-06
Cl[235] = 5.744358e-06
Cl[236] = 5.347400e-06
Cl[237] = 4.818631e-06
Cl[238] = 5.048202e-06
Cl[239] = 5.044306e-06
Cl[240] = 4.258033e-06
Cl[241] = 3.876339e-06
Cl[242] = 4.153864e-06
Cl[243] = 4.435809e-06
Cl[244] = 4.433341e-06
Cl[245] = 4.056445e-06
Cl[246] = 3.885643e-06
Cl[247] = 4.282270e-06
Cl[248] = 4.380725e-06
Cl[249] = 4.031984e-06
Cl[250] = 3.989460e-06
Cl[251] = 4.108541e-06
Cl[252] = 4.123375e-06
Cl[253] = 4.223188e-06
Cl[254] = 4.256798e-06
Cl[255] = 4.121574e-06
Cl[256] = 3.862127e-06
Cl[257] = 3.616510e-06
Cl[258] = 3.759383e-06
Cl[259] = 3.882512e-06
Cl[260] = 3.569777e-06
Cl[261] = 3.610005e-06
Cl[262] = 3.866919e-06
Cl[263] = 3.557467e-06
Cl[264] = 3.560053e-06
Cl[265] = 3.970977e-06
Cl[266] = 3.551218e-06
Cl[267] = 3.087679e-06
Cl[268] = 3.432007e-06
Cl[269] = 3.436991e-06
Cl[270] = 3.103001e-06
Cl[271] = 3.186604e-06
Cl[272] = 3.150138e-06
Cl[273] = 2.998812e-06
Cl[274] = 3.080530e-06
Cl[275] = 2.957629e-06
Cl[276] = 2.883503e-06
Cl[277] = 3.071531e-06
Cl[278] = 3.000617e-06
Cl[279] = 3.075157e-06
Cl[280] = 3.445838e-06
Cl[281] = 3.323602e-06
Cl[282] = 3.042891e-06
Cl[283] = 2.922293e-06
Cl[284] = 2.442771e-06
Cl[285] = 2.214746e-06
Cl[286] = 2.499364e-06
Cl[287] = 2.295972e-06
Cl[288] = 2.034465e-06
Cl[289] = 2.388696e-06
Cl[290] = 2.420475e-06
Cl[291] = 2.104301e-06
Cl[292] = 2.271984e-06
Cl[293] = 2.500199e-06
Cl[294] = 2.407896e-06
Cl[295] = 2.343798e-06
Cl[296] = 2.332426e-06
Cl[297] = 2.320072e-06
Cl[298] = 2.249958e-06
Cl[299] = 2.045014e-06
Cl[300] = 1.949347e-06
Cl[301] = 1.886369e-06
Cl[302] = 1.669821e-06
Cl[303] = 1.618742e-06
Cl[304] = 1.672245e-06
Cl[305] = 1.636614e-06
Cl[306] = 1.795445e-06
Cl[307] = 1.898343e-06
Cl[308] = 1.707328e-06
Cl[309] = 1.712291e-06
Cl[310] = 1.764678e-06
Cl[311] = 1.577754e-06
Cl[312] = 1.582781e-06
Cl[313] = 1.583195e-06
Cl[314] = 1.407554e-06
Cl[315] = 1.612951e-06
Cl[316] = 1.729188e-06
Cl[317] = 1.351464e-06
Cl[318] = 1.431853e-06
Cl[319] = 1.775747e-06
Cl[320] = 1.525569e-06
Cl[321] = 1.414163e-06
Cl[322] = 1.671012e-06
Cl[323] = 1.489602e-06
Cl[324] = 1.268305e-06
Cl[325] = 1.406825e-06
Cl[326] = 1.354877e-06
Cl[327] = 1.257412e-06
Cl[328] = 1.386943e-06
Cl[329] = 1.361123e-06
Cl[330] = 1.263616e-06
Cl[331] = 1.321852e-06
Cl[332] = 1.298271e-06
Cl[333] = 1.173878e-06
Cl[334] = 1.065586e-06
Cl[335] = 9.858255e-07
Cl[336] = 1.025673e-06
Cl[337] = 1.079202e-06
Cl[338] = 1.054852e-06
Cl[339] = 1.100855e-06
Cl[340] = 1.133773e-06
Cl[341] = 1.071433e-06
Cl[342] = 1.059009e-06
Cl[343] = 1.023959e-06
Cl[344] = 9.360232e-07
Cl[345] = 9.463829e-07
Cl[346] = 9.698514e-07
Cl[347] = 9.639120e-07
Cl[348] = 1.003344e-06
Cl[349] = 1.001693e-06
Cl[350] = 1.007680e-06
Cl[351] = 1.050475e-06
Cl[352] = 9.671497e-07
Cl[353] = 8.741876e-07
Cl[354] = 8.487257e-07
Cl[355] = 7.618519e-07
Cl[356] = 7.939837e-07
Cl[357] = 8.851122e-07
Cl[358] = 7.470833e-07
Cl[359] = 7.264987e-07
Cl[360] = 8.986014e-07
Cl[361] = 8.057028e-07
Cl[362] = 7.159703e-07
Cl[363] = 8.189138e-07
Cl[364] = 7.094690e-07
Cl[365] = 6.872475e-07
Cl[366] = 9.318883e-07
Cl[367] = 8.881205e-07
Cl[368] = 8.286369e-07
Cl[369] = 1.065723e-06
Cl[370] = 9.814342e-07
Cl[371] = 7.471665e-07
Cl[372] = 8.613821e-07
Cl[373] = 8.190288e-07
Cl[374] = 6.043523e-07
Cl[375] = 6.701058e-07
Cl[376] = 6.789887e-07
Cl[377] = 5.961857e-07
Cl[378] = 7.157500e-07
Cl[379] = 6.921067e-07
Cl[380] = 5.938221e-07
Cl[381] = 7.596443e-07
Cl[382] = 7.538418e-07
Cl[383] = 5.565431e-07
Cl[384] = 6.342322e-07
Cl[385] = 6.753383e-07
Cl[386] = 5.156926e-07
Cl[387] = 5.567828e-07
Cl[388] = 6.508198e-07
Cl[389] = 6.054893e-07
Cl[390] = 6.672604e-07
Cl[391] = 7.469859e-07
Cl[392] = 6.862220e-07
Cl[393] = 6.424067e-07
Cl[394] = 6.060781e-07
Cl[395] = 5.224625e-07
Cl[396] = 4.850798e-07
Cl[397] = 4.820129e-07
Cl[398] = 5.004669e-07
Cl[399] = 5.519484e-07
Cl[400] = 5.737398e-07
Cl[401] = 5.709636e-07
Cl[402] = 5.459425e-07
Cl[403] = 5.096025e-07
Cl[404] = 5.470295e-07
Cl[405] = 5.579385e-07
Cl[406] = 4.813319e-07
Cl[407] = 5.060456e-07
Cl[408] = 5.501517e-07
Cl[409] = 4.566180e-07
Cl[410] = 4.502681e-07
Cl[411] = 5.428679e-07
Cl[412] = 5.110604e-07
Cl[413] = 4.846177e-07
Cl[414] = 5.541107e-07
Cl[415] = 5.817021e-07
Cl[416] = 5.872851e-07
Cl[417] = 5.644926e-07
Cl[418] = 4.973698e-07
Cl[419] = 5.108561e-07
Cl[420] = 5.006142e-07
Cl[421] = 3.887685e-07
Cl[422] = 4.158294e-07
Cl[423] = 5.263632e-07
Cl[424] = 5.031807e-07
Cl[425] = 5.017935e-07
Cl[426] = 5.648203e-07
Cl[427] = 5.447992e-07
Cl[428] = 5.419933e-07
Cl[429] = 5.911872e-07
Cl[430] = 5.923883e-07
Cl[431] = 6.044236e-07
Cl[432] = 6.071318e-07
Cl[433] = 5.389047e-07
Cl[434] = 5.019684e-07
Cl[435] = 4.872847e-07
Cl[436] = 4.482417e-07
Cl[437] = 4.630490e-07
Cl[438] = 4.763515e-07
Cl[439] = 4.469327e-07
Cl[440] = 4.770616e-07
Cl[441] = 5.083421e-07
Cl[442] = 4.899432e-07
Cl[443] = 5.250476e-07
Cl[444] = 5.696800e-07
Cl[445] = 5.639568e-07
Cl[446] = 5.647296e-07
Cl[447] = 5.454952e-07
Cl[448] = 5.251039e-07
Cl[449] = 5.388029e-07
Cl[450] = 4.814651e-07
Cl[451] = 4.137774e-07
Cl[452] = 4.467135e-07
Cl[453] = 4.373207e-07
Cl[454] = 3.921392e-07
Cl[455] = 4.385868e-07
Cl[456] = 4.517940e-07
Cl[457] = 4.319870e-07
Cl[458] = 4.948671e-07
Cl[459] = 4.977614e-07
Cl[460] = 4.584140e-07
Cl[461] = 5.334099e-07
Cl[462] = 5.564355e-07
Cl[463] = 5.115090e-07
Cl[464] = 5.931257e-07
Cl[465] = 6.223457e-07
Cl[466] = 5.122897e-07
Cl[467] = 5.233615e-07
Cl[468] = 5.769675e-07
Cl[469] = 5.042734e-07
Cl[470] = 5.005187e-07
Cl[471] = 5.782405e-07
Cl[472] = 5.653371e-07
Cl[473] = 5.596413e-07
Cl[474] = 6.097511e-07
Cl[475] = 5.980277e-07
Cl[476] = 5.714667e-07
Cl[477] = 5.735379e-07
Cl[478] = 5.328934e-07
Cl[479] = 4.974761e-07
Cl[480] = 5.129710e-07
Cl[481] = 5.022724e-07
Cl[482] = 4.807023e-07
Cl[483] = 5.139244e-07
Cl[484] = 5.447509e-07
Cl[485] = 5.472387e-07
Cl[486] = 5.858894e-07
Cl[487] = 6.170604e-07
Cl[488] = 5.717461e-07
Cl[489] = 5.394084e-07
Cl[490] = 5.529470e-07
Cl[491] = 5.093138e-07
Cl[492] = 4.588991e-07
Cl[493] = 4.896074e-07
Cl[494] = 4.799619e-07
Cl[495] = 4.031798e-07
Cl[496] = 3.977016e-07
Cl[497] = 4.207761e-07
Cl[498] = 3.975463e-07
Cl[499] = 4.112217e-07
Cl[500] = 4.439231e-07
Cl[501] = 4.335517e-07
Cl[502] = 4.486433e-07
Cl[503] = 4.812348e-07
Cl[504] = 4.751841e-07
Cl[505] = 4.843055e-07
Cl[506] = 5.014107e-07
Cl[507] = 4.808106e-07
Cl[508] = 4.781076e-07
Cl[509] = 4.868671e-07
Cl[510] = 4.527077e-07
Cl[511] = 4.271895e-07
Cl[512] = 4.306192e-07
Cl[513] = 4.154874e-07
Cl[514] = 3.983319e-07
Cl[515] = 4.027236e-07
Cl[516] = 4.140364e-07
Cl[517] = 4.234281e-07
Cl[518] = 4.205819e-07
Cl[519] = 4.198072e-07
Cl[520] = 4.292438e-07
Cl[521] = 4.096938e-07
Cl[522] = 3.820900e-07
Cl[523] = 3.936785e-07
Cl[524] = 3.986602e-07
Cl[525] = 3.864793e-07
Cl[526] = 4.091791e-07
Cl[527] = 4.236294e-07
Cl[528] = 3.883605e-07
Cl[529] = 3.739862e-07
Cl[530] = 4.060528e-07
Cl[531] = 4.211348e-07
Cl[532] = 4.119753e-07
Cl[533] = 4.384787e-07
Cl[534] = 4.903621e-07
Cl[535] = 4.862392e-07
Cl[536] = 4.533686e-07
Cl[537] = 4.786136e-07
Cl[538] = 4.896835e-07
Cl[539] = 4.287464e-07
Cl[540] = 4.232824e-07
Cl[541] = 4.823523e-07
Cl[542] = 4.747868e-07
Cl[543] = 4.477889e-07
Cl[544] = 4.773329e-07
Cl[545] = 4.794781e-07
Cl[546] = 4.390022e-07
Cl[547] = 4.271550e-07
Cl[548] = 4.318680e-07
Cl[549] = 4.236577e-07
Cl[550] = 4.095683e-07
Cl[551] = 4.030356e-07
Cl[552] = 4.149406e-07
Cl[553] = 4.079908e-07
Cl[554] = 3.682610e-07
Cl[555] = 3.655586e-07
Cl[556] = 4.009061e-07
Cl[557] = 4.114501e-07
Cl[558] = 4.130514e-07
Cl[559] = 4.237382e-07
Cl[560] = 4.231179e-07
Cl[561] = 4.239248e-07
Cl[562] = 4.224348e-07
Cl[563] = 4.063103e-07
Cl[564] = 3.982903e-07
Cl[565] = 3.904842e-07
Cl[566] = 3.812375e-07
Cl[567] = 4.003146e-07
Cl[568] = 4.159236e-07
Cl[569] = 4.061943e-07
Cl[570] = 4.075565e-07
Cl[571] = 4.016025e-07
Cl[572] = 3.771915e-07
Cl[573] = 3.769323e-07
Cl[574] = 3.750380e-07
Cl[575] = 3.478326e-07
Cl[576] = 3.441062e-07
Cl[577] = 3.603103e-07
Cl[578] = 3.696741e-07
Cl[579] = 3.860639e-07
Cl[580] = 3.955989e-07
Cl[581] = 3.936209e-07
Cl[582] = 3.978269e-07
Cl[583] = 3.902127e-07
Cl[584] = 3.774228e-07
Cl[585] = 3.691593e-07
Cl[586] = 3.365345e-07
Cl[587] = 3.159663e-07
Cl[588] = 3.326041e-07
Cl[589] = 3.267655e-07
Cl[590] = 3.280853e-07
Cl[591] = 3.760429e-07
Cl[592] = 3.813214e-07
Cl[593] = 3.488316e-07
Cl[594] = 3.599327e-07
Cl[595] = 3.613729e-07
Cl[596] = 3.334671e-07
Cl[597] = 3.379059e-07
Cl[598] = 3.377460e-07
Cl[599] = 3.175610e-07
Cl[600] = 3.278853e-07
Cl[601] = 3.277449e-07
Cl[602] = 2.949989e-07
Cl[603] = 2.911712e-07
Cl[604] = 3.086605e-07
Cl[605] = 3.104503e-07
Cl[606] = 3.097577e-07
Cl[607] = 3.149918e-07
Cl[608] = 3.254935e-07
Cl[609] = 3.278906e-07
Cl[610] = 3.099696e-07
Cl[611] = 2.990493e-07
Cl[612] = 2.971525e-07
Cl[613] = 2.906145e-07
Cl[614] = 2.965675e-07
Cl[615] = 2.875635e-07
Cl[616] = 2.648866e-07
Cl[617] = 2.942878e-07
Cl[618] = 3.154266e-07
Cl[619] = 2.746107e-07
Cl[620] = 2.845990e-07
Cl[621] = 3.275838e-07
Cl[622] = 2.942286e-07
Cl[623] = 2.706022e-07
Cl[624] = 2.929078e-07
Cl[625] = 2.734570e-07
Cl[626] = 2.613974e-07
Cl[627] = 2.748955e-07
Cl[628] = 2.549098e-07
Cl[629] = 2.773220e-07
Cl[630] = 3.285246e-07
Cl[631] = 2.978473e-07
Cl[632] = 2.836172e-07
Cl[633] = 3.271391e-07
Cl[634] = 2.999550e-07
Cl[635] = 2.673701e-07
Cl[636] = 3.001187e-07
Cl[637] = 2.818594e-07
Cl[638] = 2.458655e-07
Cl[639] = 2.714359e-07
Cl[640] = 2.622600e-07
Cl[641] = 2.256021e-07
Cl[642] = 2.403341e-07
Cl[643] = 2.423103e-07
Cl[644] = 2.221563e-07
Cl[645] = 2.344385e-07
Cl[646] = 2.331837e-07
Cl[647] = 2.089997e-07
Cl[648] = 2.088213e-07
Cl[649] = 2.155700e-07
Cl[650] = 2.177136e-07
Cl[651] = 2.251016e-07
Cl[652] = 2.335988e-07
Cl[653] = 2.514426e-07
Cl[654] = 2.563805e-07
Cl[655] = 2.380366e-07
Cl[656] = 2.407484e-07
Cl[657] = 2.408458e-07
Cl[658] = 2.080337e-07
Cl[659] = 2.020961e-07
Cl[660] = 2.109442e-07
Cl[661] = 1.879232e-07
Cl[662] = 1.888504e-07
Cl[663] = 2.111516e-07
Cl[664] = 1.993103e-07
Cl[665] = 1.989938e-07
Cl[666] = 2.222935e-07
Cl[667] = 2.209164e-07
Cl[668] = 2.177386e-07
Cl[669] = 2.184415e-07
Cl[670] = 2.031288e-07
Cl[671] = 2.031453e-07
Cl[672] = 2.006943e-07
Cl[673] = 1.732114e-07
Cl[674] = 1.736476e-07
Cl[675] = 1.843151e-07
Cl[676] = 1.639993e-07
Cl[677] = 1.663356e-07
Cl[678] = 1.834448e-07
Cl[679] = 1.616428e-07
Cl[680] = 1.471898e-07
Cl[681] = 1.568149e-07
Cl[682] = 1.453830e-07
Cl[683] = 1.353597e-07
Cl[684] = 1.451460e-07
Cl[685] = 1.479787e-07
Cl[686] = 1.492578e-07
Cl[687] = 1.502314e-07
Cl[688] = 1.408360e-07
Cl[689] = 1.375443e-07
Cl[690] = 1.389845e-07
Cl[691] = 1.364343e-07
Cl[692] = 1.403973e-07
Cl[693] = 1.460351e-07
Cl[694] = 1.488933e-07
Cl[695] = 1.470607e-07
Cl[696] = 1.316550e-07
Cl[697] = 1.256079e-07
Cl[698] = 1.350965e-07
Cl[699] = 1.310783e-07
Cl[700] = 1.333861e-07
Cl[701] = 1.502737e-07
Cl[702] = 1.466615e-07
Cl[703] = 1.517903e-07
Cl[704] = 1.749655e-07
Cl[705] = 1.596065e-07
Cl[706] = 1.407459e-07
Cl[707] = 1.555628e-07
Cl[708] = 1.446536e-07
Cl[709] = 1.270598e-07
Cl[710] = 1.417236e-07
Cl[711] = 1.318926e-07
Cl[712] = 1.194949e-07
Cl[713] = 1.481914e-07
Cl[714] = 1.461957e-07
Cl[715] = 1.243247e-07
Cl[716] = 1.481447e-07
Cl[717] = 1.537642e-07
Cl[718] = 1.246680e-07
Cl[719] = 1.248233e-07
Cl[720] = 1.232093e-07
Cl[721] = 1.099413e-07
Cl[722] = 1.232370e-07
Cl[723] = 1.189552e-07
Cl[724] = 1.029751e-07
Cl[725] = 1.304198e-07
Cl[726] = 1.399296e-07
Cl[727] = 1.122562e-07
Cl[728] = 1.241878e-07
Cl[729] = 1.409478e-07
Cl[730] = 1.175624e-07
Cl[731] = 1.160235e-07
Cl[732] = 1.297820e-07
Cl[733] = 1.117913e-07
Cl[734] = 1.025263e-07
Cl[735] = 1.127703e-07
Cl[736] = 1.038309e-07
Cl[737] = 9.479838e-08
Cl[738] = 1.017913e-07
Cl[739] = 9.823533e-08
Cl[740] = 9.027954e-08
Cl[741] = 9.739556e-08
Cl[742] = 1.038073e-07
Cl[743] = 9.989008e-08
Cl[744] = 1.010433e-07
Cl[745] = 1.062659e-07
Cl[746] = 1.012446e-07
Cl[747] = 9.770392e-08
Cl[748] = 1.056375e-07
Cl[749] = 1.037851e-07
Cl[750] = 9.413987e-08
Cl[751] = 9.896004e-08
Cl[752] = 1.007031e-07
Cl[753] = 9.053381e-08
Cl[754] = 9.419527e-08
Cl[755] = 1.016743e-07
Cl[756] = 9.668098e-08
Cl[757] = 9.779170e-08
Cl[758] = 9.897600e-08
Cl[759] = 8.969973e-08
Cl[760] = 9.017899e-08
Cl[761] = 9.359092e-08
Cl[762] = 8.861036e-08
Cl[763] = 9.455874e-08
Cl[764] = 1.015466e-07
Cl[765] = 9.495683e-08
Cl[766] = 9.560961e-08
Cl[767] = 9.906504e-08
Cl[768] = 9.238268e-08
Cl[769] = 9.244104e-08
Cl[770] = 9.517860e-08
Cl[771] = 9.380883e-08
Cl[772] = 1.021870e-07
Cl[773] = 1.053137e-07
Cl[774] = 9.853814e-08
Cl[775] = 1.057370e-07
Cl[776] = 1.075186e-07
Cl[777] = 9.446486e-08
Cl[778] = 1.025539e-07
Cl[779] = 1.119051e-07
Cl[780] = 9.299348e-08
Cl[781] = 8.769573e-08
Cl[782] = 9.994516e-08
Cl[783] = 9.059908e-08
Cl[784] = 8.666213e-08
Cl[785] = 1.093469e-07
Cl[786] = 1.170846e-07
Cl[787] = 1.061097e-07
Cl[788] = 1.074028e-07
Cl[789] = 1.098223e-07
Cl[790] = 9.750361e-08
Cl[791] = 8.788155e-08
Cl[792] = 9.127893e-08
Cl[793] = 9.482042e-08
Cl[794] = 9.011759e-08
Cl[795] = 8.508212e-08
Cl[796] = 8.764162e-08
Cl[797] = 9.359846e-08
Cl[798] = 9.462252e-08
Cl[799] = 9.079556e-08
Cl[800] = 9.325429e-08
Cl[801] = 1.050631e-07
Cl[802] = 1.098413e-07
Cl[803] = 1.059985e-07
Cl[804] = 1.118679e-07
Cl[805] = 1.185372e-07
Cl[806] = 1.092165e-07
Cl[807] = 1.027440e-07
Cl[808] = 1.094931e-07
Cl[809] = 1.111408e-07
Cl[810] = 1.076532e-07
Cl[811] = 1.095734e-07
Cl[812] = 1.108016e-07
Cl[813] = 1.072980e-07
Cl[814] = 1.017290e-07
Cl[815] = 9.573193e-08
Cl[816] = 9.278340e-08
Cl[817] = 9.233512e-08
Cl[818] = 9.454445e-08
Cl[819] = 1.028383e-07
Cl[820] = 1.112536e-07
Cl[821] = 1.154935e-07
Cl[822] = 1.185261e-07
Cl[823] = 1.162686e-07
Cl[824] = 1.099873e-07
Cl[825] = 1.076656e-07
Cl[826] = 1.061414e-07
Cl[827] = 1.047302e-07
Cl[828] = 1.056771e-07
Cl[829] = 1.033881e-07
Cl[830] = 1.039468e-07
Cl[831] = 1.118174e-07
Cl[832] = 1.145430e-07
Cl[833] = 1.160533e-07
Cl[834] = 1.214399e-07
Cl[835] = 1.166025e-07
Cl[836] = 1.101138e-07
Cl[837] = 1.114923e-07
Cl[838] = 1.032630e-07
Cl[839] = 9.649339e-08
Cl[840] = 1.045418e-07
Cl[841] = 1.005284e-07
Cl[842] = 9.287793e-08
Cl[843] = 1.060303e-07
Cl[844] = 1.078746e-07
Cl[845] = 9.501661e-08
Cl[846] = 1.051379e-07
Cl[847] = 1.147481e-07
Cl[848] = 1.008854e-07
Cl[849] = 9.940135e-08
Cl[850] = 1.093620e-07
Cl[851] = 1.015870e-07
Cl[852] = 9.197735e-08
Cl[853] = 9.497730e-08
Cl[854] = 9.724532e-08
Cl[855] = 9.479906e-08
Cl[856] = 9.151260e-08
Cl[857] = 9.270447e-08
Cl[858] = 9.923845e-08
Cl[859] = 9.888700e-08
Cl[860] = 9.422915e-08
Cl[861] = 9.968965e-08
Cl[862] = 1.053179e-07
Cl[863] = 9.939118e-08
Cl[864] = 9.526137e-08
Cl[865] = 1.023990e-07
Cl[866] = 1.090955e-07
Cl[867] = 1.063877e-07
Cl[868] = 1.068323e-07
Cl[869] = 1.175540e-07
Cl[870] = 1.198748e-07
Cl[871] = 1.129387e-07
Cl[872] = 1.158656e-07
Cl[873] = 1.157976e-07
Cl[874] = 1.043643e-07
Cl[875] = 1.052613e-07
Cl[876] = 1.094193e-07
Cl[877] = 9.938480e-08
Cl[878] = 9.918832e-08
Cl[879] = 1.088612e-07
Cl[880] = 1.084434e-07
Cl[881] = 1.143469e-07
Cl[882] = 1.251923e-07
Cl[883] = 1.206077e-07
Cl[884] = 1.179375e-07
Cl[885] = 1.215833e-07
Cl[886] = 1.142288e-07
Cl[887] = 1.100861e-07
Cl[888] = 1.121130e-07
Cl[889] = 1.057940e-07
Cl[890] = 1.064908e-07
Cl[891] = 1.136063e-07
Cl[892] = 1.074581e-07
Cl[893] = 1.038327e-07
Cl[894] = 1.092796e-07
Cl[895] = 1.054549e-07
Cl[896] = 1.012413e-07
Cl[897] = 1.048313e-07
Cl[898] = 1.048023e-07
Cl[899] = 1.035975e-07
Cl[900] = 1.027762e-07
Cl[901] = 9.932871e-08
Cl[902] = 9.921809e-08
Cl[903] = 9.826689e-08
Cl[904] = 9.756344e-08
Cl[905] = 1.063418e-07
Cl[906] = 1.105621e-07
Cl[907] = 1.089023e-07
Cl[908] = 1.184064e-07
Cl[909] = 1.229662e-07
Cl[910] = 1.157505e-07
Cl[911] = 1.183884e-07
Cl[912] = 1.192403e-07
Cl[913] = 1.098074e-07
Cl[914] = 1.116660e-07
Cl[915] = 1.142690e-07
Cl[916] = 1.070533e-07
Cl[917] = 1.099691e-07
Cl[918] = 1.130930e-07
Cl[919] = 1.051801e-07
Cl[920] = 1.058699e-07
Cl[921] = 1.083257e-07
Cl[922] = 1.018885e-07
Cl[923] = 1.022473e-07
Cl[924] = 1.024453e-07
Cl[925] = 9.495506e-08
Cl[926] = 9.558942e-08
Cl[927] = 9.828030e-08
Cl[928] = 9.571123e-08
Cl[929] = 9.829082e-08
Cl[930] = 9.984248e-08
Cl[931] = 9.933868e-08
Cl[932] = 1.035288e-07
Cl[933] = 1.008862e-07
Cl[934] = 9.888782e-08
Cl[935] = 1.080761e-07
Cl[936] = 1.060019e-07
Cl[937] = 9.855468e-08
Cl[938] = 1.064227e-07
Cl[939] = 1.057646e-07
Cl[940] = 9.475778e-08
Cl[941] = 9.975697e-08
Cl[942] = 1.046781e-07
Cl[943] = 1.006722e-07
Cl[944] = 1.057831e-07
Cl[945] = 1.070323e-07
Cl[946] = 9.878737e-08
Cl[947] = 9.943666e-08
Cl[948] = 1.005186e-07
Cl[949] = 9.512097e-08
Cl[950] = 9.300428e-08
Cl[951] = 8.902413e-08
Cl[952] = 8.658392e-08
Cl[953] = 9.253042e-08
Cl[954] = 9.474825e-08
Cl[955] = 9.723260e-08
Cl[956] = 1.050167e-07
Cl[957] = 1.020506e-07
Cl[958] = 9.537366e-08
Cl[959] = 9.537182e-08
Cl[960] = 8.849686e-08
Cl[961] = 8.272891e-08
Cl[962] = 8.683579e-08
Cl[963] = 8.356118e-08
Cl[964] = 7.919418e-08
Cl[965] = 8.592652e-08
Cl[966] = 8.932920e-08
Cl[967] = 8.858855e-08
Cl[968] = 9.125969e-08
Cl[969] = 9.401492e-08
Cl[970] = 9.778887e-08
Cl[971] = 9.463554e-08
Cl[972] = 8.754795e-08
Cl[973] = 9.685138e-08
Cl[974] = 1.007509e-07
Cl[975] = 8.585011e-08
Cl[976] = 9.315879e-08
Cl[977] = 1.088358e-07
Cl[978] = 9.427856e-08
Cl[979] = 9.037096e-08
Cl[980] = 1.055643e-07
Cl[981] = 9.485571e-08
Cl[982] = 8.571217e-08
Cl[983] = 9.749489e-08
Cl[984] = 8.955682e-08
Cl[985] = 7.973452e-08
Cl[986] = 9.096854e-08
Cl[987] = 8.707236e-08
Cl[988] = 7.836291e-08
Cl[989] = 8.951518e-08
Cl[990] = 8.933603e-08
Cl[991] = 7.979700e-08
Cl[992] = 8.564003e-08
Cl[993] = 8.666570e-08
Cl[994] = 8.008178e-08
Cl[995] = 8.297574e-08
Cl[996] = 8.274154e-08
Cl[997] = 7.808925e-08
Cl[998] = 7.944848e-08
Cl[999] = 7.735366e-08
Cl[1000] = 7.277010e-08
Cl[1001] = 7.319207e-08
Cl[1002] = 7.290202e-08
Cl[1003] = 7.174818e-08
Cl[1004] = 6.998574e-08
Cl[1005] = 6.817489e-08
Cl[1006] = 7.168995e-08
Cl[1007] = 7.066649e-08
Cl[1008] = 6.610373e-08
Cl[1009] = 7.515522e-08
Cl[1010] = 8.151929e-08
Cl[1011] = 7.508808e-08
Cl[1012] = 8.088623e-08
Cl[1013] = 8.814269e-08
Cl[1014] = 7.859077e-08
Cl[1015] = 7.818944e-08
Cl[1016] = 8.489005e-08
Cl[1017] = 7.690104e-08
Cl[1018] = 7.419569e-08
Cl[1019] = 7.917856e-08
Cl[1020] = 7.083217e-08
Cl[1021] = 6.487930e-08
Cl[1022] = 6.950347e-08
Cl[1023] = 6.682078e-08
Cl[1024] = 6.159555e-08
Cl[1025] = 6.230592e-08
Cl[1026] = 6.455714e-08
Cl[1027] = 6.682190e-08
Cl[1028] = 6.300523e-08
Cl[1029] = 5.962708e-08
Cl[1030] = 6.799713e-08
Cl[1031] = 6.844280e-08
Cl[1032] = 5.770486e-08
Cl[1033] = 6.126088e-08
Cl[1034] = 6.668030e-08
Cl[1035] = 5.836555e-08
Cl[1036] = 5.782750e-08
Cl[1037] = 6.335322e-08
Cl[1038] = 5.980805e-08
Cl[1039] = 5.874965e-08
Cl[1040] = 6.073681e-08
Cl[1041] = 5.892765e-08
Cl[1042] = 6.029319e-08
Cl[1043] = 5.964246e-08
Cl[1044] = 5.547260e-08
Cl[1045] = 5.749619e-08
Cl[1046] = 5.696262e-08
Cl[1047] = 5.321725e-08
Cl[1048] = 5.768596e-08
Cl[1049] = 5.913441e-08
Cl[1050] = 5.587840e-08
Cl[1051] = 6.032399e-08
Cl[1052] = 6.209555e-08
Cl[1053] = 5.962101e-08
Cl[1054] = 6.119067e-08
Cl[1055] = 5.558563e-08
Cl[1056] = 5.177035e-08
Cl[1057] = 6.114166e-08
Cl[1058] = 5.857793e-08
Cl[1059] = 5.054490e-08
Cl[1060] = 6.206190e-08
Cl[1061] = 6.471484e-08
Cl[1062] = 5.114036e-08
Cl[1063] = 5.454131e-08
Cl[1064] = 5.884558e-08
Cl[1065] = 4.774281e-08
Cl[1066] = 4.838682e-08
Cl[1067] = 5.341657e-08
Cl[1068] = 4.648995e-08
Cl[1069] = 4.831233e-08
Cl[1070] = 5.397186e-08
Cl[1071] = 4.804711e-08
Cl[1072] = 4.826780e-08
Cl[1073] = 5.283968e-08
Cl[1074] = 4.741150e-08
Cl[1075] = 4.598872e-08
Cl[1076] = 4.897107e-08
Cl[1077] = 4.487077e-08
Cl[1078] = 4.536054e-08
Cl[1079] = 5.001256e-08
Cl[1080] = 4.658282e-08
Cl[1081] = 4.588045e-08
Cl[1082] = 5.077700e-08
Cl[1083] = 4.754510e-08
Cl[1084] = 4.222868e-08
Cl[1085] = 4.399088e-08
Cl[1086] = 4.461662e-08
Cl[1087] = 4.256133e-08
Cl[1088] = 4.409452e-08
Cl[1089] = 4.612718e-08
Cl[1090] = 4.517343e-08
Cl[1091] = 4.489619e-08
Cl[1092] = 4.531607e-08
Cl[1093] = 4.264051e-08
Cl[1094] = 4.002138e-08
Cl[1095] = 4.072981e-08
Cl[1096] = 3.922175e-08
Cl[1097] = 3.527983e-08
Cl[1098] = 3.546260e-08
Cl[1099] = 3.698140e-08
Cl[1100] = 3.692073e-08
Cl[1101] = 3.896557e-08
Cl[1102] = 4.044643e-08
Cl[1103] = 4.102559e-08
Cl[1104] = 4.436649e-08
Cl[1105] = 4.341780e-08
Cl[1106] = 3.906166e-08
Cl[1107] = 4.179897e-08
Cl[1108] = 4.319458e-08
Cl[1109] = 3.838993e-08
Cl[1110] = 4.033571e-08
Cl[1111] = 4.336788e-08
Cl[1112] = 3.871767e-08
Cl[1113] = 3.858177e-08
Cl[1114] = 4.114618e-08
Cl[1115] = 3.756057e-08
Cl[1116] = 3.696542e-08
Cl[1117] = 3.737421e-08
Cl[1118] = 3.370475e-08
Cl[1119] = 3.777274e-08
Cl[1120] = 4.238454e-08
Cl[1121] = 3.650487e-08
Cl[1122] = 3.759260e-08
Cl[1123] = 4.424659e-08
Cl[1124] = 3.850682e-08
Cl[1125] = 3.493447e-08
Cl[1126] = 4.065419e-08
Cl[1127] = 3.793304e-08
Cl[1128] = 3.465336e-08
Cl[1129] = 4.083330e-08
Cl[1130] = 4.097471e-08
Cl[1131] = 3.697190e-08
Cl[1132] = 3.992889e-08
Cl[1133] = 4.021772e-08
Cl[1134] = 3.676668e-08
Cl[1135] = 3.777565e-08
Cl[1136] = 3.781203e-08
Cl[1137] = 3.662169e-08
Cl[1138] = 3.856060e-08
Cl[1139] = 3.741480e-08
Cl[1140] = 3.573311e-08
Cl[1141] = 4.008133e-08
Cl[1142] = 4.132751e-08
Cl[1143] = 3.786330e-08
Cl[1144] = 4.049886e-08
Cl[1145] = 4.472440e-08
Cl[1146] = 4.228509e-08
Cl[1147] = 4.020176e-08
Cl[1148] = 4.228377e-08
Cl[1149] = 4.288620e-08
Cl[1150] = 4.156263e-08
Cl[1151] = 4.097330e-08
Cl[1152] = 4.073134e-08
Cl[1153] = 4.079411e-08
Cl[1154] = 4.056453e-08
Cl[1155] = 3.911049e-08
Cl[1156] = 3.940390e-08
Cl[1157] = 4.236084e-08
Cl[1158] = 4.235553e-08
Cl[1159] = 3.915431e-08
Cl[1160] = 3.987381e-08
Cl[1161] = 4.236025e-08
Cl[1162] = 3.908343e-08
Cl[1163] = 3.543211e-08
Cl[1164] = 3.767604e-08
Cl[1165] = 3.818461e-08
Cl[1166] = 3.489945e-08
Cl[1167] = 3.671778e-08
Cl[1168] = 4.056180e-08
Cl[1169] = 3.822222e-08
Cl[1170] = 3.609208e-08
Cl[1171] = 3.824925e-08
Cl[1172] = 3.700601e-08
Cl[1173] = 3.410251e-08
Cl[1174] = 3.658367e-08
Cl[1175] = 3.881206e-08
Cl[1176] = 3.717865e-08
Cl[1177] = 3.813781e-08
Cl[1178] = 4.034416e-08
Cl[1179] = 3.857206e-08
Cl[1180] = 3.695688e-08
Cl[1181] = 3.834084e-08
Cl[1182] = 3.987714e-08
Cl[1183] = 4.126614e-08
Cl[1184] = 4.231512e-08
Cl[1185] = 4.286749e-08
Cl[1186] = 4.430879e-08
Cl[1187] = 4.369898e-08
Cl[1188] = 4.101917e-08
Cl[1189] = 4.277766e-08
Cl[1190] = 4.555310e-08
Cl[1191] = 4.239003e-08
Cl[1192] = 4.042902e-08
Cl[1193] = 4.372370e-08
Cl[1194] = 4.420948e-08
Cl[1195] = 4.219599e-08
Cl[1196] = 4.323515e-08
Cl[1197] = 4.383771e-08
Cl[1198] = 4.154482e-08
Cl[1199] = 3.913186e-08
Cl[1200] = 3.679217e-08
Cl[1201] = 3.502598e-08
Cl[1202] = 3.555695e-08
Cl[1203] = 3.695205e-08
Cl[1204] = 3.807801e-08
Cl[1205] = 4.057278e-08
Cl[1206] = 4.456786e-08
Cl[1207] = 4.691762e-08
Cl[1208] = 4.609083e-08
Cl[1209] = 4.499282e-08
Cl[1210] = 4.440519e-08
Cl[1211] = 4.231101e-08
Cl[1212] = 4.104040e-08
Cl[1213] = 4.159696e-08
Cl[1214] = 4.112641e-08
Cl[1215] = 4.193143e-08
Cl[1216] = 4.385316e-08
Cl[1217] = 4.242053e-08
Cl[1218] = 4.326408e-08
Cl[1219] = 4.751066e-08
Cl[1220] = 4.483200e-08
Cl[1221] = 4.146600e-08
Cl[1222] = 4.599118e-08
Cl[1223] = 4.585476e-08
Cl[1224] = 4.141461e-08
Cl[1225] = 4.483106e-08
Cl[1226] = 4.566918e-08
Cl[1227] = 4.002171e-08
Cl[1228] = 4.182515e-08
Cl[1229] = 4.504256e-08
Cl[1230] = 4.234474e-08
Cl[1231] = 4.393392e-08
Cl[1232] = 4.583561e-08
Cl[1233] = 4.204343e-08
Cl[1234] = 4.203847e-08
Cl[1235] = 4.257485e-08
Cl[1236] = 3.858953e-08
Cl[1237] = 3.953141e-08
Cl[1238] = 4.144527e-08
Cl[1239] = 3.815519e-08
Cl[1240] = 3.962774e-08
Cl[1241] = 4.299493e-08
Cl[1242] = 4.056990e-08
Cl[1243] = 4.162116e-08
Cl[1244] = 4.555578e-08
Cl[1245] = 4.422703e-08
Cl[1246] = 4.442664e-08
Cl[1247] = 4.696194e-08
Cl[1248] = 4.468808e-08
Cl[1249] = 4.221619e-08
Cl[1250] = 4.213203e-08
Cl[1251] = 4.074341e-08
Cl[1252] = 4.032161e-08
Cl[1253] = 4.185758e-08
Cl[1254] = 4.435972e-08
Cl[1255] = 4.792805e-08
Cl[1256] = 4.885964e-08
Cl[1257] = 4.852151e-08
Cl[1258] = 5.035355e-08
Cl[1259] = 4.871758e-08
Cl[1260] = 4.511871e-08
Cl[1261] = 4.637053e-08
Cl[1262] = 4.618873e-08
Cl[1263] = 4.351566e-08
Cl[1264] = 4.572834e-08
Cl[1265] = 4.642441e-08
Cl[1266] = 4.255374e-08
Cl[1267] = 4.326496e-08
Cl[1268] = 4.501570e-08
Cl[1269] = 4.188569e-08
Cl[1270] = 4.107654e-08
Cl[1271] = 4.364118e-08
Cl[1272] = 4.348181e-08
Cl[1273] = 4.125118e-08
Cl[1274] = 4.026787e-08
Cl[1275] = 4.122743e-08
Cl[1276] = 4.075733e-08
Cl[1277] = 3.794473e-08
Cl[1278] = 3.989350e-08
Cl[1279] = 4.479988e-08
Cl[1280] = 4.425445e-08
Cl[1281] = 4.490021e-08
Cl[1282] = 4.955711e-08
Cl[1283] = 4.783733e-08
Cl[1284] = 4.494271e-08
Cl[1285] = 4.835246e-08
Cl[1286] = 4.814225e-08
Cl[1287] = 4.494438e-08
Cl[1288] = 4.681970e-08
Cl[1289] = 4.697569e-08
Cl[1290] = 4.431159e-08
Cl[1291] = 4.573669e-08
Cl[1292] = 4.698692e-08
Cl[1293] = 4.581774e-08
Cl[1294] = 4.618017e-08
Cl[1295] = 4.614552e-08
Cl[1296] = 4.496707e-08
Cl[1297] = 4.375123e-08
Cl[1298] = 4.201952e-08
Cl[1299] = 4.250796e-08
Cl[1300] = 4.351837e-08
Cl[1301] = 4.233273e-08
Cl[1302] = 4.418654e-08
Cl[1303] = 4.610605e-08
Cl[1304] = 4.259384e-08
Cl[1305] = 4.242168e-08
Cl[1306] = 4.535705e-08
Cl[1307] = 4.236068e-08
Cl[1308] = 4.087940e-08
Cl[1309] = 4.411801e-08
Cl[1310] = 4.316755e-08
Cl[1311] = 4.163663e-08
Cl[1312] = 4.292858e-08
Cl[1313] = 4.267761e-08
Cl[1314] = 4.421288e-08
Cl[1315] = 4.554692e-08
Cl[1316] = 4.289947e-08
Cl[1317] = 4.551423e-08
Cl[1318] = 5.014765e-08
Cl[1319] = 4.717245e-08
Cl[1320] = 4.736585e-08
Cl[1321] = 5.137712e-08
Cl[1322] = 4.671827e-08
Cl[1323] = 4.228953e-08
Cl[1324] = 4.363215e-08
Cl[1325] = 4.068839e-08
Cl[1326] = 3.870052e-08
Cl[1327] = 4.102829e-08
Cl[1328] = 3.886537e-08
Cl[1329] = 3.831155e-08
Cl[1330] = 4.231579e-08
Cl[1331] = 4.089293e-08
Cl[1332] = 3.983621e-08
Cl[1333] = 4.380844e-08
Cl[1334] = 4.271382e-08
Cl[1335] = 4.010912e-08
Cl[1336] = 4.224464e-08
Cl[1337] = 4.176830e-08
Cl[1338] = 3.975324e-08
Cl[1339] = 4.059098e-08
Cl[1340] = 4.010657e-08
Cl[1341] = 4.008731e-08
Cl[1342] = 4.167099e-08
Cl[1343] = 4.018403e-08
Cl[1344] = 3.949644e-08
Cl[1345] = 4.110629e-08
Cl[1346] = 3.912430e-08
Cl[1347] = 3.742810e-08
Cl[1348] = 3.921500e-08
Cl[1349] = 3.819484e-08
Cl[1350] = 3.598017e-08
Cl[1351] = 3.752087e-08
Cl[1352] = 3.856176e-08
Cl[1353] = 3.682101e-08
Cl[1354] = 3.636400e-08
Cl[1355] = 3.781434e-08
Cl[1356] = 3.734029e-08
Cl[1357] = 3.544631e-08
Cl[1358] = 3.758104e-08
Cl[1359] = 4.037526e-08
Cl[1360] = 3.672337e-08
Cl[1361] = 3.478049e-08
Cl[1362] = 3.942538e-08
Cl[1363] = 3.869540e-08
Cl[1364] = 3.439014e-08
Cl[1365] = 3.752096e-08
Cl[1366] = 3.970083e-08
Cl[1367] = 3.607180e-08
Cl[1368] = 3.581793e-08
Cl[1369] = 3.653126e-08
Cl[1370] = 3.454157e-08
Cl[1371] = 3.477602e-08
Cl[1372] = 3.464725e-08
Cl[1373] = 3.420032e-08
Cl[1374] = 3.800115e-08
Cl[1375] = 3.868885e-08
Cl[1376] = 3.517610e-08
Cl[1377] = 3.655834e-08
Cl[1378] = 3.762878e-08
Cl[1379] = 3.422429e-08
Cl[1380] = 3.464626e-08
Cl[1381] = 3.653584e-08
Cl[1382] = 3.504835e-08
Cl[1383] = 3.548310e-08
Cl[1384] = 3.627477e-08
Cl[1385] = 3.418613e-08
Cl[1386] = 3.396966e-08
Cl[1387] = 3.455802e-08
Cl[1388] = 3.287056e-08
Cl[1389] = 3.207669e-08
Cl[1390] = 3.235105e-08
Cl[1391] = 3.221747e-08
Cl[1392] = 3.169810e-08
Cl[1393] = 2.995408e-08
Cl[1394] = 2.986364e-08
Cl[1395] = 3.182003e-08
Cl[1396] = 3.140212e-08
Cl[1397] = 3.224679e-08
Cl[1398] = 3.600554e-08
Cl[1399] = 3.519642e-08
Cl[1400] = 3.314888e-08
Cl[1401] = 3.520876e-08
Cl[1402] = 3.353363e-08
Cl[1403] = 2.914641e-08
Cl[1404] = 3.012760e-08
Cl[1405] = 3.066380e-08
Cl[1406] = 2.749908e-08
Cl[1407] = 2.683460e-08
Cl[1408] = 2.763491e-08
Cl[1409] = 2.780703e-08
Cl[1410] = 2.837581e-08
Cl[1411] = 2.743573e-08
Cl[1412] = 2.780074e-08
Cl[1413] = 3.099515e-08
Cl[1414] = 3.048589e-08
Cl[1415] = 2.896121e-08
Cl[1416] = 3.238180e-08
Cl[1417] = 3.350552e-08
Cl[1418] = 3.015506e-08
Cl[1419] = 2.934645e-08
Cl[1420] = 2.858775e-08
Cl[1421] = 2.544089e-08
Cl[1422] = 2.513509e-08
Cl[1423] = 2.614173e-08
Cl[1424] = 2.501225e-08
Cl[1425] = 2.504834e-08
Cl[1426] = 2.623474e-08
Cl[1427] = 2.581284e-08
Cl[1428] = 2.572338e-08
Cl[1429] = 2.684930e-08
Cl[1430] = 2.689334e-08
Cl[1431] = 2.627254e-08
Cl[1432] = 2.689989e-08
Cl[1433] = 2.767863e-08
Cl[1434] = 2.697883e-08
Cl[1435] = 2.630601e-08
Cl[1436] = 2.643577e-08
Cl[1437] = 2.555875e-08
Cl[1438] = 2.461099e-08
Cl[1439] = 2.483764e-08
Cl[1440] = 2.381713e-08
Cl[1441] = 2.231359e-08
Cl[1442] = 2.289512e-08
Cl[1443] = 2.335209e-08
Cl[1444] = 2.345843e-08
Cl[1445] = 2.497729e-08
Cl[1446] = 2.527816e-08
Cl[1447] = 2.467439e-08
Cl[1448] = 2.543806e-08
Cl[1449] = 2.460731e-08
Cl[1450] = 2.325378e-08
Cl[1451] = 2.436998e-08
Cl[1452] = 2.356072e-08
Cl[1453] = 2.181962e-08
Cl[1454] = 2.380182e-08
Cl[1455] = 2.373835e-08
Cl[1456] = 2.119031e-08
Cl[1457] = 2.347803e-08
Cl[1458] = 2.521783e-08
Cl[1459] = 2.233183e-08
Cl[1460] = 2.268027e-08
Cl[1461] = 2.428262e-08
Cl[1462] = 2.183803e-08
Cl[1463] = 2.105564e-08
Cl[1464] = 2.177305e-08
Cl[1465] = 2.036371e-08
Cl[1466] = 2.175224e-08
Cl[1467] = 2.418023e-08
Cl[1468] = 2.260998e-08
Cl[1469] = 2.314856e-08
Cl[1470] = 2.616325e-08
Cl[1471] = 2.441123e-08
Cl[1472] = 2.198341e-08
Cl[1473] = 2.304521e-08
Cl[1474] = 2.240108e-08
Cl[1475] = 2.091683e-08
Cl[1476] = 2.210347e-08
Cl[1477] = 2.228036e-08
Cl[1478] = 2.086390e-08
Cl[1479] = 2.081693e-08
Cl[1480] = 2.032642e-08
Cl[1481] = 1.880922e-08
Cl[1482] = 1.863528e-08
Cl[1483] = 1.895258e-08
Cl[1484] = 1.951666e-08
Cl[1485] = 2.174233e-08
Cl[1486] = 2.308486e-08
Cl[1487] = 2.249332e-08
Cl[1488] = 2.350545e-08
Cl[1489] = 2.448548e-08
Cl[1490] = 2.188895e-08
Cl[1491] = 2.048622e-08
Cl[1492] = 2.257115e-08
Cl[1493] = 2.206616e-08
Cl[1494] = 1.978309e-08
Cl[1495] = 2.089936e-08
Cl[1496] = 2.173321e-08
Cl[1497] = 2.051099e-08
Cl[1498] = 2.167264e-08
Cl[1499] = 2.272896e-08
Cl[1500] = 2.123993e-08
Cl[1501] = 2.179875e-08
Cl[1502] = 2.266613e-08
Cl[1503] = 2.020400e-08
Cl[1504] = 1.949953e-08
Cl[1505] = 2.106781e-08
Cl[1506] = 1.988221e-08
Cl[1507] = 1.897714e-08
Cl[1508] = 2.090792e-08
Cl[1509] = 2.135260e-08
Cl[1510] = 2.048527e-08
Cl[1511] = 2.104721e-08
Cl[1512] = 2.129132e-08
Cl[1513] = 2.049447e-08
Cl[1514] = 2.002493e-08
Cl[1515] = 1.998037e-08
Cl[1516] = 2.033307e-08
Cl[1517] = 2.027118e-08
Cl[1518] = 1.923663e-08
Cl[1519] = 1.909947e-08
Cl[1520] = 1.996629e-08
Cl[1521] = 1.965641e-08
Cl[1522] = 1.879952e-08
Cl[1523] = 1.915697e-08
Cl[1524] = 1.979973e-08
Cl[1525] = 1.939378e-08
Cl[1526] = 1.876672e-08
Cl[1527] = 1.894653e-08
Cl[1528] = 1.897551e-08
Cl[1529] = 1.863698e-08
Cl[1530] = 1.956019e-08
Cl[1531] = 2.068544e-08
Cl[1532] = 2.049363e-08
Cl[1533] = 2.140774e-08
Cl[1534] = 2.300865e-08
Cl[1535] = 2.182357e-08
Cl[1536] = 2.024782e-08
Cl[1537] = 2.077255e-08
Cl[1538] = 2.032886e-08
Cl[1539] = 1.906322e-08
Cl[1540] = 1.931510e-08
Cl[1541] = 1.972153e-08
Cl[1542] = 2.027244e-08
Cl[1543] = 2.126311e-08
Cl[1544] = 2.070178e-08
Cl[1545] = 2.056655e-08
Cl[1546] = 2.253856e-08
Cl[1547] = 2.277877e-08
Cl[1548] = 2.149557e-08
Cl[1549] = 2.215853e-08
Cl[1550] = 2.262455e-08
Cl[1551] = 2.157918e-08
Cl[1552] = 2.182602e-08
Cl[1553] = 2.256890e-08
Cl[1554] = 2.161108e-08
Cl[1555] = 2.064528e-08
Cl[1556] = 2.115272e-08
Cl[1557] = 2.161370e-08
Cl[1558] = 2.096060e-08
Cl[1559] = 2.081093e-08
Cl[1560] = 2.197870e-08
Cl[1561] = 2.243455e-08
Cl[1562] = 2.225741e-08
Cl[1563] = 2.327772e-08
Cl[1564] = 2.395838e-08
Cl[1565] = 2.359840e-08
Cl[1566] = 2.382067e-08
Cl[1567] = 2.341052e-08
Cl[1568] = 2.263997e-08
Cl[1569] = 2.376499e-08
Cl[1570] = 2.421039e-08
Cl[1571] = 2.328799e-08
Cl[1572] = 2.428800e-08
Cl[1573] = 2.479007e-08
Cl[1574] = 2.337198e-08
Cl[1575] = 2.391919e-08
Cl[1576] = 2.435476e-08
Cl[1577] = 2.271578e-08
Cl[1578] = 2.343994e-08
Cl[1579] = 2.467927e-08
Cl[1580] = 2.307164e-08
Cl[1581] = 2.314814e-08
Cl[1582] = 2.488831e-08
Cl[1583] = 2.447809e-08
Cl[1584] = 2.433280e-08
Cl[1585] = 2.478087e-08
Cl[1586] = 2.383884e-08
Cl[1587] = 2.368800e-08
Cl[1588] = 2.355996e-08
Cl[1589] = 2.218257e-08
Cl[1590] = 2.266155e-08
Cl[1591] = 2.327757e-08
Cl[1592] = 2.184228e-08
Cl[1593] = 2.235988e-08
Cl[1594] = 2.372987e-08
Cl[1595] = 2.257347e-08
Cl[1596] = 2.216914e-08
Cl[1597] = 2.250138e-08
Cl[1598] = 2.111636e-08
Cl[1599] = 2.126257e-08
Cl[1600] = 2.279703e-08
Cl[1601] = 2.252455e-08
Cl[1602] = 2.278364e-08
Cl[1603] = 2.403509e-08
Cl[1604] = 2.382878e-08
Cl[1605] = 2.391442e-08
Cl[1606] = 2.468571e-08
Cl[1607] = 2.419383e-08
Cl[1608] = 2.372257e-08
Cl[1609] = 2.378892e-08
Cl[1610] = 2.336228e-08
Cl[1611] = 2.300194e-08
Cl[1612] = 2.229444e-08
Cl[1613] = 2.129970e-08
Cl[1614] = 2.134848e-08
Cl[1615] = 2.125541e-08
Cl[1616] = 2.089397e-08
Cl[1617] = 2.213973e-08
Cl[1618] = 2.349953e-08
Cl[1619] = 2.378150e-08
Cl[1620] = 2.440821e-08
Cl[1621] = 2.463161e-08
Cl[1622] = 2.407595e-08
Cl[1623] = 2.419420e-08
Cl[1624] = 2.406973e-08
Cl[1625] = 2.306480e-08
Cl[1626] = 2.276341e-08
Cl[1627] = 2.339144e-08
Cl[1628] = 2.388264e-08
Cl[1629] = 2.351671e-08
Cl[1630] = 2.332143e-08
Cl[1631] = 2.458210e-08
Cl[1632] = 2.441976e-08
Cl[1633] = 2.212201e-08
Cl[1634] = 2.280200e-08
Cl[1635] = 2.453617e-08
Cl[1636] = 2.217744e-08
Cl[1637] = 2.131042e-08
Cl[1638] = 2.408050e-08
Cl[1639] = 2.304899e-08
Cl[1640] = 2.055387e-08
Cl[1641] = 2.259589e-08
Cl[1642] = 2.407588e-08
Cl[1643] = 2.278640e-08
Cl[1644] = 2.331529e-08
Cl[1645] = 2.445186e-08
Cl[1646] = 2.381060e-08
Cl[1647] = 2.313799e-08
Cl[1648] = 2.305499e-08
Cl[1649] = 2.334602e-08
Cl[1650] = 2.357795e-08
Cl[1651] = 2.310219e-08
Cl[1652] = 2.324690e-08
Cl[1653] = 2.395518e-08
Cl[1654] = 2.390685e-08
Cl[1655] = 2.417625e-08
Cl[1656] = 2.445614e-08
Cl[1657] = 2.409214e-08
Cl[1658] = 2.468091e-08
Cl[1659] = 2.440803e-08
Cl[1660] = 2.259049e-08
Cl[1661] = 2.341465e-08
Cl[1662] = 2.464787e-08
Cl[1663] = 2.289290e-08
Cl[1664] = 2.349344e-08
Cl[1665] = 2.616000e-08
Cl[1666] = 2.515649e-08
Cl[1667] = 2.445763e-08
Cl[1668] = 2.638350e-08
Cl[1669] = 2.553621e-08
Cl[1670] = 2.370173e-08
Cl[1671] = 2.435437e-08
Cl[1672] = 2.395157e-08
Cl[1673] = 2.263810e-08
Cl[1674] = 2.341331e-08
Cl[1675] = 2.445228e-08
Cl[1676] = 2.429909e-08
Cl[1677] = 2.386126e-08
Cl[1678] = 2.389444e-08
Cl[1679] = 2.452326e-08
Cl[1680] = 2.390778e-08
Cl[1681] = 2.252314e-08
Cl[1682] = 2.325317e-08
Cl[1683] = 2.359112e-08
Cl[1684] = 2.174999e-08
Cl[1685] = 2.190675e-08
Cl[1686] = 2.314931e-08
Cl[1687] = 2.213994e-08
Cl[1688] = 2.217003e-08
Cl[1689] = 2.376000e-08
Cl[1690] = 2.337350e-08
Cl[1691] = 2.273827e-08
Cl[1692] = 2.338564e-08
Cl[1693] = 2.321936e-08
Cl[1694] = 2.243211e-08
Cl[1695] = 2.178180e-08
Cl[1696] = 2.132939e-08
Cl[1697] = 2.180653e-08
Cl[1698] = 2.207690e-08
Cl[1699] = 2.169833e-08
Cl[1700] = 2.206254e-08
Cl[1701] = 2.196958e-08
Cl[1702] = 2.094297e-08
Cl[1703] = 2.069674e-08
Cl[1704] = 2.042303e-08
Cl[1705] = 2.006927e-08
Cl[1706] = 2.077495e-08
Cl[1707] = 2.061671e-08
Cl[1708] = 1.990379e-08
Cl[1709] = 2.091603e-08
Cl[1710] = 2.180646e-08
Cl[1711] = 2.199517e-08
Cl[1712] = 2.260130e-08
Cl[1713] = 2.189217e-08
Cl[1714] = 2.148337e-08
Cl[1715] = 2.329656e-08
Cl[1716] = 2.323297e-08
Cl[1717] = 2.196992e-08
Cl[1718] = 2.328580e-08
Cl[1719] = 2.314226e-08
Cl[1720] = 2.099998e-08
Cl[1721] = 2.210068e-08
Cl[1722] = 2.353320e-08
Cl[1723] = 2.227755e-08
Cl[1724] = 2.231068e-08
Cl[1725] = 2.323896e-08
Cl[1726] = 2.305871e-08
Cl[1727] = 2.347547e-08
Cl[1728] = 2.319340e-08
Cl[1729] = 2.204107e-08
Cl[1730] = 2.284964e-08
Cl[1731] = 2.313417e-08
Cl[1732] = 2.145381e-08
Cl[1733] = 2.155209e-08
Cl[1734] = 2.241704e-08
Cl[1735] = 2.181787e-08
Cl[1736] = 2.193804e-08
Cl[1737] = 2.208860e-08
Cl[1738] = 2.105794e-08
Cl[1739] = 2.129187e-08
Cl[1740] = 2.186849e-08
Cl[1741] = 2.075987e-08
Cl[1742] = 2.026258e-08
Cl[1743] = 2.077297e-08
Cl[1744] = 2.024327e-08
Cl[1745] = 1.947567e-08
Cl[1746] = 1.938780e-08
Cl[1747] = 1.905575e-08
Cl[1748] = 1.836523e-08
Cl[1749] = 1.808043e-08
Cl[1750] = 1.842885e-08
Cl[1751] = 1.859685e-08
Cl[1752] = 1.845843e-08
Cl[1753] = 1.930097e-08
Cl[1754] = 2.032387e-08
Cl[1755] = 2.000877e-08
Cl[1756] = 1.998208e-08
Cl[1757] = 2.043363e-08
Cl[1758] = 1.948114e-08
Cl[1759] = 1.892888e-08
Cl[1760] = 1.989157e-08
Cl[1761] = 1.975408e-08
Cl[1762] = 1.906193e-08
Cl[1763] = 1.949990e-08
Cl[1764] = 1.923878e-08
Cl[1765] = 1.844802e-08
Cl[1766] = 1.888086e-08
Cl[1767] = 1.903616e-08
Cl[1768] = 1.846667e-08
Cl[1769] = 1.901207e-08
Cl[1770] = 2.010637e-08
Cl[1771] = 2.039726e-08
Cl[1772] = 2.020031e-08
Cl[1773] = 1.990790e-08
Cl[1774] = 1.958568e-08
Cl[1775] = 1.889757e-08
Cl[1776] = 1.766958e-08
Cl[1777] = 1.693098e-08
Cl[1778] = 1.686910e-08
Cl[1779] = 1.654873e-08
Cl[1780] = 1.641124e-08
Cl[1781] = 1.688548e-08
Cl[1782] = 1.711002e-08
Cl[1783] = 1.703802e-08
Cl[1784] = 1.703106e-08
Cl[1785] = 1.673207e-08
Cl[1786] = 1.635916e-08
Cl[1787] = 1.637190e-08
Cl[1788] = 1.635085e-08
Cl[1789] = 1.608475e-08
Cl[1790] = 1.618500e-08
Cl[1791] = 1.668575e-08
Cl[1792] = 1.672158e-08
Cl[1793] = 1.658307e-08
Cl[1794] = 1.720289e-08
Cl[1795] = 1.723391e-08
Cl[1796] = 1.593242e-08
Cl[1797] = 1.579648e-08
Cl[1798] = 1.664580e-08
Cl[1799] = 1.586804e-08
Cl[1800] = 1.548409e-08
Cl[1801] = 1.697005e-08
Cl[1802] = 1.686066e-08
Cl[1803] = 1.569472e-08
Cl[1804] = 1.655884e-08
Cl[1805] = 1.688891e-08
Cl[1806] = 1.573019e-08
Cl[1807] = 1.637577e-08
Cl[1808] = 1.719216e-08
Cl[1809] = 1.619258e-08
Cl[1810] = 1.667179e-08
Cl[1811] = 1.795900e-08
Cl[1812] = 1.676217e-08
Cl[1813] = 1.609279e-08
Cl[1814] = 1.745859e-08
Cl[1815] = 1.674930e-08
Cl[1816] = 1.489124e-08
Cl[1817] = 1.548069e-08
Cl[1818] = 1.582224e-08
Cl[1819] = 1.433617e-08
Cl[1820] = 1.446755e-08
Cl[1821] = 1.562168e-08
Cl[1822] = 1.509301e-08
Cl[1823] = 1.486239e-08
Cl[1824] = 1.577751e-08
Cl[1825] = 1.572125e-08
Cl[1826] = 1.540279e-08
Cl[1827] = 1.539666e-08
Cl[1828] = 1.451254e-08
Cl[1829] = 1.439374e-08
Cl[1830] = 1.554831e-08
Cl[1831] = 1.558194e-08
Cl[1832] = 1.576166e-08
Cl[1833] = 1.707912e-08
Cl[1834] = 1.660367e-08
Cl[1835] = 1.556474e-08
Cl[1836] = 1.627484e-08
Cl[1837] = 1.555582e-08
Cl[1838] = 1.363304e-08
Cl[1839] = 1.411985e-08
Cl[1840] = 1.474406e-08
Cl[1841] = 1.385471e-08
Cl[1842] = 1.409594e-08
Cl[1843] = 1.464766e-08
Cl[1844] = 1.439872e-08
Cl[1845] = 1.485582e-08
Cl[1846] = 1.478547e-08
Cl[1847] = 1.399314e-08
Cl[1848] = 1.459480e-08
Cl[1849] = 1.461314e-08
Cl[1850] = 1.315012e-08
Cl[1851] = 1.326454e-08
Cl[1852] = 1.386834e-08
Cl[1853] = 1.304520e-08
Cl[1854] = 1.306380e-08
Cl[1855] = 1.373616e-08
Cl[1856] = 1.347481e-08
Cl[1857] = 1.376804e-08
Cl[1858] = 1.431494e-08
Cl[1859] = 1.370382e-08
Cl[1860] = 1.334318e-08
Cl[1861] = 1.351836e-08
Cl[1862] = 1.316611e-08
Cl[1863] = 1.294446e-08
Cl[1864] = 1.299686e-08
Cl[1865] = 1.285165e-08
Cl[1866] = 1.292977e-08
Cl[1867] = 1.309662e-08
Cl[1868] = 1.329692e-08
Cl[1869] = 1.383845e-08
Cl[1870] = 1.413413e-08
Cl[1871] = 1.435400e-08
Cl[1872] = 1.505171e-08
Cl[1873] = 1.530253e-08
Cl[1874] = 1.484560e-08
Cl[1875] = 1.432022e-08
Cl[1876] = 1.361974e-08
Cl[1877] = 1.318179e-08
Cl[1878] = 1.339081e-08
Cl[1879] = 1.355328e-08
Cl[1880] = 1.373692e-08
Cl[1881] = 1.424236e-08
Cl[1882] = 1.473752e-08
Cl[1883] = 1.507520e-08
Cl[1884] = 1.466031e-08
Cl[1885] = 1.394809e-08
Cl[1886] = 1.453692e-08
Cl[1887] = 1.500511e-08
Cl[1888] = 1.403423e-08
Cl[1889] = 1.410834e-08
Cl[1890] = 1.498223e-08
Cl[1891] = 1.406883e-08
Cl[1892] = 1.309602e-08
Cl[1893] = 1.350232e-08
Cl[1894] = 1.361132e-08
Cl[1895] = 1.354335e-08
Cl[1896] = 1.364065e-08
Cl[1897] = 1.342326e-08
Cl[1898] = 1.376199e-08
Cl[1899] = 1.379377e-08
Cl[1900] = 1.260829e-08
Cl[1901] = 1.254192e-08
Cl[1902] = 1.340345e-08
Cl[1903] = 1.324082e-08
Cl[1904] = 1.368512e-08
Cl[1905] = 1.480590e-08
Cl[1906] = 1.478383e-08
Cl[1907] = 1.516287e-08
Cl[1908] = 1.607944e-08
Cl[1909] = 1.545616e-08
Cl[1910] = 1.453337e-08
Cl[1911] = 1.429436e-08
Cl[1912] = 1.368617e-08
Cl[1913] = 1.328715e-08
Cl[1914] = 1.325371e-08
Cl[1915] = 1.316759e-08
Cl[1916] = 1.362335e-08
Cl[1917] = 1.382849e-08
Cl[1918] = 1.387834e-08
Cl[1919] = 1.500063e-08
Cl[1920] = 1.521888e-08
Cl[1921] = 1.448396e-08
Cl[1922] = 1.552861e-08
Cl[1923] = 1.593083e-08
Cl[1924] = 1.433884e-08
Cl[1925] = 1.470683e-08
Cl[1926] = 1.576630e-08
Cl[1927] = 1.468979e-08
Cl[1928] = 1.467569e-08
Cl[1929] = 1.591146e-08
Cl[1930] = 1.581235e-08
Cl[1931] = 1.598511e-08
Cl[1932] = 1.627336e-08
Cl[1933] = 1.530227e-08
Cl[1934] = 1.515392e-08
Cl[1935] = 1.522468e-08
Cl[1936] = 1.417062e-08
Cl[1937] = 1.442798e-08
Cl[1938] = 1.499159e-08
Cl[1939] = 1.390212e-08
Cl[1940] = 1.400069e-08
Cl[1941] = 1.477947e-08
Cl[1942] = 1.368207e-08
Cl[1943] = 1.353708e-08
Cl[1944] = 1.493142e-08
Cl[1945] = 1.469411e-08
Cl[1946] = 1.403473e-08
Cl[1947] = 1.461730e-08
Cl[1948] = 1.489494e-08
Cl[1949] = 1.469184e-08
Cl[1950] = 1.463310e-08
Cl[1951] = 1.474931e-08
Cl[1952] = 1.514210e-08
Cl[1953] = 1.483775e-08
Cl[1954] = 1.407571e-08
Cl[1955] = 1.444247e-08
Cl[1956] = 1.477154e-08
Cl[1957] = 1.402599e-08
Cl[1958] = 1.373930e-08
Cl[1959] = 1.393135e-08
Cl[1960] = 1.385407e-08
Cl[1961] = 1.396583e-08
Cl[1962] = 1.412182e-08
Cl[1963] = 1.440514e-08
Cl[1964] = 1.482557e-08
Cl[1965] = 1.455740e-08
Cl[1966] = 1.466726e-08
Cl[1967] = 1.568017e-08
Cl[1968] = 1.556493e-08
Cl[1969] = 1.491067e-08
Cl[1970] = 1.527193e-08
Cl[1971] = 1.523103e-08
Cl[1972] = 1.476025e-08
Cl[1973] = 1.475662e-08
Cl[1974] = 1.445194e-08
Cl[1975] = 1.476041e-08
Cl[1976] = 1.569060e-08
Cl[1977] = 1.518399e-08
Cl[1978] = 1.497266e-08
Cl[1979] = 1.600542e-08
Cl[1980] = 1.536457e-08
Cl[1981] = 1.456855e-08
Cl[1982] = 1.561374e-08
Cl[1983] = 1.537610e-08
Cl[1984] = 1.461966e-08
Cl[1985] = 1.582186e-08
Cl[1986] = 1.583693e-08
Cl[1987] = 1.458255e-08
Cl[1988] = 1.522075e-08
Cl[1989] = 1.551851e-08
Cl[1990] = 1.433778e-08
Cl[1991] = 1.443688e-08
Cl[1992] = 1.491989e-08
Cl[1993] = 1.439631e-08
Cl[1994] = 1.431997e-08
Cl[1995] = 1.448040e-08
Cl[1996] = 1.417361e-08
Cl[1997] = 1.394580e-08
Cl[1998] = 1.386237e-08
Cl[1999] = 1.419877e-08
Cl[2000] = 1.449469e-08
Cl[2001] = 1.404247e-08
Cl[2002] = 1.436512e-08
Cl[2003] = 1.525869e-08
Cl[2004] = 1.470099e-08
Cl[2005] = 1.417440e-08
Cl[2006] = 1.456141e-08
Cl[2007] = 1.421428e-08
Cl[2008] = 1.445749e-08
Cl[2009] = 1.572838e-08
Cl[2010] = 1.554482e-08
Cl[2011] = 1.520886e-08
Cl[2012] = 1.617882e-08
Cl[2013] = 1.613363e-08
Cl[2014] = 1.542533e-08
Cl[2015] = 1.552140e-08
Cl[2016] = 1.515858e-08
Cl[2017] = 1.475886e-08
Cl[2018] = 1.488114e-08
Cl[2019] = 1.424306e-08
Cl[2020] = 1.415688e-08
Cl[2021] = 1.516865e-08
Cl[2022] = 1.486396e-08
Cl[2023] = 1.434892e-08
Cl[2024] = 1.528960e-08
Cl[2025] = 1.532195e-08
Cl[2026] = 1.451721e-08
Cl[2027] = 1.507003e-08
Cl[2028] = 1.557670e-08
Cl[2029] = 1.503411e-08
Cl[2030] = 1.506967e-08
Cl[2031] = 1.568402e-08
Cl[2032] = 1.574698e-08
Cl[2033] = 1.542976e-08
Cl[2034] = 1.539940e-08
Cl[2035] = 1.550939e-08
Cl[2036] = 1.500778e-08
Cl[2037] = 1.445909e-08
Cl[2038] = 1.480180e-08
Cl[2039] = 1.477670e-08
Cl[2040] = 1.405368e-08
Cl[2041] = 1.439822e-08
Cl[2042] = 1.505015e-08
Cl[2043] = 1.462416e-08
Cl[2044] = 1.451851e-08
Cl[2045] = 1.488526e-08
Cl[2046] = 1.451613e-08
Cl[2047] = 1.413177e-08
Cl[2048] = 1.410448e-08
Cl[2049] = 1.402508e-08
Cl[2050] = 1.438716e-08
Cl[2051] = 1.481322e-08
Cl[2052] = 1.478011e-08
Cl[2053] = 1.494383e-08
Cl[2054] = 1.514878e-08
Cl[2055] = 1.511204e-08
Cl[2056] = 1.499692e-08
Cl[2057] = 1.428984e-08
Cl[2058] = 1.386864e-08
Cl[2059] = 1.457144e-08
Cl[2060] = 1.443417e-08
Cl[2061] = 1.359498e-08
Cl[2062] = 1.423939e-08
Cl[2063] = 1.478577e-08
Cl[2064] = 1.410494e-08
Cl[2065] = 1.421622e-08
Cl[2066] = 1.442090e-08
Cl[2067] = 1.348155e-08
Cl[2068] = 1.308051e-08
Cl[2069] = 1.328023e-08
Cl[2070] = 1.324397e-08
Cl[2071] = 1.356290e-08
Cl[2072] = 1.359592e-08
Cl[2073] = 1.350972e-08
Cl[2074] = 1.452898e-08
Cl[2075] = 1.484805e-08
Cl[2076] = 1.405244e-08
Cl[2077] = 1.456881e-08
Cl[2078] = 1.486891e-08
Cl[2079] = 1.352162e-08
Cl[2080] = 1.343438e-08
Cl[2081] = 1.411524e-08
Cl[2082] = 1.337336e-08
Cl[2083] = 1.349164e-08
Cl[2084] = 1.446559e-08
Cl[2085] = 1.376084e-08
Cl[2086] = 1.362542e-08
Cl[2087] = 1.515640e-08
Cl[2088] = 1.505158e-08
Cl[2089] = 1.403102e-08
Cl[2090] = 1.455908e-08
Cl[2091] = 1.463649e-08
Cl[2092] = 1.359146e-08
Cl[2093] = 1.365888e-08
Cl[2094] = 1.418970e-08
Cl[2095] = 1.386589e-08
Cl[2096] = 1.385440e-08
Cl[2097] = 1.430678e-08
Cl[2098] = 1.429915e-08
Cl[2099] = 1.432878e-08
Cl[2100] = 1.442502e-08
Cl[2101] = 1.373422e-08
Cl[2102] = 1.294412e-08
Cl[2103] = 1.286200e-08
Cl[2104] = 1.264378e-08
Cl[2105] = 1.220159e-08
Cl[2106] = 1.246220e-08
Cl[2107] = 1.285054e-08
Cl[2108] = 1.275889e-08
Cl[2109] = 1.318133e-08
Cl[2110] = 1.397866e-08
Cl[2111] = 1.393299e-08
Cl[2112] = 1.364641e-08
Cl[2113] = 1.375812e-08
Cl[2114] = 1.334470e-08
Cl[2115] = 1.266343e-08
Cl[2116] = 1.264640e-08
Cl[2117] = 1.256313e-08
Cl[2118] = 1.220295e-08
Cl[2119] = 1.250851e-08
Cl[2120] = 1.293167e-08
Cl[2121] = 1.269035e-08
Cl[2122] = 1.252855e-08
Cl[2123] = 1.259073e-08
Cl[2124] = 1.226807e-08
Cl[2125] = 1.186643e-08
Cl[2126] = 1.166803e-08
Cl[2127] = 1.156134e-08
Cl[2128] = 1.174963e-08
Cl[2129] = 1.194209e-08
Cl[2130] = 1.186714e-08
Cl[2131] = 1.208398e-08
Cl[2132] = 1.222905e-08
Cl[2133] = 1.165165e-08
Cl[2134] = 1.150367e-08
Cl[2135] = 1.212129e-08
Cl[2136] = 1.194304e-08
Cl[2137] = 1.132414e-08
Cl[2138] = 1.171524e-08
Cl[2139] = 1.215027e-08
Cl[2140] = 1.168043e-08
Cl[2141] = 1.136921e-08
Cl[2142] = 1.150616e-08
Cl[2143] = 1.136106e-08
Cl[2144] = 1.116820e-08
Cl[2145] = 1.136216e-08
Cl[2146] = 1.158476e-08
Cl[2147] = 1.148856e-08
Cl[2148] = 1.133331e-08
Cl[2149] = 1.146801e-08
Cl[2150] = 1.158328e-08
Cl[2151] = 1.129625e-08
Cl[2152] = 1.098284e-08
Cl[2153] = 1.101623e-08
Cl[2154] = 1.135750e-08
Cl[2155] = 1.177618e-08
Cl[2156] = 1.172520e-08
Cl[2157] = 1.152107e-08
Cl[2158] = 1.203497e-08
Cl[2159] = 1.228171e-08
Cl[2160] = 1.151961e-08
Cl[2161] = 1.129127e-08
Cl[2162] = 1.149331e-08
Cl[2163] = 1.077260e-08
Cl[2164] = 1.036681e-08
Cl[2165] = 1.074646e-08
Cl[2166] = 1.039635e-08
Cl[2167] = 1.002924e-08
Cl[2168] = 1.034973e-08
Cl[2169] = 1.024987e-08
Cl[2170] = 1.035383e-08
Cl[2171] = 1.088190e-08
Cl[2172] = 1.043845e-08
Cl[2173] = 1.014102e-08
Cl[2174] = 1.065022e-08
Cl[2175] = 1.020430e-08
Cl[2176] = 9.842587e-09
Cl[2177] = 1.051846e-08
Cl[2178] = 1.010033e-08
Cl[2179] = 9.632643e-09
Cl[2180] = 1.078884e-08
Cl[2181] = 1.087478e-08
Cl[2182] = 9.947009e-09
Cl[2183] = 1.054823e-08
Cl[2184] = 1.074894e-08
Cl[2185] = 9.711515e-09
Cl[2186] = 9.972138e-09
Cl[2187] = 1.056506e-08
Cl[2188] = 1.004930e-08
Cl[2189] = 9.998995e-09
Cl[2190] = 1.003312e-08
Cl[2191] = 9.304346e-09
Cl[2192] = 9.256719e-09
Cl[2193] = 9.600312e-09
Cl[2194] = 9.350895e-09
Cl[2195] = 9.527076e-09
Cl[2196] = 9.963472e-09
Cl[2197] = 9.721495e-09
Cl[2198] = 9.562918e-09
Cl[2199] = 9.705508e-09
Cl[2200] = 9.532434e-09
Cl[2201] = 9.341049e-09
Cl[2202] = 9.287504e-09
Cl[2203] = 9.223630e-09
Cl[2204] = 9.422015e-09
Cl[2205] = 9.816133e-09
Cl[2206] = 1.020366e-08
Cl[2207] = 1.065227e-08
Cl[2208] = 1.090780e-08
Cl[2209] = 1.072127e-08
Cl[2210] = 1.034490e-08
Cl[2211] = 1.016254e-08
Cl[2212] = 1.014281e-08
Cl[2213] = 9.825595e-09
Cl[2214] = 9.311400e-09
Cl[2215] = 9.181486e-09
Cl[2216] = 9.246981e-09
Cl[2217] = 9.157088e-09
Cl[2218] = 9.033525e-09
Cl[2219] = 8.907219e-09
Cl[2220] = 9.076860e-09
Cl[2221] = 9.429452e-09
Cl[2222] = 9.180391e-09
Cl[2223] = 8.973425e-09
Cl[2224] = 9.346561e-09
Cl[2225] = 9.124971e-09
Cl[2226] = 8.974445e-09
Cl[2227] = 9.856046e-09
Cl[2228] = 9.795495e-09
Cl[2229] = 9.098076e-09
Cl[2230] = 9.859802e-09
Cl[2231] = 1.005250e-08
Cl[2232] = 8.936810e-09
Cl[2233] = 9.299813e-09
Cl[2234] = 9.959761e-09
Cl[2235] = 9.114232e-09
Cl[2236] = 8.968018e-09
Cl[2237] = 9.406618e-09
Cl[2238] = 8.957251e-09
Cl[2239] = 8.994366e-09
Cl[2240] = 9.276048e-09
Cl[2241] = 8.910422e-09
Cl[2242] = 9.269277e-09
Cl[2243] = 9.587109e-09
Cl[2244] = 8.871166e-09
Cl[2245] = 8.977091e-09
Cl[2246] = 9.467415e-09
Cl[2247] = 9.021436e-09
Cl[2248] = 9.038699e-09
Cl[2249] = 9.247085e-09
Cl[2250] = 8.849328e-09
Cl[2251] = 9.295829e-09
Cl[2252] = 9.820630e-09
Cl[2253] = 9.314593e-09
Cl[2254] = 9.523740e-09
Cl[2255] = 1.004101e-08
Cl[2256] = 9.499396e-09
Cl[2257] = 9.277474e-09
Cl[2258] = 9.302589e-09
Cl[2259] = 8.673522e-09
Cl[2260] = 8.687303e-09
Cl[2261] = 9.129447e-09
Cl[2262] = 8.952511e-09
Cl[2263] = 9.046442e-09
Cl[2264] = 9.308551e-09
Cl[2265] = 9.245182e-09
Cl[2266] = 9.529020e-09
Cl[2267] = 9.633307e-09
Cl[2268] = 9.431345e-09
Cl[2269] = 9.723723e-09
Cl[2270] = 9.556480e-09
Cl[2271] = 9.041697e-09
Cl[2272] = 9.480276e-09
Cl[2273] = 9.601545e-09
Cl[2274] = 9.130723e-09
Cl[2275] = 9.598893e-09
Cl[2276] = 9.862275e-09
Cl[2277] = 9.364743e-09
Cl[2278] = 9.564818e-09
Cl[2279] = 9.635244e-09
Cl[2280] = 9.170983e-09
Cl[2281] = 9.446561e-09
Cl[2282] = 9.620721e-09
Cl[2283] = 9.349388e-09
Cl[2284] = 9.552916e-09
Cl[2285] = 9.318073e-09
Cl[2286] = 9.028023e-09
Cl[2287] = 9.773358e-09
Cl[2288] = 9.762326e-09
Cl[2289] = 9.221512e-09
Cl[2290] = 1.007574e-08
Cl[2291] = 1.042028e-08
Cl[2292] = 9.563385e-09
Cl[2293] = 9.697536e-09
Cl[2294] = 9.862870e-09
Cl[2295] = 9.224716e-09
Cl[2296] = 9.484288e-09
Cl[2297] = 9.872987e-09
Cl[2298] = 9.503816e-09
Cl[2299] = 9.706521e-09
Cl[2300] = 9.850280e-09
Cl[2301] = 9.141454e-09
Cl[2302] = 8.970927e-09
Cl[2303] = 9.411909e-09
Cl[2304] = 9.578695e-09
Cl[2305] = 9.540876e-09
Cl[2306] = 9.331571e-09
Cl[2307] = 9.242338e-09
Cl[2308] = 9.344648e-09
Cl[2309] = 9.190728e-09
Cl[2310] = 9.294360e-09
Cl[2311] = 9.598957e-09
Cl[2312] = 9.429020e-09
Cl[2313] = 9.624255e-09
Cl[2314] = 9.914408e-09
Cl[2315] = 9.397062e-09
Cl[2316] = 9.693306e-09
Cl[2317] = 1.045564e-08
Cl[2318] = 9.679875e-09
Cl[2319] = 9.461412e-09
Cl[2320] = 1.044691e-08
Cl[2321] = 9.832639e-09
Cl[2322] = 9.253819e-09
Cl[2323] = 1.034457e-08
Cl[2324] = 1.011146e-08
Cl[2325] = 9.348943e-09
Cl[2326] = 1.042745e-08
Cl[2327] = 1.061749e-08
Cl[2328] = 9.517956e-09
Cl[2329] = 9.834506e-09
Cl[2330] = 1.011709e-08
Cl[2331] = 9.314821e-09
Cl[2332] = 9.445646e-09
Cl[2333] = 9.918096e-09
Cl[2334] = 9.538795e-09
Cl[2335] = 9.389027e-09
Cl[2336] = 9.455769e-09
Cl[2337] = 9.190690e-09
Cl[2338] = 9.244505e-09
Cl[2339] = 9.646227e-09
Cl[2340] = 9.856225e-09
Cl[2341] = 9.733652e-09
Cl[2342] = 9.467278e-09
Cl[2343] = 9.473280e-09
Cl[2344] = 9.499582e-09
Cl[2345] = 9.251412e-09
Cl[2346] = 9.285393e-09
Cl[2347] = 9.417692e-09
Cl[2348] = 9.318658e-09
Cl[2349] = 9.596572e-09
Cl[2350] = 9.783422e-09
Cl[2351] = 9.401988e-09
Cl[2352] = 9.433037e-09
Cl[2353] = 9.564236e-09
Cl[2354] = 9.183278e-09
Cl[2355] = 9.325390e-09
Cl[2356] = 9.666167e-09
Cl[2357] = 9.426534e-09
Cl[2358] = 9.648844e-09
Cl[2359] = 1.004839e-08
Cl[2360] = 9.782109e-09
Cl[2361] = 9.887417e-09
Cl[2362] = 1.007451e-08
Cl[2363] = 9.563166e-09
Cl[2364] = 9.687992e-09
Cl[2365] = 1.017290e-08
Cl[2366] = 9.709170e-09
Cl[2367] = 9.559535e-09
Cl[2368] = 1.007867e-08
Cl[2369] = 9.904889e-09
Cl[2370] = 9.594471e-09
Cl[2371] = 9.774541e-09
Cl[2372] = 9.814300e-09
Cl[2373] = 9.854483e-09
Cl[2374] = 9.950605e-09
Cl[2375] = 9.899207e-09
Cl[2376] = 1.000754e-08
Cl[2377] = 9.858147e-09
Cl[2378] = 9.457604e-09
Cl[2379] = 9.686113e-09
Cl[2380] = 9.857486e-09
Cl[2381] = 9.502967e-09
Cl[2382] = 9.731886e-09
Cl[2383] = 1.006620e-08
Cl[2384] = 9.632162e-09
Cl[2385] = 9.438648e-09
Cl[2386] = 9.673238e-09
Cl[2387] = 9.697151e-09
Cl[2388] = 9.865330e-09
Cl[2389] = 1.009428e-08
Cl[2390] = 1.011217e-08
Cl[2391] = 1.020380e-08
Cl[2392] = 1.000313e-08
Cl[2393] = 9.602756e-09
Cl[2394] = 9.769500e-09
Cl[2395] = 1.003642e-08
Cl[2396] = 1.014045e-08
Cl[2397] = 1.065651e-08
Cl[2398] = 1.107542e-08
Cl[2399] = 1.106155e-08
Cl[2400] = 1.107045e-08
Cl[2401] = 1.070538e-08
Cl[2402] = 1.001417e-08
Cl[2403] = 9.777863e-09
Cl[2404] = 9.682063e-09
Cl[2405] = 9.549392e-09
Cl[2406] = 9.783036e-09
Cl[2407] = 9.950613e-09
Cl[2408] = 9.915507e-09
Cl[2409] = 1.002263e-08
Cl[2410] = 1.002698e-08
Cl[2411] = 1.006226e-08
Cl[2412] = 1.022811e-08
Cl[2413] = 1.009578e-08
Cl[2414] = 1.012459e-08
Cl[2415] = 1.033075e-08
Cl[2416] = 9.905376e-09
Cl[2417] = 9.732996e-09
Cl[2418] = 1.023679e-08
Cl[2419] = 9.983061e-09
Cl[2420] = 9.625683e-09
Cl[2421] = 1.034565e-08
Cl[2422] = 1.064014e-08
Cl[2423] = 1.025179e-08
Cl[2424] = 1.045886e-08
Cl[2425] = 1.042780e-08
Cl[2426] = 9.857846e-09
Cl[2427] = 9.967863e-09
Cl[2428] = 1.011081e-08
Cl[2429] = 9.712681e-09
Cl[2430] = 9.896294e-09
Cl[2431] = 1.030171e-08
Cl[2432] = 9.997279e-09
Cl[2433] = 9.846408e-09
Cl[2434] = 1.020270e-08
Cl[2435] = 1.023669e-08
Cl[2436] = 1.002541e-08
Cl[2437] = 1.007975e-08
Cl[2438] = 1.019502e-08
Cl[2439] = 1.008694e-08
Cl[2440] = 9.894131e-09
Cl[2441] = 9.802709e-09
Cl[2442] = 9.696480e-09
Cl[2443] = 9.505061e-09
Cl[2444] = 9.508800e-09
Cl[2445] = 9.745160e-09
Cl[2446] = 9.845358e-09
Cl[2447] = 9.707766e-09
Cl[2448] = 9.546404e-09
Cl[2449] = 9.417965e-09
Cl[2450] = 9.187308e-09
Cl[2451] = 8.968645e-09
Cl[2452] = 9.042514e-09
Cl[2453] = 9.073016e-09
Cl[2454] = 8.809430e-09
Cl[2455] = 9.035047e-09
Cl[2456] = 9.699641e-09
Cl[2457] = 9.688446e-09
Cl[2458] = 9.562187e-09
Cl[2459] = 1.009625e-08
Cl[2460] = 1.002483e-08
Cl[2461] = 9.286779e-09
Cl[2462] = 9.384635e-09
Cl[2463] = 9.672537e-09
Cl[2464] = 9.234075e-09
Cl[2465] = 9.175276e-09
Cl[2466] = 9.556160e-09
Cl[2467] = 9.429874e-09
Cl[2468] = 9.365324e-09
Cl[2469] = 9.708363e-09
Cl[2470] = 9.706330e-09
Cl[2471] = 9.480228e-09
Cl[2472] = 9.483079e-09
Cl[2473] = 9.419946e-09
Cl[2474] = 9.250307e-09
Cl[2475] = 9.288098e-09
Cl[2476] = 9.415043e-09
Cl[2477] = 9.358046e-09
Cl[2478] = 9.216359e-09
Cl[2479] = 9.207097e-09
Cl[2480] = 9.196516e-09
Cl[2481] = 9.096756e-09
Cl[2482] = 9.252359e-09
Cl[2483] = 9.664601e-09
Cl[2484] = 9.890874e-09
Cl[2485] = 9.853258e-09
Cl[2486] = 9.600382e-09
Cl[2487] = 9.172290e-09
Cl[2488] = 8.892831e-09
Cl[2489] = 8.735259e-09
Cl[2490] = 8.536033e-09
Cl[2491] = 8.639460e-09
Cl[2492] = 8.914869e-09
Cl[2493] = 8.915898e-09
Cl[2494] = 8.997876e-09
Cl[2495] = 9.195349e-09
Cl[2496] = 9.008704e-09
Cl[2497] = 8.867529e-09
Cl[2498] = 9.098157e-09
Cl[2499] = 9.100161e-09
Cl[2500] = 8.988294e-09
Cl[2501] = 9.230951e-09
Cl[2502] = 9.305802e-09
Cl[2503] = 8.923079e-09
Cl[2504] = 8.659540e-09
Cl[2505] = 8.640598e-09
Cl[2506] = 8.459580e-09
Cl[2507] = 8.171482e-09
Cl[2508] = 8.116732e-09
Cl[2509] = 8.168074e-09
Cl[2510] = 8.093164e-09
Cl[2511] = 8.076963e-09
Cl[2512] = 8.075407e-09
Cl[2513] = 7.900139e-09
Cl[2514] = 7.971015e-09
Cl[2515] = 8.312009e-09
Cl[2516] = 8.314625e-09
Cl[2517] = 8.239689e-09
Cl[2518] = 8.418607e-09
Cl[2519] = 8.359497e-09
Cl[2520] = 8.221164e-09
Cl[2521] = 8.286298e-09
Cl[2522] = 8.101622e-09
Cl[2523] = 8.033863e-09
Cl[2524] = 8.419394e-09
Cl[2525] = 8.433877e-09
Cl[2526] = 8.254851e-09
Cl[2527] = 8.430612e-09
Cl[2528] = 8.192190e-09
Cl[2529] = 7.738146e-09
Cl[2530] = 7.871752e-09
Cl[2531] = 7.817435e-09
Cl[2532] = 7.535024e-09
Cl[2533] = 7.872257e-09
Cl[2534] = 8.060923e-09
Cl[2535] = 7.828421e-09
Cl[2536] = 8.049444e-09
Cl[2537] = 8.051705e-09
Cl[2538] = 7.436243e-09
Cl[2539] = 7.358405e-09
Cl[2540] = 7.594085e-09
Cl[2541] = 7.346143e-09
Cl[2542] = 7.269633e-09
Cl[2543] = 7.542569e-09
Cl[2544] = 7.586967e-09
Cl[2545] = 7.542031e-09
Cl[2546] = 7.554158e-09
Cl[2547] = 7.509474e-09
Cl[2548] = 7.497037e-09
Cl[2549] = 7.420024e-09
Cl[2550] = 7.259681e-09
Cl[2551] = 7.193975e-09
Cl[2552] = 7.128088e-09
Cl[2553] = 7.084283e-09
Cl[2554] = 7.172149e-09
Cl[2555] = 7.179171e-09
Cl[2556] = 7.088709e-09
Cl[2557] = 7.035397e-09
Cl[2558] = 6.923859e-09
Cl[2559] = 6.823162e-09
Cl[2560] = 6.824576e-09
Cl[2561] = 6.772665e-09
Cl[2562] = 6.704879e-09
Cl[2563] = 6.825067e-09
Cl[2564] = 7.060706e-09
Cl[2565] = 7.049705e-09
Cl[2566] = 6.838946e-09
Cl[2567] = 7.048349e-09
Cl[2568] = 7.330739e-09
Cl[2569] = 6.867464e-09
Cl[2570] = 6.693211e-09
Cl[2571] = 7.362716e-09
Cl[2572] = 7.229375e-09
Cl[2573] = 6.689836e-09
Cl[2574] = 7.340454e-09
Cl[2575] = 7.616625e-09
Cl[2576] = 6.799501e-09
Cl[2577] = 6.878497e-09
Cl[2578] = 7.322472e-09
Cl[2579] = 6.925306e-09
Cl[2580] = 6.965879e-09
Cl[2581] = 7.256285e-09
Cl[2582] = 6.918864e-09
Cl[2583] = 7.047752e-09
Cl[2584] = 7.318212e-09
Cl[2585] = 6.919938e-09
Cl[2586] = 7.065753e-09
Cl[2587] = 7.372544e-09
Cl[2588] = 6.846881e-09
Cl[2589] = 6.847827e-09
Cl[2590] = 7.241253e-09
Cl[2591] = 6.837897e-09
Cl[2592] = 6.820533e-09
Cl[2593] = 7.244110e-09
Cl[2594] = 6.918973e-09
Cl[2595] = 6.914795e-09
Cl[2596] = 7.422000e-09
Cl[2597] = 7.147408e-09
Cl[2598] = 6.923424e-09
Cl[2599] = 7.222600e-09
Cl[2600] = 6.931518e-09
Cl[2601] = 6.560310e-09
Cl[2602] = 6.708785e-09
Cl[2603] = 6.647439e-09
Cl[2604] = 6.541096e-09
Cl[2605] = 6.636442e-09
Cl[2606] = 6.528286e-09
Cl[2607] = 6.537857e-09
Cl[2608] = 6.710909e-09
Cl[2609] = 6.648376e-09
Cl[2610] = 6.706768e-09
Cl[2611] = 6.846885e-09
Cl[2612] = 6.650607e-09
Cl[2613] = 6.475560e-09
Cl[2614] = 6.454349e-09
Cl[2615] = 6.434276e-09
Cl[2616] = 6.601537e-09
Cl[2617] = 6.752886e-09
Cl[2618] = 6.742570e-09
Cl[2619] = 6.773211e-09
Cl[2620] = 6.665191e-09
Cl[2621] = 6.560505e-09
Cl[2622] = 6.710967e-09
Cl[2623] = 6.696448e-09
Cl[2624] = 6.653985e-09
Cl[2625] = 6.821733e-09
Cl[2626] = 6.680730e-09
Cl[2627] = 6.607055e-09
Cl[2628] = 6.912958e-09
Cl[2629] = 6.692627e-09
Cl[2630] = 6.384714e-09
Cl[2631] = 6.751575e-09
Cl[2632] = 6.717568e-09
Cl[2633] = 6.355255e-09
Cl[2634] = 6.693950e-09
Cl[2635] = 6.910554e-09
Cl[2636] = 6.756440e-09
Cl[2637] = 7.034848e-09
Cl[2638] = 7.111736e-09
Cl[2639] = 6.848891e-09
Cl[2640] = 6.988970e-09
Cl[2641] = 6.920073e-09
Cl[2642] = 6.550699e-09
Cl[2643] = 6.657708e-09
Cl[2644] = 6.661399e-09
Cl[2645] = 6.355432e-09
Cl[2646] = 6.452243e-09
Cl[2647] = 6.539391e-09
Cl[2648] = 6.400082e-09
Cl[2649] = 6.608637e-09
Cl[2650] = 6.916459e-09
Cl[2651] = 7.034729e-09
Cl[2652] = 7.037890e-09
Cl[2653] = 6.800372e-09
Cl[2654] = 6.651996e-09
Cl[2655] = 6.640488e-09
Cl[2656] = 6.366883e-09
Cl[2657] = 6.277608e-09
Cl[2658] = 6.351852e-09
Cl[2659] = 6.044756e-09
Cl[2660] = 6.095580e-09
Cl[2661] = 6.545712e-09
Cl[2662] = 6.442323e-09
Cl[2663] = 6.419109e-09
Cl[2664] = 6.645577e-09
Cl[2665] = 6.201077e-09
Cl[2666] = 6.029311e-09
Cl[2667] = 6.578670e-09
Cl[2668] = 6.560703e-09
Cl[2669] = 6.516866e-09
Cl[2670] = 6.988714e-09
Cl[2671] = 6.797797e-09
Cl[2672] = 6.551962e-09
Cl[2673] = 6.995282e-09
Cl[2674] = 6.877370e-09
Cl[2675] = 6.588702e-09
Cl[2676] = 7.002075e-09
Cl[2677] = 6.914147e-09
Cl[2678] = 6.529852e-09
Cl[2679] = 6.868151e-09
Cl[2680] = 6.828501e-09
Cl[2681] = 6.353682e-09
Cl[2682] = 6.605620e-09
Cl[2683] = 6.726031e-09
Cl[2684] = 6.247268e-09
Cl[2685] = 6.306423e-09
Cl[2686] = 6.655808e-09
Cl[2687] = 6.595985e-09
Cl[2688] = 6.635304e-09
Cl[2689] = 6.804313e-09
Cl[2690] = 6.702911e-09
Cl[2691] = 6.636947e-09
Cl[2692] = 6.756199e-09
Cl[2693] = 6.699299e-09
Cl[2694] = 6.456030e-09
Cl[2695] = 6.453762e-09
Cl[2696] = 6.724769e-09
Cl[2697] = 6.800706e-09
Cl[2698] = 6.732578e-09
Cl[2699] = 6.851610e-09
Cl[2700] = 6.837703e-09
Cl[2701] = 6.657082e-09
Cl[2702] = 6.710871e-09
Cl[2703] = 6.684211e-09
Cl[2704] = 6.512465e-09
Cl[2705] = 6.684326e-09
Cl[2706] = 6.806577e-09
Cl[2707] = 6.639444e-09
Cl[2708] = 6.754816e-09
Cl[2709] = 6.887858e-09
Cl[2710] = 6.696528e-09
Cl[2711] = 6.697372e-09
Cl[2712] = 6.797209e-09
Cl[2713] = 6.722670e-09
Cl[2714] = 6.799193e-09
Cl[2715] = 6.810952e-09
Cl[2716] = 6.565217e-09
Cl[2717] = 6.495618e-09
Cl[2718] = 6.560239e-09
Cl[2719] = 6.702710e-09
Cl[2720] = 7.043479e-09
Cl[2721] = 7.078175e-09
Cl[2722] = 6.938324e-09
Cl[2723] = 7.296586e-09
Cl[2724] = 7.556471e-09
Cl[2725] = 7.272092e-09
Cl[2726] = 7.177254e-09
Cl[2727] = 7.357257e-09
Cl[2728] = 7.370175e-09
Cl[2729] = 7.174277e-09
Cl[2730] = 6.821055e-09
Cl[2731] = 6.724450e-09
Cl[2732] = 6.918157e-09
Cl[2733] = 6.690401e-09
Cl[2734] = 6.515336e-09
Cl[2735] = 7.081629e-09
Cl[2736] = 7.315109e-09
Cl[2737] = 6.917996e-09
Cl[2738] = 7.018162e-09
Cl[2739] = 7.331937e-09
Cl[2740] = 7.181121e-09
Cl[2741] = 7.112273e-09
Cl[2742] = 7.220696e-09
Cl[2743] = 7.140023e-09
Cl[2744] = 7.064821e-09
Cl[2745] = 7.075918e-09
Cl[2746] = 7.104400e-09
Cl[2747] = 7.091317e-09
Cl[2748] = 6.841566e-09
Cl[2749] = 6.677923e-09
Cl[2750] = 6.856843e-09
Cl[2751] = 6.856246e-09
Cl[2752] = 6.703387e-09
Cl[2753] = 6.905631e-09
Cl[2754] = 7.185636e-09
Cl[2755] = 7.216372e-09
Cl[2756] = 7.122438e-09
Cl[2757] = 7.039741e-09
Cl[2758] = 7.165783e-09
Cl[2759] = 7.203381e-09
Cl[2760] = 6.770722e-09
Cl[2761] = 6.637079e-09
Cl[2762] = 7.112205e-09
Cl[2763] = 7.210136e-09
Cl[2764] = 7.045558e-09
Cl[2765] = 7.343587e-09
Cl[2766] = 7.466045e-09
Cl[2767] = 7.167280e-09
Cl[2768] = 7.212904e-09
Cl[2769] = 7.352940e-09
Cl[2770] = 7.081115e-09
Cl[2771] = 6.953633e-09
Cl[2772] = 7.171694e-09
Cl[2773] = 7.185733e-09
Cl[2774] = 6.993035e-09
Cl[2775] = 7.009854e-09
Cl[2776] = 7.160130e-09
Cl[2777] = 7.121019e-09
Cl[2778] = 7.016837e-09
Cl[2779] = 7.099271e-09
Cl[2780] = 7.122888e-09
Cl[2781] = 6.909826e-09
Cl[2782] = 6.819005e-09
Cl[2783] = 6.934760e-09
Cl[2784] = 6.918524e-09
Cl[2785] = 6.834971e-09
Cl[2786] = 6.949444e-09
Cl[2787] = 7.034051e-09
Cl[2788] = 6.801835e-09
Cl[2789] = 6.559310e-09
Cl[2790] = 6.594772e-09
Cl[2791] = 6.520993e-09
Cl[2792] = 6.226411e-09
Cl[2793] = 6.277829e-09
Cl[2794] = 6.556431e-09
Cl[2795] = 6.543085e-09
Cl[2796] = 6.626416e-09
Cl[2797] = 6.937777e-09
Cl[2798] = 6.926966e-09
Cl[2799] = 6.928978e-09
Cl[2800] = 7.244573e-09
Cl[2801] = 7.204250e-09
Cl[2802] = 7.002025e-09
Cl[2803] = 7.224869e-09
Cl[2804] = 7.245324e-09
Cl[2805] = 6.905868e-09
Cl[2806] = 6.900711e-09
Cl[2807] = 6.937297e-09
Cl[2808] = 6.652409e-09
Cl[2809] = 6.541877e-09
Cl[2810] = 6.599443e-09
Cl[2811] = 6.537940e-09
Cl[2812] = 6.571895e-09
Cl[2813] = 6.638206e-09
Cl[2814] = 6.548318e-09
Cl[2815] = 6.539990e-09
Cl[2816] = 6.629441e-09
Cl[2817] = 6.647198e-09
Cl[2818] = 6.740156e-09
Cl[2819] = 6.914944e-09
Cl[2820] = 6.953949e-09
Cl[2821] = 6.942539e-09
Cl[2822] = 7.020243e-09
Cl[2823] = 6.990723e-09
Cl[2824] = 6.813535e-09
Cl[2825] = 6.776970e-09
Cl[2826] = 6.791879e-09
Cl[2827] = 6.625983e-09
Cl[2828] = 6.604605e-09
Cl[2829] = 6.763052e-09
Cl[2830] = 6.706379e-09
Cl[2831] = 6.785849e-09
Cl[2832] = 7.086452e-09
Cl[2833] = 6.861747e-09
Cl[2834] = 6.601475e-09
Cl[2835] = 6.976970e-09
Cl[2836] = 6.897187e-09
Cl[2837] = 6.342387e-09
Cl[2838] = 6.630148e-09
Cl[2839] = 6.968186e-09
Cl[2840] = 6.492975e-09
Cl[2841] = 6.449576e-09
Cl[2842] = 6.808468e-09
Cl[2843] = 6.530859e-09
Cl[2844] = 6.374626e-09
Cl[2845] = 6.651484e-09
Cl[2846] = 6.431358e-09
Cl[2847] = 6.100871e-09
Cl[2848] = 6.258804e-09
Cl[2849] = 6.327245e-09
Cl[2850] = 6.205761e-09
Cl[2851] = 6.200416e-09
Cl[2852] = 6.089904e-09
Cl[2853] = 5.905505e-09
Cl[2854] = 5.959553e-09
Cl[2855] = 6.163336e-09
Cl[2856] = 6.231362e-09
Cl[2857] = 6.126760e-09
Cl[2858] = 6.103934e-09
Cl[2859] = 6.155504e-09
Cl[2860] = 6.030678e-09
Cl[2861] = 5.984489e-09
Cl[2862] = 6.115747e-09
Cl[2863] = 5.957135e-09
Cl[2864] = 5.743140e-09
Cl[2865] = 5.884392e-09
Cl[2866] = 5.963764e-09
Cl[2867] = 6.002768e-09
Cl[2868] = 6.269008e-09
Cl[2869] = 6.265661e-09
Cl[2870] = 6.080875e-09
Cl[2871] = 6.255453e-09
Cl[2872] = 6.364388e-09
Cl[2873] = 6.157874e-09
Cl[2874] = 6.032128e-09
Cl[2875] = 6.008591e-09
Cl[2876] = 6.092478e-09
Cl[2877] = 6.177383e-09
Cl[2878] = 5.989069e-09
Cl[2879] = 6.043116e-09
Cl[2880] = 6.424052e-09
Cl[2881] = 6.246243e-09
Cl[2882] = 5.834320e-09
Cl[2883] = 5.869164e-09
Cl[2884] = 5.734584e-09
Cl[2885] = 5.434626e-09
Cl[2886] = 5.536421e-09
Cl[2887] = 5.578952e-09
Cl[2888] = 5.482846e-09
Cl[2889] = 5.643567e-09
Cl[2890] = 5.681576e-09
Cl[2891] = 5.620079e-09
Cl[2892] = 5.779193e-09
Cl[2893] = 5.729076e-09
Cl[2894] = 5.552100e-09
Cl[2895] = 5.631810e-09
Cl[2896] = 5.551457e-09
Cl[2897] = 5.358959e-09
Cl[2898] = 5.458541e-09
Cl[2899] = 5.490472e-09
Cl[2900] = 5.404342e-09
Cl[2901] = 5.498874e-09
Cl[2902] = 5.498498e-09
Cl[2903] = 5.379295e-09
Cl[2904] = 5.417729e-09
Cl[2905] = 5.471848e-09
Cl[2906] = 5.492894e-09
Cl[2907] = 5.583701e-09
Cl[2908] = 5.678246e-09
Cl[2909] = 5.704495e-09
Cl[2910] = 5.587591e-09
Cl[2911] = 5.578520e-09
Cl[2912] = 5.829600e-09
Cl[2913] = 5.721343e-09
Cl[2914] = 5.366693e-09
Cl[2915] = 5.520095e-09
Cl[2916] = 5.545442e-09
Cl[2917] = 5.174160e-09
Cl[2918] = 5.438258e-09
Cl[2919] = 5.787289e-09
Cl[2920] = 5.421858e-09
Cl[2921] = 5.404492e-09
Cl[2922] = 5.682733e-09
Cl[2923] = 5.339227e-09
Cl[2924] = 5.131797e-09
Cl[2925] = 5.283126e-09
Cl[2926] = 5.125218e-09
Cl[2927] = 5.106579e-09
Cl[2928] = 5.231839e-09
Cl[2929] = 5.134147e-09
Cl[2930] = 5.362086e-09
Cl[2931] = 5.447629e-09
Cl[2932] = 4.954909e-09
Cl[2933] = 5.126615e-09
Cl[2934] = 5.641626e-09
Cl[2935] = 5.321144e-09
Cl[2936] = 5.225584e-09
Cl[2937] = 5.589458e-09
Cl[2938] = 5.288278e-09
Cl[2939] = 5.140899e-09
Cl[2940] = 5.564480e-09
Cl[2941] = 5.372233e-09
Cl[2942] = 5.029086e-09
Cl[2943] = 5.266036e-09
Cl[2944] = 5.279104e-09
Cl[2945] = 5.075494e-09
Cl[2946] = 5.118937e-09
Cl[2947] = 5.088834e-09
Cl[2948] = 5.092884e-09
Cl[2949] = 5.173526e-09
Cl[2950] = 5.010251e-09
Cl[2951] = 5.039814e-09
Cl[2952] = 5.308688e-09
Cl[2953] = 5.197888e-09
Cl[2954] = 5.043166e-09
Cl[2955] = 5.221081e-09
Cl[2956] = 5.289390e-09
Cl[2957] = 5.173953e-09
Cl[2958] = 5.054034e-09
Cl[2959] = 4.920166e-09
Cl[2960] = 4.886898e-09
Cl[2961] = 4.895438e-09
Cl[2962] = 4.890925e-09
Cl[2963] = 4.957195e-09
Cl[2964] = 4.851940e-09
Cl[2965] = 4.681149e-09
Cl[2966] = 4.869221e-09
Cl[2967] = 5.041283e-09
Cl[2968] = 4.877112e-09
Cl[2969] = 4.761809e-09
Cl[2970] = 4.747100e-09
Cl[2971] = 4.736530e-09
Cl[2972] = 4.787113e-09
Cl[2973] = 4.736268e-09
Cl[2974] = 4.750183e-09
Cl[2975] = 4.942015e-09
Cl[2976] = 4.877873e-09
Cl[2977] = 4.784364e-09
Cl[2978] = 5.008137e-09
Cl[2979] = 5.000942e-09
Cl[2980] = 4.805241e-09
Cl[2981] = 4.840316e-09
Cl[2982] = 4.751053e-09
Cl[2983] = 4.722989e-09
Cl[2984] = 5.031914e-09
Cl[2985] = 4.942027e-09
Cl[2986] = 4.663243e-09
Cl[2987] = 4.938880e-09
Cl[2988] = 5.059073e-09
Cl[2989] = 4.783935e-09
Cl[2990] = 4.854143e-09
Cl[2991] = 4.930004e-09
Cl[2992] = 4.734129e-09
Cl[2993] = 4.800631e-09
Cl[2994] = 4.889852e-09
Cl[2995] = 4.743964e-09
Cl[2996] = 4.755964e-09
Cl[2997] = 4.806756e-09
Cl[2998] = 4.747774e-09
Cl[2999] = 4.789993e-09
Cl[3000] = 4.796173e-09
Cl[3001] = 4.770651e-09
Cl[3002] = 4.825038e-09
Cl[3003] = 4.727285e-09
Cl[3004] = 4.678615e-09
Cl[3005] = 4.920777e-09
Cl[3006] = 5.041077e-09
Cl[3007] = 4.969346e-09
Cl[3008] = 4.975664e-09
Cl[3009] = 5.036358e-09
Cl[3010] = 5.169768e-09
Cl[3011] = 5.164951e-09
Cl[3012] = 4.880083e-09
Cl[3013] = 4.886316e-09
Cl[3014] = 5.145193e-09
Cl[3015] = 5.053276e-09
Cl[3016] = 4.969222e-09
Cl[3017] = 5.078753e-09
Cl[3018] = 4.964925e-09
Cl[3019] = 4.972766e-09
Cl[3020] = 5.118193e-09
Cl[3021] = 4.907390e-09
Cl[3022] = 4.916011e-09
Cl[3023] = 5.221056e-09
Cl[3024] = 4.985968e-09
Cl[3025] = 4.808431e-09
Cl[3026] = 5.185378e-09
Cl[3027] = 5.122456e-09
Cl[3028] = 4.798511e-09
Cl[3029] = 4.998139e-09
Cl[3030] = 5.056508e-09
Cl[3031] = 4.831081e-09
Cl[3032] = 4.944376e-09
Cl[3033] = 4.948529e-09
Cl[3034] = 4.681281e-09
Cl[3035] = 4.771781e-09
Cl[3036] = 4.928822e-09
Cl[3037] = 4.765479e-09
Cl[3038] = 4.732983e-09
Cl[3039] = 4.872480e-09
Cl[3040] = 4.886497e-09
Cl[3041] = 4.903477e-09
Cl[3042] = 4.911153e-09
Cl[3043] = 4.762824e-09
Cl[3044] = 4.704298e-09
Cl[3045] = 4.854433e-09
Cl[3046] = 4.901451e-09
Cl[3047] = 4.824044e-09
Cl[3048] = 4.951838e-09
Cl[3049] = 5.135522e-09
Cl[3050] = 5.038580e-09
Cl[3051] = 4.960147e-09
Cl[3052] = 5.054539e-09
Cl[3053] = 4.924194e-09
Cl[3054] = 4.765970e-09
Cl[3055] = 4.924530e-09
Cl[3056] = 4.925063e-09
Cl[3057] = 4.705896e-09
Cl[3058] = 4.761061e-09
Cl[3059] = 4.837050e-09
Cl[3060] = 4.730699e-09
Cl[3061] = 4.795500e-09
Cl[3062] = 4.871631e-09
Cl[3063] = 4.848520e-09
Cl[3064] = 5.029765e-09
Cl[3065] = 5.102937e-09
Cl[3066] = 4.934915e-09
Cl[3067] = 5.080070e-09
Cl[3068] = 5.295214e-09
Cl[3069] = 5.117361e-09
Cl[3070] = 5.068452e-09
Cl[3071] = 5.287166e-09
Cl[3072] = 5.250067e-09
Cl[3073] = 5.084751e-09
Cl[3074] = 5.059681e-09
Cl[3075] = 4.999058e-09
Cl[3076] = 4.922349e-09
Cl[3077] = 4.881754e-09
Cl[3078] = 4.760043e-09
Cl[3079] = 4.690409e-09
Cl[3080] = 4.747696e-09
Cl[3081] = 4.765426e-09
Cl[3082] = 4.810641e-09
Cl[3083] = 4.950881e-09
Cl[3084] = 4.977033e-09
Cl[3085] = 4.920916e-09
Cl[3086] = 5.003610e-09
Cl[3087] = 5.101894e-09
Cl[3088] = 5.105186e-09
Cl[3089] = 5.221509e-09
Cl[3090] = 5.364279e-09
Cl[3091] = 5.242715e-09
Cl[3092] = 5.129032e-09
Cl[3093] = 5.303076e-09
Cl[3094] = 5.370290e-09
Cl[3095] = 5.175990e-09
Cl[3096] = 5.116385e-09
Cl[3097] = 5.191383e-09
Cl[3098] = 5.158919e-09
Cl[3099] = 5.118084e-09
Cl[3100] = 5.110409e-09
Cl[3101] = 5.060250e-09
Cl[3102] = 5.040117e-09
Cl[3103] = 5.029605e-09
Cl[3104] = 4.984262e-09
Cl[3105] = 5.001574e-09
Cl[3106] = 5.080719e-09
Cl[3107] = 5.182028e-09
Cl[3108] = 5.313437e-09
Cl[3109] = 5.437000e-09
Cl[3110] = 5.585229e-09
Cl[3111] = 5.678871e-09
Cl[3112] = 5.547167e-09
Cl[3113] = 5.429752e-09
Cl[3114] = 5.476675e-09
Cl[3115] = 5.327276e-09
Cl[3116] = 5.058978e-09
Cl[3117] = 5.082961e-09
Cl[3118] = 5.217321e-09
Cl[3119] = 5.276352e-09
Cl[3120] = 5.384240e-09
Cl[3121] = 5.382952e-09
Cl[3122] = 5.271465e-09
Cl[3123] = 5.330282e-09
Cl[3124] = 5.391829e-09
Cl[3125] = 5.249628e-09
Cl[3126] = 5.133212e-09
Cl[3127] = 5.147081e-09
Cl[3128] = 5.153997e-09
Cl[3129] = 5.082676e-09
Cl[3130] = 5.014040e-09
Cl[3131] = 5.094356e-09
Cl[3132] = 5.175291e-09
Cl[3133] = 5.072539e-09
Cl[3134] = 5.050568e-09
Cl[3135] = 5.143580e-09
Cl[3136] = 5.037894e-09
Cl[3137] = 4.922556e-09
Cl[3138] = 5.005858e-09
Cl[3139] = 5.087683e-09
Cl[3140] = 5.239866e-09
Cl[3141] = 5.414503e-09
Cl[3142] = 5.266385e-09
Cl[3143] = 5.098719e-09
Cl[3144] = 5.210471e-09
Cl[3145] = 5.175516e-09
Cl[3146] = 5.007304e-09
Cl[3147] = 5.088198e-09
Cl[3148] = 5.165237e-09
Cl[3149] = 5.066531e-09
Cl[3150] = 5.080039e-09
Cl[3151] = 5.186147e-09
Cl[3152] = 5.197519e-09
Cl[3153] = 5.148682e-09
Cl[3154] = 5.108078e-09
Cl[3155] = 5.122272e-09
Cl[3156] = 5.165128e-09
Cl[3157] = 5.186181e-09
Cl[3158] = 5.275269e-09
Cl[3159] = 5.408793e-09
Cl[3160] = 5.387550e-09
Cl[3161] = 5.208115e-09
Cl[3162] = 5.077016e-09
Cl[3163] = 5.108492e-09
Cl[3164] = 5.132899e-09
Cl[3165] = 4.974213e-09
Cl[3166] = 4.862530e-09
Cl[3167] = 4.969917e-09
Cl[3168] = 5.047189e-09
Cl[3169] = 5.029334e-09
Cl[3170] = 5.031272e-09
Cl[3171] = 4.995059e-09
Cl[3172] = 4.955162e-09
Cl[3173] = 4.873577e-09
Cl[3174] = 4.730051e-09
Cl[3175] = 4.847451e-09
Cl[3176] = 4.990295e-09
Cl[3177] = 4.761300e-09
Cl[3178] = 4.838826e-09
Cl[3179] = 5.253225e-09
Cl[3180] = 5.078890e-09
Cl[3181] = 4.918909e-09
Cl[3182] = 5.325418e-09
Cl[3183] = 5.216090e-09
Cl[3184] = 4.892173e-09
Cl[3185] = 5.257711e-09
Cl[3186] = 5.223201e-09
Cl[3187] = 4.722525e-09
Cl[3188] = 4.985290e-09
Cl[3189] = 5.160322e-09
Cl[3190] = 4.703481e-09
Cl[3191] = 4.879278e-09
Cl[3192] = 5.290190e-09
Cl[3193] = 5.025425e-09
Cl[3194] = 4.969627e-09
Cl[3195] = 5.234435e-09
Cl[3196] = 5.130193e-09
Cl[3197] = 5.105827e-09
Cl[3198] = 5.248995e-09
Cl[3199] = 5.081460e-09
Cl[3200] = 4.908743e-09
Cl[3201] = 4.879795e-09
Cl[3202] = 4.805929e-09
Cl[3203] = 4.836305e-09
Cl[3204] = 4.851721e-09
Cl[3205] = 4.799693e-09
Cl[3206] = 4.977145e-09
Cl[3207] = 5.137179e-09
Cl[3208] = 5.045185e-09
Cl[3209] = 5.000317e-09
Cl[3210] = 5.013964e-09
Cl[3211] = 4.994237e-09
Cl[3212] = 4.996671e-09
Cl[3213] = 4.931975e-09
Cl[3214] = 4.948276e-09
Cl[3215] = 5.067626e-09
Cl[3216] = 4.948067e-09
Cl[3217] = 4.834375e-09
Cl[3218] = 4.941913e-09
Cl[3219] = 4.845435e-09
Cl[3220] = 4.719600e-09
Cl[3221] = 4.830028e-09
Cl[3222] = 4.711615e-09
Cl[3223] = 4.551020e-09
Cl[3224] = 4.785983e-09
Cl[3225] = 4.900226e-09
Cl[3226] = 4.751718e-09
Cl[3227] = 4.804482e-09
Cl[3228] = 4.920620e-09
Cl[3229] = 4.852363e-09
Cl[3230] = 4.690771e-09
Cl[3231] = 4.597142e-09
Cl[3232] = 4.687868e-09
Cl[3233] = 4.624172e-09
Cl[3234] = 4.370507e-09
Cl[3235] = 4.603317e-09
Cl[3236] = 4.943158e-09
Cl[3237] = 4.648031e-09
Cl[3238] = 4.529022e-09
Cl[3239] = 4.888359e-09
Cl[3240] = 4.804964e-09
Cl[3241] = 4.540733e-09
Cl[3242] = 4.615626e-09
Cl[3243] = 4.535895e-09
Cl[3244] = 4.407151e-09
Cl[3245] = 4.538150e-09
Cl[3246] = 4.536737e-09
Cl[3247] = 4.455625e-09
Cl[3248] = 4.496202e-09
Cl[3249] = 4.460896e-09
Cl[3250] = 4.421802e-09
Cl[3251] = 4.332853e-09
Cl[3252] = 4.168554e-09
Cl[3253] = 4.311887e-09
Cl[3254] = 4.468381e-09
Cl[3255] = 4.340157e-09
Cl[3256] = 4.496328e-09
Cl[3257] = 4.740836e-09
Cl[3258] = 4.622484e-09
Cl[3259] = 4.649030e-09
Cl[3260] = 4.650472e-09
Cl[3261] = 4.315860e-09
Cl[3262] = 4.376728e-09
Cl[3263] = 4.555516e-09
Cl[3264] = 4.230110e-09
Cl[3265] = 4.197649e-09
Cl[3266] = 4.413029e-09
Cl[3267] = 4.182383e-09
Cl[3268] = 4.177780e-09
Cl[3269] = 4.409714e-09
Cl[3270] = 4.202684e-09
Cl[3271] = 4.180139e-09
Cl[3272] = 4.368217e-09
Cl[3273] = 4.146366e-09
Cl[3274] = 4.197929e-09
Cl[3275] = 4.511388e-09
Cl[3276] = 4.287244e-09
Cl[3277] = 4.203335e-09
Cl[3278] = 4.469257e-09
Cl[3279] = 4.279309e-09
Cl[3280] = 4.125318e-09
Cl[3281] = 4.274400e-09
Cl[3282] = 4.050280e-09
Cl[3283] = 3.951832e-09
Cl[3284] = 4.276524e-09
Cl[3285] = 4.200948e-09
Cl[3286] = 3.974946e-09
Cl[3287] = 4.120077e-09
Cl[3288] = 4.147436e-09
Cl[3289] = 4.095454e-09
Cl[3290] = 4.264685e-09
Cl[3291] = 4.276408e-09
Cl[3292] = 4.129090e-09
Cl[3293] = 4.114073e-09
Cl[3294] = 4.098208e-09
Cl[3295] = 4.035133e-09
Cl[3296] = 3.978131e-09
Cl[3297] = 3.893099e-09
Cl[3298] = 3.866639e-09
Cl[3299] = 3.878323e-09
Cl[3300] = 3.880245e-09
Cl[3301] = 3.953580e-09
Cl[3302] = 4.010743e-09
Cl[3303] = 3.994029e-09
Cl[3304] = 3.991883e-09
Cl[3305] = 4.019758e-09
Cl[3306] = 4.137899e-09
Cl[3307] = 4.240255e-09
Cl[3308] = 4.204154e-09
Cl[3309] = 4.331954e-09
Cl[3310] = 4.489745e-09
Cl[3311] = 4.277426e-09
Cl[3312] = 4.235230e-09
Cl[3313] = 4.497775e-09
Cl[3314] = 4.343308e-09
Cl[3315] = 4.176780e-09
Cl[3316] = 4.432237e-09
Cl[3317] = 4.321025e-09
Cl[3318] = 3.999924e-09
Cl[3319] = 4.136177e-09
Cl[3320] = 4.164110e-09
Cl[3321] = 3.969459e-09
Cl[3322] = 4.082058e-09
Cl[3323] = 4.215002e-09
Cl[3324] = 4.205721e-09
Cl[3325] = 4.150665e-09
Cl[3326] = 3.929508e-09
Cl[3327] = 4.014243e-09
Cl[3328] = 4.329777e-09
Cl[3329] = 4.056092e-09
Cl[3330] = 3.849193e-09
Cl[3331] = 4.253298e-09
Cl[3332] = 4.184884e-09
Cl[3333] = 3.813419e-09
Cl[3334] = 4.029074e-09
Cl[3335] = 4.103233e-09
Cl[3336] = 3.856667e-09
Cl[3337] = 3.966118e-09
Cl[3338] = 3.982687e-09
Cl[3339] = 3.817243e-09
Cl[3340] = 3.970726e-09
Cl[3341] = 3.959013e-09
Cl[3342] = 3.755770e-09
Cl[3343] = 3.918796e-09
Cl[3344] = 3.994533e-09
Cl[3345] = 3.864955e-09
Cl[3346] = 4.059515e-09
Cl[3347] = 4.233012e-09
Cl[3348] = 4.157461e-09
Cl[3349] = 4.176600e-09
Cl[3350] = 4.137584e-09
Cl[3351] = 4.052426e-09
Cl[3352] = 4.153356e-09
Cl[3353] = 4.122661e-09
Cl[3354] = 3.940137e-09
Cl[3355] = 3.885095e-09
Cl[3356] = 3.828202e-09
Cl[3357] = 3.838934e-09
Cl[3358] = 3.974258e-09
Cl[3359] = 3.941381e-09
Cl[3360] = 3.913779e-09
Cl[3361] = 4.057877e-09
Cl[3362] = 4.085212e-09
Cl[3363] = 4.087489e-09
Cl[3364] = 4.134876e-09
Cl[3365] = 4.048619e-09
Cl[3366] = 4.080011e-09
Cl[3367] = 4.152343e-09
Cl[3368] = 3.944007e-09
Cl[3369] = 3.924331e-09
Cl[3370] = 4.149042e-09
Cl[3371] = 4.076344e-09
Cl[3372] = 4.065680e-09
Cl[3373] = 4.259821e-09
Cl[3374] = 4.061076e-09
Cl[3375] = 3.846348e-09
Cl[3376] = 4.019896e-09
Cl[3377] = 3.949862e-09
Cl[3378] = 3.697383e-09
Cl[3379] = 3.787338e-09
Cl[3380] = 3.877802e-09
Cl[3381] = 3.780554e-09
Cl[3382] = 3.755679e-09
Cl[3383] = 3.737190e-09
Cl[3384] = 3.740232e-09
Cl[3385] = 3.838094e-09
Cl[3386] = 3.851678e-09
Cl[3387] = 3.846492e-09
Cl[3388] = 3.933654e-09
Cl[3389] = 3.973954e-09
Cl[3390] = 3.992377e-09
Cl[3391] = 4.009575e-09
Cl[3392] = 3.953217e-09
Cl[3393] = 3.950728e-09
Cl[3394] = 3.973451e-09
Cl[3395] = 3.898073e-09
Cl[3396] = 3.894260e-09
Cl[3397] = 3.948248e-09
Cl[3398] = 3.869815e-09
Cl[3399] = 3.777798e-09
Cl[3400] = 3.756096e-09
Cl[3401] = 3.762418e-09
Cl[3402] = 3.855941e-09
Cl[3403] = 3.922935e-09
Cl[3404] = 3.856071e-09
Cl[3405] = 3.798216e-09
Cl[3406] = 3.782228e-09
Cl[3407] = 3.813500e-09
Cl[3408] = 3.938794e-09
Cl[3409] = 4.004072e-09
Cl[3410] = 4.041788e-09
Cl[3411] = 4.200790e-09
Cl[3412] = 4.211707e-09
Cl[3413] = 3.974412e-09
Cl[3414] = 3.818494e-09
Cl[3415] = 3.809375e-09
Cl[3416] = 3.872472e-09
Cl[3417] = 3.964360e-09
Cl[3418] = 3.895618e-09
Cl[3419] = 3.823501e-09
Cl[3420] = 3.965703e-09
Cl[3421] = 3.954568e-09
Cl[3422] = 3.786049e-09
Cl[3423] = 3.945059e-09
Cl[3424] = 4.156965e-09
Cl[3425] = 4.018750e-09
Cl[3426] = 3.917578e-09
Cl[3427] = 4.003529e-09
Cl[3428] = 3.965372e-09
Cl[3429] = 3.874284e-09
Cl[3430] = 3.877094e-09
Cl[3431] = 3.864422e-09
Cl[3432] = 3.858546e-09
Cl[3433] = 3.912279e-09
Cl[3434] = 3.939686e-09
Cl[3435] = 3.947285e-09
Cl[3436] = 3.974915e-09
Cl[3437] = 3.951218e-09
Cl[3438] = 3.868416e-09
Cl[3439] = 3.823716e-09
Cl[3440] = 3.801686e-09
Cl[3441] = 3.723702e-09
Cl[3442] = 3.699259e-09
Cl[3443] = 3.808291e-09
Cl[3444] = 3.860837e-09
Cl[3445] = 3.818070e-09
Cl[3446] = 3.860765e-09
Cl[3447] = 3.912013e-09
Cl[3448] = 3.881461e-09
Cl[3449] = 3.921956e-09
Cl[3450] = 3.962930e-09
Cl[3451] = 3.865621e-09
Cl[3452] = 3.815451e-09
Cl[3453] = 3.849326e-09
Cl[3454] = 3.795576e-09
Cl[3455] = 3.753297e-09
Cl[3456] = 3.832282e-09
Cl[3457] = 3.906937e-09
Cl[3458] = 3.922492e-09
Cl[3459] = 3.914380e-09
Cl[3460] = 3.907659e-09
Cl[3461] = 3.938147e-09
Cl[3462] = 3.958311e-09
Cl[3463] = 3.942255e-09
Cl[3464] = 3.983905e-09
Cl[3465] = 4.073063e-09
Cl[3466] = 4.121461e-09
Cl[3467] = 4.168875e-09
Cl[3468] = 4.251202e-09
Cl[3469] = 4.277412e-09
Cl[3470] = 4.192657e-09
Cl[3471] = 4.089087e-09
Cl[3472] = 4.041713e-09
Cl[3473] = 3.992226e-09
Cl[3474] = 3.954064e-09
Cl[3475] = 3.996120e-09
Cl[3476] = 4.009451e-09
Cl[3477] = 3.977360e-09
Cl[3478] = 4.047625e-09
Cl[3479] = 4.103832e-09
Cl[3480] = 4.041602e-09
Cl[3481] = 4.034710e-09
Cl[3482] = 4.046886e-09
Cl[3483] = 4.031191e-09
Cl[3484] = 4.167862e-09
Cl[3485] = 4.263895e-09
Cl[3486] = 4.143888e-09
Cl[3487] = 4.136427e-09
Cl[3488] = 4.177057e-09
Cl[3489] = 4.008369e-09
Cl[3490] = 3.988073e-09
Cl[3491] = 4.150111e-09
Cl[3492] = 4.091438e-09
Cl[3493] = 4.056362e-09
Cl[3494] = 4.243335e-09
Cl[3495] = 4.280431e-09
Cl[3496] = 4.214379e-09
Cl[3497] = 4.273631e-09
Cl[3498] = 4.268392e-09
Cl[3499] = 4.179762e-09
Cl[3500] = 4.133128e-09
Cl[3501] = 4.047767e-09
Cl[3502] = 3.968196e-09
Cl[3503] = 3.970039e-09
Cl[3504] = 3.966068e-09
Cl[3505] = 3.954542e-09
Cl[3506] = 3.985830e-09
Cl[3507] = 4.083611e-09
Cl[3508] = 4.196669e-09
Cl[3509] = 4.168936e-09
Cl[3510] = 4.112837e-09
Cl[3511] = 4.188926e-09
Cl[3512] = 4.143097e-09
Cl[3513] = 3.968109e-09
Cl[3514] = 3.960056e-09
Cl[3515] = 3.963529e-09
Cl[3516] = 3.899655e-09
Cl[3517] = 3.989000e-09
Cl[3518] = 4.064038e-09
Cl[3519] = 4.063238e-09
Cl[3520] = 4.174551e-09
Cl[3521] = 4.180677e-09
Cl[3522] = 4.104282e-09
Cl[3523] = 4.214854e-09
Cl[3524] = 4.183756e-09
Cl[3525] = 3.985978e-09
Cl[3526] = 4.056192e-09
Cl[3527] = 4.118954e-09
Cl[3528] = 3.996095e-09
Cl[3529] = 4.051296e-09
Cl[3530] = 4.095452e-09
Cl[3531] = 4.011502e-09
Cl[3532] = 4.107688e-09
Cl[3533] = 4.124764e-09
Cl[3534] = 3.996964e-09
Cl[3535] = 4.129942e-09
Cl[3536] = 4.230905e-09
Cl[3537] = 4.127447e-09
Cl[3538] = 4.202167e-09
Cl[3539] = 4.207449e-09
Cl[3540] = 4.040741e-09
Cl[3541] = 4.149456e-09
Cl[3542] = 4.222938e-09
Cl[3543] = 4.015719e-09
Cl[3544] = 4.013277e-09
Cl[3545] = 4.071094e-09
Cl[3546] = 3.918850e-09
Cl[3547] = 3.892894e-09
Cl[3548] = 3.871370e-09
Cl[3549] = 3.706689e-09
Cl[3550] = 3.740700e-09
Cl[3551] = 3.771649e-09
Cl[3552] = 3.620243e-09
Cl[3553] = 3.700907e-09
Cl[3554] = 3.866629e-09
Cl[3555] = 3.811906e-09
Cl[3556] = 3.839803e-09
Cl[3557] = 3.919690e-09
Cl[3558] = 3.827551e-09
Cl[3559] = 3.808595e-09
Cl[3560] = 3.865355e-09
Cl[3561] = 3.767752e-09
Cl[3562] = 3.675728e-09
Cl[3563] = 3.746928e-09
Cl[3564] = 3.835580e-09
Cl[3565] = 3.777364e-09
Cl[3566] = 3.672704e-09
Cl[3567] = 3.764789e-09
Cl[3568] = 3.891652e-09
Cl[3569] = 3.826459e-09
Cl[3570] = 3.831282e-09
Cl[3571] = 3.890644e-09
Cl[3572] = 3.766314e-09
Cl[3573] = 3.770124e-09
Cl[3574] = 3.888677e-09
Cl[3575] = 3.763969e-09
Cl[3576] = 3.764602e-09
Cl[3577] = 3.974209e-09
Cl[3578] = 3.909943e-09
Cl[3579] = 3.873753e-09
Cl[3580] = 4.040092e-09
Cl[3581] = 3.907764e-09
Cl[3582] = 3.766459e-09
Cl[3583] = 3.949733e-09
Cl[3584] = 3.974540e-09
Cl[3585] = 3.895709e-09
Cl[3586] = 3.956988e-09
Cl[3587] = 3.859308e-09
Cl[3588] = 3.772416e-09
Cl[3589] = 3.848745e-09
Cl[3590] = 3.720255e-09
Cl[3591] = 3.622369e-09
Cl[3592] = 3.756371e-09
Cl[3593] = 3.674713e-09
Cl[3594] = 3.535712e-09
Cl[3595] = 3.633701e-09
Cl[3596] = 3.652473e-09
Cl[3597] = 3.689452e-09
Cl[3598] = 3.904510e-09
Cl[3599] = 3.978450e-09
Cl[3600] = 4.031313e-09
Cl[3601] = 4.180357e-09
Cl[3602] = 4.111312e-09
Cl[3603] = 4.011959e-09
Cl[3604] = 4.045450e-09
Cl[3605] = 3.887001e-09
Cl[3606] = 3.691861e-09
Cl[3607] = 3.682944e-09
Cl[3608] = 3.627792e-09
Cl[3609] = 3.587686e-09
Cl[3610] = 3.660049e-09
Cl[3611] = 3.686341e-09
Cl[3612] = 3.721643e-09
Cl[3613] = 3.702967e-09
Cl[3614] = 3.574760e-09
Cl[3615] = 3.623877e-09
Cl[3616] = 3.684110e-09
Cl[3617] = 3.543187e-09
Cl[3618] = 3.618322e-09
Cl[3619] = 3.787154e-09
Cl[3620] = 3.657976e-09
Cl[3621] = 3.653462e-09
Cl[3622] = 3.805512e-09
Cl[3623] = 3.676775e-09
Cl[3624] = 3.610281e-09
Cl[3625] = 3.729452e-09
Cl[3626] = 3.606964e-09
Cl[3627] = 3.511564e-09
Cl[3628] = 3.670198e-09
Cl[3629] = 3.683597e-09
Cl[3630] = 3.567353e-09
Cl[3631] = 3.516717e-09
Cl[3632] = 3.473949e-09
Cl[3633] = 3.551102e-09
Cl[3634] = 3.638993e-09
Cl[3635] = 3.505502e-09
Cl[3636] = 3.437188e-09
Cl[3637] = 3.525168e-09
Cl[3638] = 3.471497e-09
Cl[3639] = 3.404168e-09
Cl[3640] = 3.477190e-09
Cl[3641] = 3.488684e-09
Cl[3642] = 3.447759e-09
Cl[3643] = 3.465842e-09
Cl[3644] = 3.461731e-09
Cl[3645] = 3.415198e-09
Cl[3646] = 3.380938e-09
Cl[3647] = 3.376304e-09
Cl[3648] = 3.383099e-09
Cl[3649] = 3.393731e-09
Cl[3650] = 3.474099e-09
Cl[3651] = 3.536076e-09
Cl[3652] = 3.442081e-09
Cl[3653] = 3.390492e-09
Cl[3654] = 3.442144e-09
Cl[3655] = 3.372734e-09
Cl[3656] = 3.320618e-09
Cl[3657] = 3.383616e-09
Cl[3658] = 3.322983e-09
Cl[3659] = 3.291146e-09
Cl[3660] = 3.433687e-09
Cl[3661] = 3.454938e-09
Cl[3662] = 3.415169e-09
Cl[3663] = 3.491195e-09
Cl[3664] = 3.504389e-09
Cl[3665] = 3.515567e-09
Cl[3666] = 3.557571e-09
Cl[3667] = 3.448083e-09
Cl[3668] = 3.415744e-09
Cl[3669] = 3.494758e-09
Cl[3670] = 3.414520e-09
Cl[3671] = 3.483492e-09
Cl[3672] = 3.687245e-09
Cl[3673] = 3.534176e-09
Cl[3674] = 3.465046e-09
Cl[3675] = 3.728961e-09
Cl[3676] = 3.627115e-09
Cl[3677] = 3.408340e-09
Cl[3678] = 3.609419e-09
Cl[3679] = 3.604216e-09
Cl[3680] = 3.320081e-09
Cl[3681] = 3.339285e-09
Cl[3682] = 3.307634e-09
Cl[3683] = 3.044407e-09
Cl[3684] = 3.058246e-09
Cl[3685] = 3.205183e-09
Cl[3686] = 3.180536e-09
Cl[3687] = 3.156204e-09
Cl[3688] = 3.134153e-09
Cl[3689] = 3.142714e-09
Cl[3690] = 3.288295e-09
Cl[3691] = 3.342078e-09
Cl[3692] = 3.288877e-09
Cl[3693] = 3.336268e-09
Cl[3694] = 3.356375e-09
Cl[3695] = 3.317111e-09
Cl[3696] = 3.354766e-09
Cl[3697] = 3.354420e-09
Cl[3698] = 3.293212e-09
Cl[3699] = 3.282025e-09
Cl[3700] = 3.248623e-09
Cl[3701] = 3.173907e-09
Cl[3702] = 3.117258e-09
Cl[3703] = 3.075629e-09
Cl[3704] = 3.081962e-09
Cl[3705] = 3.096550e-09
Cl[3706] = 3.098748e-09
Cl[3707] = 3.172602e-09
Cl[3708] = 3.188550e-09
Cl[3709] = 3.089056e-09
Cl[3710] = 3.110401e-09
Cl[3711] = 3.177663e-09
Cl[3712] = 3.120113e-09
Cl[3713] = 3.151762e-09
Cl[3714] = 3.269921e-09
Cl[3715] = 3.246394e-09
Cl[3716] = 3.171495e-09
Cl[3717] = 3.145946e-09
Cl[3718] = 3.177162e-09
Cl[3719] = 3.293474e-09
Cl[3720] = 3.311412e-09
Cl[3721] = 3.231930e-09
Cl[3722] = 3.311976e-09
Cl[3723] = 3.393671e-09
Cl[3724] = 3.325378e-09
Cl[3725] = 3.325498e-09
Cl[3726] = 3.312659e-09
Cl[3727] = 3.199985e-09
Cl[3728] = 3.213560e-09
Cl[3729] = 3.207930e-09
Cl[3730] = 3.055656e-09
Cl[3731] = 3.071003e-09
Cl[3732] = 3.166884e-09
Cl[3733] = 3.092053e-09
Cl[3734] = 3.086252e-09
Cl[3735] = 3.190519e-09
Cl[3736] = 3.192017e-09
Cl[3737] = 3.190417e-09
Cl[3738] = 3.231508e-09
Cl[3739] = 3.234594e-09
Cl[3740] = 3.257907e-09
Cl[3741] = 3.236259e-09
Cl[3742] = 3.139197e-09
Cl[3743] = 3.138179e-09
Cl[3744] = 3.198529e-09
Cl[3745] = 3.207275e-09
Cl[3746] = 3.203633e-09
Cl[3747] = 3.175724e-09
Cl[3748] = 3.181410e-09
Cl[3749] = 3.262479e-09
Cl[3750] = 3.242165e-09
Cl[3751] = 3.184787e-09
Cl[3752] = 3.287758e-09
Cl[3753] = 3.362048e-09
Cl[3754] = 3.314002e-09
Cl[3755] = 3.321601e-09
Cl[3756] = 3.322591e-09
Cl[3757] = 3.267091e-09
Cl[3758] = 3.272302e-09
Cl[3759] = 3.250914e-09
Cl[3760] = 3.161222e-09
Cl[3761] = 3.140399e-09
Cl[3762] = 3.167208e-09
Cl[3763] = 3.196944e-09
Cl[3764] = 3.230342e-09
Cl[3765] = 3.184112e-09
Cl[3766] = 3.129252e-09
Cl[3767] = 3.181706e-09
Cl[3768] = 3.243679e-09
Cl[3769] = 3.279044e-09
Cl[3770] = 3.304944e-09
Cl[3771] = 3.239650e-09
Cl[3772] = 3.174457e-09
Cl[3773] = 3.223054e-09
Cl[3774] = 3.249477e-09
Cl[3775] = 3.205373e-09
Cl[3776] = 3.172363e-09
Cl[3777] = 3.120379e-09
Cl[3778] = 3.084225e-09
Cl[3779] = 3.138756e-09
Cl[3780] = 3.171485e-09
Cl[3781] = 3.109915e-09
Cl[3782] = 3.086375e-09
Cl[3783] = 3.163090e-09
Cl[3784] = 3.218520e-09
Cl[3785] = 3.219044e-09
Cl[3786] = 3.278024e-09
Cl[3787] = 3.330841e-09
Cl[3788] = 3.258069e-09
Cl[3789] = 3.239598e-09
Cl[3790] = 3.324268e-09
Cl[3791] = 3.273883e-09
Cl[3792] = 3.194407e-09
Cl[3793] = 3.251165e-09
Cl[3794] = 3.220462e-09
Cl[3795] = 3.137264e-09
Cl[3796] = 3.180499e-09
Cl[3797] = 3.138378e-09
Cl[3798] = 3.073168e-09
Cl[3799] = 3.225332e-09
Cl[3800] = 3.291874e-09
Cl[3801] = 3.207314e-09
Cl[3802] = 3.300001e-09
Cl[3803] = 3.340136e-09
Cl[3804] = 3.167392e-09
Cl[3805] = 3.171631e-09
Cl[3806] = 3.293335e-09
Cl[3807] = 3.240175e-09
Cl[3808] = 3.188631e-09
Cl[3809] = 3.218582e-09
Cl[3810] = 3.212101e-09
Cl[3811] = 3.193707e-09
Cl[3812] = 3.128049e-09
Cl[3813] = 3.070718e-09
Cl[3814] = 3.149375e-09
Cl[3815] = 3.177758e-09
Cl[3816] = 3.093195e-09
Cl[3817] = 3.113717e-09
Cl[3818] = 3.187341e-09
Cl[3819] = 3.223491e-09
Cl[3820] = 3.280854e-09
Cl[3821] = 3.249836e-09
Cl[3822] = 3.186387e-09
Cl[3823] = 3.289407e-09
Cl[3824] = 3.356215e-09
Cl[3825] = 3.252419e-09
Cl[3826] = 3.216019e-09
Cl[3827] = 3.253462e-09
Cl[3828] = 3.231799e-09
Cl[3829] = 3.208746e-09
Cl[3830] = 3.188968e-09
Cl[3831] = 3.190973e-09
Cl[3832] = 3.289251e-09
Cl[3833] = 3.348928e-09
Cl[3834] = 3.280833e-09
Cl[3835] = 3.241960e-09
Cl[3836] = 3.270131e-09
Cl[3837] = 3.240055e-09
Cl[3838] = 3.177089e-09
Cl[3839] = 3.225726e-09
Cl[3840] = 3.326438e-09
Cl[3841] = 3.285897e-09
Cl[3842] = 3.240618e-09
Cl[3843] = 3.380192e-09
Cl[3844] = 3.401922e-09
Cl[3845] = 3.205008e-09
Cl[3846] = 3.229788e-09
Cl[3847] = 3.411500e-09
Cl[3848] = 3.317522e-09
Cl[3849] = 3.152444e-09
Cl[3850] = 3.193720e-09
Cl[3851] = 3.226924e-09
Cl[3852] = 3.156480e-09
Cl[3853] = 3.095796e-09
Cl[3854] = 3.091471e-09
Cl[3855] = 3.159646e-09
Cl[3856] = 3.181536e-09
Cl[3857] = 3.091173e-09
Cl[3858] = 3.066386e-09
Cl[3859] = 3.119291e-09
Cl[3860] = 3.113725e-09
Cl[3861] = 3.107874e-09
Cl[3862] = 3.160786e-09
Cl[3863] = 3.247160e-09
Cl[3864] = 3.323104e-09
Cl[3865] = 3.303549e-09
Cl[3866] = 3.291227e-09
Cl[3867] = 3.383158e-09
Cl[3868] = 3.388590e-09
Cl[3869] = 3.337907e-09
Cl[3870] = 3.402824e-09
Cl[3871] = 3.403729e-09
Cl[3872] = 3.343791e-09
Cl[3873] = 3.398149e-09
Cl[3874] = 3.358318e-09
Cl[3875] = 3.270790e-09
Cl[3876] = 3.414559e-09
Cl[3877] = 3.482583e-09
Cl[3878] = 3.354326e-09
Cl[3879] = 3.432449e-09
Cl[3880] = 3.571480e-09
Cl[3881] = 3.471258e-09
Cl[3882] = 3.382373e-09
Cl[3883] = 3.402055e-09
Cl[3884] = 3.408052e-09
Cl[3885] = 3.417014e-09
Cl[3886] = 3.360331e-09
Cl[3887] = 3.308366e-09
Cl[3888] = 3.398068e-09
Cl[3889] = 3.408942e-09
Cl[3890] = 3.332052e-09
Cl[3891] = 3.416671e-09
Cl[3892] = 3.481256e-09
Cl[3893] = 3.394891e-09
Cl[3894] = 3.350662e-09
Cl[3895] = 3.296897e-09
Cl[3896] = 3.216267e-09
Cl[3897] = 3.237134e-09
Cl[3898] = 3.217038e-09
Cl[3899] = 3.165485e-09
Cl[3900] = 3.258025e-09
Cl[3901] = 3.317393e-09
Cl[3902] = 3.285514e-09
Cl[3903] = 3.338167e-09
Cl[3904] = 3.361830e-09
Cl[3905] = 3.317194e-09
Cl[3906] = 3.360365e-09
Cl[3907] = 3.388423e-09
Cl[3908] = 3.326138e-09
Cl[3909] = 3.282283e-09
Cl[3910] = 3.246067e-09
Cl[3911] = 3.207451e-09
Cl[3912] = 3.176334e-09
Cl[3913] = 3.126585e-09
Cl[3914] = 3.128285e-09
Cl[3915] = 3.157257e-09
Cl[3916] = 3.173534e-09
Cl[3917] = 3.276788e-09
Cl[3918] = 3.316266e-09
Cl[3919] = 3.208358e-09
Cl[3920] = 3.247894e-09
Cl[3921] = 3.312517e-09
Cl[3922] = 3.171562e-09
Cl[3923] = 3.189264e-09
Cl[3924] = 3.350756e-09
Cl[3925] = 3.295373e-09
Cl[3926] = 3.288416e-09
Cl[3927] = 3.393901e-09
Cl[3928] = 3.303816e-09
Cl[3929] = 3.266603e-09
Cl[3930] = 3.341011e-09
Cl[3931] = 3.231893e-09
Cl[3932] = 3.213825e-09
Cl[3933] = 3.333194e-09
Cl[3934] = 3.234454e-09
Cl[3935] = 3.206212e-09
Cl[3936] = 3.366515e-09
Cl[3937] = 3.333871e-09
Cl[3938] = 3.328854e-09
Cl[3939] = 3.472805e-09
Cl[3940] = 3.373060e-09
Cl[3941] = 3.241681e-09
Cl[3942] = 3.315734e-09
Cl[3943] = 3.263321e-09
Cl[3944] = 3.157997e-09
Cl[3945] = 3.192598e-09
Cl[3946] = 3.188786e-09
Cl[3947] = 3.227682e-09
Cl[3948] = 3.329264e-09
Cl[3949] = 3.272504e-09
Cl[3950] = 3.227978e-09
Cl[3951] = 3.252312e-09
Cl[3952] = 3.114211e-09
Cl[3953] = 3.005627e-09
Cl[3954] = 3.049639e-09
Cl[3955] = 3.029883e-09
Cl[3956] = 3.021017e-09
Cl[3957] = 3.080716e-09
Cl[3958] = 3.090476e-09
Cl[3959] = 3.124572e-09
Cl[3960] = 3.120526e-09
Cl[3961] = 3.037949e-09
Cl[3962] = 3.099369e-09
Cl[3963] = 3.133603e-09
Cl[3964] = 2.985329e-09
Cl[3965] = 3.031125e-09
Cl[3966] = 3.188903e-09
Cl[3967] = 3.106999e-09
Cl[3968] = 3.052727e-09
Cl[3969] = 3.117809e-09
Cl[3970] = 3.058399e-09
Cl[3971] = 3.036530e-09
Cl[3972] = 3.111808e-09
Cl[3973] = 3.110272e-09
Cl[3974] = 3.137885e-09
Cl[3975] = 3.181888e-09
Cl[3976] = 3.156955e-09
Cl[3977] = 3.224527e-09
Cl[3978] = 3.270588e-09
Cl[3979] = 3.159753e-09
Cl[3980] = 3.144716e-09
Cl[3981] = 3.166842e-09
Cl[3982] = 3.030531e-09
Cl[3983] = 2.973154e-09
Cl[3984] = 3.021885e-09
Cl[3985] = 2.961014e-09
Cl[3986] = 2.908022e-09
Cl[3987] = 2.955583e-09
Cl[3988] = 3.019534e-09
Cl[3989] = 3.073900e-09
Cl[3990] = 3.029771e-09
Cl[3991] = 2.938464e-09
Cl[3992] = 2.970638e-09
Cl[3993] = 2.985597e-09
Cl[3994] = 2.900767e-09
Cl[3995] = 2.903205e-09
Cl[3996] = 2.948615e-09
Cl[3997] = 2.930712e-09
Cl[3998] = 2.930898e-09
Cl[3999] = 2.923753e-09
Cl[4000] = 2.877714e-09
Cl[4001] = 2.852354e-09
Cl[4002] = 2.833450e-09
Cl[4003] = 2.833239e-09
Cl[4004] = 2.844669e-09
Cl[4005] = 2.854767e-09
Cl[4006] = 2.961097e-09
Cl[4007] = 3.031019e-09
Cl[4008] = 2.937058e-09
Cl[4009] = 2.962754e-09
Cl[4010] = 3.051527e-09
Cl[4011] = 2.928884e-09
Cl[4012] = 2.942942e-09
Cl[4013] = 3.133202e-09
Cl[4014] = 3.053918e-09
Cl[4015] = 3.021761e-09
Cl[4016] = 3.211814e-09
Cl[4017] = 3.052256e-09
Cl[4018] = 2.820645e-09
Cl[4019] = 3.022076e-09
Cl[4020] = 3.082308e-09
Cl[4021] = 2.869041e-09
Cl[4022] = 2.931927e-09
Cl[4023] = 3.052012e-09
Cl[4024] = 2.978187e-09
Cl[4025] = 2.993742e-09
Cl[4026] = 3.017655e-09
Cl[4027] = 2.947129e-09
Cl[4028] = 2.967384e-09
Cl[4029] = 2.984845e-09
Cl[4030] = 2.957183e-09
Cl[4031] = 2.991110e-09
Cl[4032] = 2.958723e-09
Cl[4033] = 2.940275e-09
Cl[4034] = 3.069056e-09
Cl[4035] = 3.080681e-09
Cl[4036] = 3.034034e-09
Cl[4037] = 3.187063e-09
Cl[4038] = 3.221076e-09
Cl[4039] = 3.039641e-09
Cl[4040] = 3.061204e-09
Cl[4041] = 3.166029e-09
Cl[4042] = 3.012108e-09
Cl[4043] = 2.837139e-09
Cl[4044] = 2.843492e-09
Cl[4045] = 2.849338e-09
Cl[4046] = 2.804020e-09
Cl[4047] = 2.793984e-09
Cl[4048] = 2.787900e-09
Cl[4049] = 2.777107e-09
Cl[4050] = 2.818666e-09
Cl[4051] = 2.841712e-09
Cl[4052] = 2.777970e-09
Cl[4053] = 2.789741e-09
Cl[4054] = 2.917437e-09
Cl[4055] = 2.909163e-09
Cl[4056] = 2.792930e-09
Cl[4057] = 2.820962e-09
Cl[4058] = 2.875528e-09
Cl[4059] = 2.820023e-09
Cl[4060] = 2.815123e-09
Cl[4061] = 2.850277e-09
Cl[4062] = 2.832080e-09
Cl[4063] = 2.840744e-09
Cl[4064] = 2.837118e-09
Cl[4065] = 2.801917e-09
Cl[4066] = 2.860437e-09
Cl[4067] = 2.895911e-09
Cl[4068] = 2.805257e-09
Cl[4069] = 2.791718e-09
Cl[4070] = 2.866555e-09
Cl[4071] = 2.860950e-09
Cl[4072] = 2.829276e-09
Cl[4073] = 2.828027e-09
Cl[4074] = 2.812976e-09
Cl[4075] = 2.814177e-09
Cl[4076] = 2.833833e-09
Cl[4077] = 2.835326e-09
Cl[4078] = 2.808235e-09
Cl[4079] = 2.755730e-09
Cl[4080] = 2.765942e-09
Cl[4081] = 2.834026e-09
Cl[4082] = 2.808090e-09
Cl[4083] = 2.770949e-09
Cl[4084] = 2.848964e-09
Cl[4085] = 2.862396e-09
Cl[4086] = 2.789108e-09
Cl[4087] = 2.818396e-09
Cl[4088] = 2.848487e-09
Cl[4089] = 2.768451e-09
Cl[4090] = 2.732287e-09
Cl[4091] = 2.762329e-09
Cl[4092] = 2.761171e-09
Cl[4093] = 2.761832e-09
Cl[4094] = 2.789755e-09
Cl[4095] = 2.811470e-09
Cl[4096] = 2.806750e-09
Cl[4097] = 2.763886e-09
Cl[4098] = 2.713527e-09
Cl[4099] = 2.680311e-09
Cl[4100] = 2.664910e-09
Cl[4101] = 2.690959e-09
Cl[4102] = 2.705886e-09
Cl[4103] = 2.656414e-09
Cl[4104] = 2.633869e-09
Cl[4105] = 2.664371e-09
Cl[4106] = 2.679040e-09
Cl[4107] = 2.709456e-09
Cl[4108] = 2.755825e-09
Cl[4109] = 2.775637e-09
Cl[4110] = 2.828231e-09
Cl[4111] = 2.876754e-09
Cl[4112] = 2.816110e-09
Cl[4113] = 2.749378e-09
Cl[4114] = 2.778378e-09
Cl[4115] = 2.800743e-09
Cl[4116] = 2.750854e-09
Cl[4117] = 2.712082e-09
Cl[4118] = 2.752773e-09
Cl[4119] = 2.802061e-09
Cl[4120] = 2.787966e-09
Cl[4121] = 2.797159e-09
Cl[4122] = 2.838900e-09
Cl[4123] = 2.808843e-09
Cl[4124] = 2.812717e-09
Cl[4125] = 2.895142e-09
Cl[4126] = 2.855098e-09
Cl[4127] = 2.779489e-09
Cl[4128] = 2.838952e-09
Cl[4129] = 2.820006e-09
Cl[4130] = 2.711291e-09
Cl[4131] = 2.768835e-09
Cl[4132] = 2.873689e-09
Cl[4133] = 2.871164e-09
Cl[4134] = 2.874302e-09
Cl[4135] = 2.858896e-09
Cl[4136] = 2.787707e-09
Cl[4137] = 2.746897e-09
Cl[4138] = 2.717029e-09
Cl[4139] = 2.716366e-09
Cl[4140] = 2.760191e-09
Cl[4141] = 2.753333e-09
Cl[4142] = 2.783775e-09
Cl[4143] = 2.869341e-09
Cl[4144] = 2.812802e-09
Cl[4145] = 2.766045e-09
Cl[4146] = 2.870685e-09
Cl[4147] = 2.836568e-09
Cl[4148] = 2.721438e-09
Cl[4149] = 2.782419e-09
Cl[4150] = 2.775763e-09
Cl[4151] = 2.639936e-09
Cl[4152] = 2.656101e-09
Cl[4153] = 2.724503e-09
Cl[4154] = 2.724875e-09
Cl[4155] = 2.769099e-09
Cl[4156] = 2.777335e-09
Cl[4157] = 2.759382e-09
Cl[4158] = 2.853740e-09
Cl[4159] = 2.901968e-09
Cl[4160] = 2.820172e-09
Cl[4161] = 2.762008e-09
Cl[4162] = 2.724614e-09
Cl[4163] = 2.706171e-09
Cl[4164] = 2.760178e-09
Cl[4165] = 2.775266e-09
Cl[4166] = 2.725540e-09
Cl[4167] = 2.717895e-09
Cl[4168] = 2.753580e-09
Cl[4169] = 2.788985e-09
Cl[4170] = 2.779789e-09
Cl[4171] = 2.769652e-09
Cl[4172] = 2.867885e-09
Cl[4173] = 2.928025e-09
Cl[4174] = 2.851055e-09
Cl[4175] = 2.868884e-09
Cl[4176] = 2.936264e-09
Cl[4177] = 2.850463e-09
Cl[4178] = 2.800232e-09
Cl[4179] = 2.829527e-09
Cl[4180] = 2.760610e-09
Cl[4181] = 2.711115e-09
Cl[4182] = 2.706580e-09
Cl[4183] = 2.666273e-09
Cl[4184] = 2.748426e-09
Cl[4185] = 2.831368e-09
Cl[4186] = 2.747324e-09
Cl[4187] = 2.818190e-09
Cl[4188] = 3.008192e-09
Cl[4189] = 2.951307e-09
Cl[4190] = 2.875940e-09
Cl[4191] = 2.944012e-09
Cl[4192] = 2.872982e-09
Cl[4193] = 2.744032e-09
Cl[4194] = 2.730904e-09
Cl[4195] = 2.712170e-09
Cl[4196] = 2.705114e-09
Cl[4197] = 2.722428e-09
Cl[4198] = 2.706596e-09
Cl[4199] = 2.763464e-09
Cl[4200] = 2.804818e-09
Cl[4201] = 2.720247e-09
Cl[4202] = 2.735561e-09
Cl[4203] = 2.829531e-09
Cl[4204] = 2.792662e-09
Cl[4205] = 2.760585e-09
Cl[4206] = 2.799529e-09
Cl[4207] = 2.826275e-09
Cl[4208] = 2.891072e-09
Cl[4209] = 2.900781e-09
Cl[4210] = 2.833869e-09
Cl[4211] = 2.877035e-09
Cl[4212] = 2.894803e-09
Cl[4213] = 2.791022e-09
Cl[4214] = 2.807308e-09
Cl[4215] = 2.873343e-09
Cl[4216] = 2.867981e-09
Cl[4217] = 2.946185e-09
Cl[4218] = 2.961452e-09
Cl[4219] = 2.836239e-09
Cl[4220] = 2.867888e-09
Cl[4221] = 2.937352e-09
Cl[4222] = 2.830765e-09
Cl[4223] = 2.797695e-09
Cl[4224] = 2.843777e-09
Cl[4225] = 2.788461e-09
Cl[4226] = 2.767167e-09
Cl[4227] = 2.800092e-09
Cl[4228] = 2.820291e-09
Cl[4229] = 2.877683e-09
Cl[4230] = 2.832353e-09
Cl[4231] = 2.721367e-09
Cl[4232] = 2.815758e-09
Cl[4233] = 2.923447e-09
Cl[4234] = 2.825313e-09
Cl[4235] = 2.768157e-09
Cl[4236] = 2.813031e-09
Cl[4237] = 2.816210e-09
Cl[4238] = 2.822942e-09
Cl[4239] = 2.830366e-09
Cl[4240] = 2.805381e-09
Cl[4241] = 2.784332e-09
Cl[4242] = 2.744696e-09
Cl[4243] = 2.748498e-09
Cl[4244] = 2.805991e-09
Cl[4245] = 2.763858e-09
Cl[4246] = 2.708037e-09
Cl[4247] = 2.759649e-09
Cl[4248] = 2.778406e-09
Cl[4249] = 2.784082e-09
Cl[4250] = 2.838609e-09
Cl[4251] = 2.819091e-09
Cl[4252] = 2.812728e-09
Cl[4253] = 2.892729e-09
Cl[4254] = 2.893270e-09
Cl[4255] = 2.850871e-09
Cl[4256] = 2.832080e-09
Cl[4257] = 2.791837e-09
Cl[4258] = 2.846693e-09
Cl[4259] = 2.907377e-09
Cl[4260] = 2.839137e-09
Cl[4261] = 2.919018e-09
Cl[4262] = 3.067892e-09
Cl[4263] = 2.961095e-09
Cl[4264] = 2.915861e-09
Cl[4265] = 3.026127e-09
Cl[4266] = 2.917767e-09
Cl[4267] = 2.826963e-09
Cl[4268] = 2.941595e-09
Cl[4269] = 2.903553e-09
Cl[4270] = 2.799108e-09
Cl[4271] = 2.797475e-09
Cl[4272] = 2.708655e-09
Cl[4273] = 2.676925e-09
Cl[4274] = 2.768118e-09
Cl[4275] = 2.759519e-09
Cl[4276] = 2.809674e-09
Cl[4277] = 2.905070e-09
Cl[4278] = 2.816725e-09
Cl[4279] = 2.833050e-09
Cl[4280] = 2.935914e-09
Cl[4281] = 2.783532e-09
Cl[4282] = 2.729092e-09
Cl[4283] = 2.872163e-09
Cl[4284] = 2.803728e-09
Cl[4285] = 2.779346e-09
Cl[4286] = 2.897752e-09
Cl[4287] = 2.763449e-09
Cl[4288] = 2.702820e-09
Cl[4289] = 2.899712e-09
Cl[4290] = 2.850333e-09
Cl[4291] = 2.741243e-09
Cl[4292] = 2.861243e-09
Cl[4293] = 2.816241e-09
Cl[4294] = 2.710236e-09
Cl[4295] = 2.821123e-09
Cl[4296] = 2.819282e-09
Cl[4297] = 2.725566e-09
Cl[4298] = 2.782882e-09
Cl[4299] = 2.789592e-09
Cl[4300] = 2.764850e-09
Cl[4301] = 2.838841e-09
Cl[4302] = 2.819474e-09
Cl[4303] = 2.752020e-09
Cl[4304] = 2.757946e-09
Cl[4305] = 2.711654e-09
Cl[4306] = 2.676153e-09
Cl[4307] = 2.702947e-09
Cl[4308] = 2.671940e-09
Cl[4309] = 2.657756e-09
Cl[4310] = 2.676756e-09
Cl[4311] = 2.666820e-09
Cl[4312] = 2.728878e-09
Cl[4313] = 2.751728e-09
Cl[4314] = 2.658176e-09
Cl[4315] = 2.690137e-09
Cl[4316] = 2.742834e-09
Cl[4317] = 2.654530e-09
Cl[4318] = 2.683986e-09
Cl[4319] = 2.743763e-09
Cl[4320] = 2.658381e-09
Cl[4321] = 2.742409e-09
Cl[4322] = 2.888507e-09
Cl[4323] = 2.778131e-09
Cl[4324] = 2.764944e-09
Cl[4325] = 2.914614e-09
Cl[4326] = 2.812997e-09
Cl[4327] = 2.660221e-09
Cl[4328] = 2.731488e-09
Cl[4329] = 2.767060e-09
Cl[4330] = 2.708508e-09
Cl[4331] = 2.724979e-09
Cl[4332] = 2.780656e-09
Cl[4333] = 2.786307e-09
Cl[4334] = 2.726108e-09
Cl[4335] = 2.717022e-09
Cl[4336] = 2.799816e-09
Cl[4337] = 2.739936e-09
Cl[4338] = 2.597152e-09
Cl[4339] = 2.665193e-09
Cl[4340] = 2.733725e-09
Cl[4341] = 2.632883e-09
Cl[4342] = 2.644514e-09
Cl[4343] = 2.716719e-09
Cl[4344] = 2.658285e-09
Cl[4345] = 2.667591e-09
Cl[4346] = 2.747622e-09
Cl[4347] = 2.690290e-09
Cl[4348] = 2.595367e-09
Cl[4349] = 2.601188e-09
Cl[4350] = 2.658561e-09
Cl[4351] = 2.667883e-09
Cl[4352] = 2.608277e-09
Cl[4353] = 2.645530e-09
Cl[4354] = 2.765511e-09
Cl[4355] = 2.728086e-09
Cl[4356] = 2.673944e-09
Cl[4357] = 2.753934e-09
Cl[4358] = 2.711901e-09
Cl[4359] = 2.618514e-09
Cl[4360] = 2.677155e-09
Cl[4361] = 2.657569e-09
Cl[4362] = 2.613672e-09
Cl[4363] = 2.730697e-09
Cl[4364] = 2.692758e-09
Cl[4365] = 2.559259e-09
Cl[4366] = 2.685613e-09
Cl[4367] = 2.739235e-09
Cl[4368] = 2.566646e-09
Cl[4369] = 2.577163e-09
Cl[4370] = 2.664754e-09
Cl[4371] = 2.611455e-09
Cl[4372] = 2.632089e-09
Cl[4373] = 2.644848e-09
Cl[4374] = 2.539818e-09
Cl[4375] = 2.564819e-09
Cl[4376] = 2.617522e-09
Cl[4377] = 2.501443e-09
Cl[4378] = 2.443126e-09
Cl[4379] = 2.482909e-09
Cl[4380] = 2.488793e-09
Cl[4381] = 2.560176e-09
Cl[4382] = 2.628315e-09
Cl[4383] = 2.558733e-09
Cl[4384] = 2.531900e-09
Cl[4385] = 2.604157e-09
Cl[4386] = 2.624814e-09
Cl[4387] = 2.617782e-09
Cl[4388] = 2.615671e-09
Cl[4389] = 2.583900e-09
Cl[4390] = 2.588610e-09
Cl[4391] = 2.614704e-09
Cl[4392] = 2.573684e-09
Cl[4393] = 2.533320e-09
Cl[4394] = 2.549095e-09
Cl[4395] = 2.541426e-09
Cl[4396] = 2.502582e-09
Cl[4397] = 2.496934e-09
Cl[4398] = 2.503395e-09
Cl[4399] = 2.482375e-09
Cl[4400] = 2.469807e-09
Cl[4401] = 2.485465e-09
Cl[4402] = 2.491962e-09
Cl[4403] = 2.474796e-09
Cl[4404] = 2.436288e-09
Cl[4405] = 2.400009e-09
Cl[4406] = 2.433428e-09
Cl[4407] = 2.498260e-09
Cl[4408] = 2.499316e-09
Cl[4409] = 2.514543e-09
Cl[4410] = 2.575758e-09
Cl[4411] = 2.555974e-09
Cl[4412] = 2.531589e-09
Cl[4413] = 2.595973e-09
Cl[4414] = 2.574713e-09
Cl[4415] = 2.499689e-09
Cl[4416] = 2.558487e-09
Cl[4417] = 2.588051e-09
Cl[4418] = 2.508480e-09
Cl[4419] = 2.524380e-09
Cl[4420] = 2.548014e-09
Cl[4421] = 2.445315e-09
Cl[4422] = 2.409130e-09
Cl[4423] = 2.458214e-09
Cl[4424] = 2.444069e-09
Cl[4425] = 2.435412e-09
Cl[4426] = 2.453546e-09
Cl[4427] = 2.435285e-09
Cl[4428] = 2.452651e-09
Cl[4429] = 2.483865e-09
Cl[4430] = 2.459296e-09
Cl[4431] = 2.482235e-09
Cl[4432] = 2.552056e-09
Cl[4433] = 2.556690e-09
Cl[4434] = 2.555396e-09
Cl[4435] = 2.586935e-09
Cl[4436] = 2.567964e-09
Cl[4437] = 2.516311e-09
Cl[4438] = 2.487696e-09
Cl[4439] = 2.479652e-09
Cl[4440] = 2.500012e-09
Cl[4441] = 2.505525e-09
Cl[4442] = 2.452740e-09
Cl[4443] = 2.422696e-09
Cl[4444] = 2.449254e-09
Cl[4445] = 2.443571e-09
Cl[4446] = 2.409733e-09
Cl[4447] = 2.423863e-09
Cl[4448] = 2.443774e-09
Cl[4449] = 2.413622e-09
Cl[4450] = 2.401912e-09
Cl[4451] = 2.446735e-09
Cl[4452] = 2.477028e-09
Cl[4453] = 2.466766e-09
Cl[4454] = 2.450620e-09
Cl[4455] = 2.449733e-09
Cl[4456] = 2.491935e-09
Cl[4457] = 2.532946e-09
Cl[4458] = 2.490207e-09
Cl[4459] = 2.461118e-09
Cl[4460] = 2.517149e-09
Cl[4461] = 2.482645e-09
Cl[4462] = 2.359922e-09
Cl[4463] = 2.378509e-09
Cl[4464] = 2.456296e-09
Cl[4465] = 2.399928e-09
Cl[4466] = 2.346987e-09
Cl[4467] = 2.397886e-09
Cl[4468] = 2.423657e-09
Cl[4469] = 2.416520e-09
Cl[4470] = 2.436868e-09
Cl[4471] = 2.424057e-09
Cl[4472] = 2.375453e-09
Cl[4473] = 2.367328e-09
Cl[4474] = 2.369026e-09
Cl[4475] = 2.322062e-09
Cl[4476] = 2.299197e-09
Cl[4477] = 2.361457e-09
Cl[4478] = 2.405984e-09
Cl[4479] = 2.382331e-09
Cl[4480] = 2.404378e-09
Cl[4481] = 2.466484e-09
Cl[4482] = 2.454110e-09
Cl[4483] = 2.410001e-09
Cl[4484] = 2.394426e-09
Cl[4485] = 2.375535e-09
Cl[4486] = 2.369932e-09
Cl[4487] = 2.360767e-09
Cl[4488] = 2.338707e-09
Cl[4489] = 2.405539e-09
Cl[4490] = 2.480302e-09
Cl[4491] = 2.415899e-09
Cl[4492] = 2.382307e-09
Cl[4493] = 2.446061e-09
Cl[4494] = 2.401099e-09
Cl[4495] = 2.324737e-09
Cl[4496] = 2.373945e-09
Cl[4497] = 2.401425e-09
Cl[4498] = 2.381619e-09
Cl[4499] = 2.416134e-09
Cl[4500] = 2.397356e-09
Cl[4501] = 2.313325e-09
Cl[4502] = 2.312457e-09
Cl[4503] = 2.361771e-09
Cl[4504] = 2.376103e-09
Cl[4505] = 2.380286e-09
Cl[4506] = 2.388199e-09
Cl[4507] = 2.395841e-09
Cl[4508] = 2.390711e-09
Cl[4509] = 2.369873e-09
Cl[4510] = 2.367163e-09
Cl[4511] = 2.368938e-09
Cl[4512] = 2.379766e-09
Cl[4513] = 2.435441e-09
Cl[4514] = 2.450772e-09
Cl[4515] = 2.411964e-09
Cl[4516] = 2.431358e-09
Cl[4517] = 2.439990e-09
Cl[4518] = 2.398738e-09
Cl[4519] = 2.439523e-09
Cl[4520] = 2.468746e-09
Cl[4521] = 2.385851e-09
Cl[4522] = 2.355075e-09
Cl[4523] = 2.363109e-09
Cl[4524] = 2.319939e-09
Cl[4525] = 2.348040e-09
Cl[4526] = 2.407100e-09
Cl[4527] = 2.408676e-09
Cl[4528] = 2.458928e-09
Cl[4529] = 2.477868e-09
Cl[4530] = 2.413255e-09
Cl[4531] = 2.465681e-09
Cl[4532] = 2.531072e-09
Cl[4533] = 2.449440e-09
Cl[4534] = 2.441621e-09
Cl[4535] = 2.500950e-09
Cl[4536] = 2.454083e-09
Cl[4537] = 2.459622e-09
Cl[4538] = 2.511949e-09
Cl[4539] = 2.432975e-09
Cl[4540] = 2.375648e-09
Cl[4541] = 2.418902e-09
Cl[4542] = 2.432738e-09
Cl[4543] = 2.448638e-09
Cl[4544] = 2.447555e-09
Cl[4545] = 2.385308e-09
Cl[4546] = 2.389383e-09
Cl[4547] = 2.410520e-09
Cl[4548] = 2.350502e-09
Cl[4549] = 2.345161e-09
Cl[4550] = 2.388466e-09
Cl[4551] = 2.399262e-09
Cl[4552] = 2.468135e-09
Cl[4553] = 2.529625e-09
Cl[4554] = 2.494821e-09
Cl[4555] = 2.495037e-09
Cl[4556] = 2.512652e-09
Cl[4557] = 2.444779e-09
Cl[4558] = 2.370615e-09
Cl[4559] = 2.349219e-09
Cl[4560] = 2.406190e-09
Cl[4561] = 2.498083e-09
Cl[4562] = 2.466116e-09
Cl[4563] = 2.431502e-09
Cl[4564] = 2.556370e-09
Cl[4565] = 2.593501e-09
Cl[4566] = 2.507931e-09
Cl[4567] = 2.550575e-09
Cl[4568] = 2.578981e-09
Cl[4569] = 2.479758e-09
Cl[4570] = 2.458146e-09
Cl[4571] = 2.468237e-09
Cl[4572] = 2.435125e-09
Cl[4573] = 2.471616e-09
Cl[4574] = 2.473376e-09
Cl[4575] = 2.415136e-09
Cl[4576] = 2.464119e-09
Cl[4577] = 2.486698e-09
Cl[4578] = 2.393780e-09
Cl[4579] = 2.386493e-09
Cl[4580] = 2.438280e-09
Cl[4581] = 2.431149e-09
Cl[4582] = 2.428681e-09
Cl[4583] = 2.427557e-09
Cl[4584] = 2.432083e-09
Cl[4585] = 2.459734e-09
Cl[4586] = 2.415830e-09
Cl[4587] = 2.383704e-09
Cl[4588] = 2.458621e-09
Cl[4589] = 2.467846e-09
Cl[4590] = 2.430261e-09
Cl[4591] = 2.493284e-09
Cl[4592] = 2.512179e-09
Cl[4593] = 2.447297e-09
Cl[4594] = 2.447498e-09
Cl[4595] = 2.470841e-09
Cl[4596] = 2.485829e-09
Cl[4597] = 2.515984e-09
Cl[4598] = 2.490023e-09
Cl[4599] = 2.476429e-09
Cl[4600] = 2.534083e-09
Cl[4601] = 2.540407e-09
Cl[4602] = 2.515608e-09
Cl[4603] = 2.503047e-09
Cl[4604] = 2.441368e-09
Cl[4605] = 2.428050e-09
Cl[4606] = 2.454882e-09
Cl[4607] = 2.375838e-09
Cl[4608] = 2.344226e-09
Cl[4609] = 2.427298e-09
Cl[4610] = 2.420653e-09
Cl[4611] = 2.410344e-09
Cl[4612] = 2.503371e-09
Cl[4613] = 2.509734e-09
Cl[4614] = 2.438119e-09
Cl[4615] = 2.429482e-09
Cl[4616] = 2.458380e-09
Cl[4617] = 2.492750e-09
Cl[4618] = 2.458015e-09
Cl[4619] = 2.396714e-09
Cl[4620] = 2.507733e-09
Cl[4621] = 2.591095e-09
Cl[4622] = 2.453812e-09
Cl[4623] = 2.458448e-09
Cl[4624] = 2.622838e-09
Cl[4625] = 2.596506e-09
Cl[4626] = 2.570881e-09
Cl[4627] = 2.663510e-09
Cl[4628] = 2.596923e-09
Cl[4629] = 2.514011e-09
Cl[4630] = 2.570572e-09
Cl[4631] = 2.535583e-09
Cl[4632] = 2.474325e-09
Cl[4633] = 2.511934e-09
Cl[4634] = 2.490116e-09
Cl[4635] = 2.467770e-09
Cl[4636] = 2.504004e-09
Cl[4637] = 2.470632e-09
Cl[4638] = 2.487426e-09
Cl[4639] = 2.575570e-09
Cl[4640] = 2.529491e-09
Cl[4641] = 2.475297e-09
Cl[4642] = 2.516838e-09
Cl[4643] = 2.490465e-09
Cl[4644] = 2.478876e-09
Cl[4645] = 2.537820e-09
Cl[4646] = 2.503000e-09
Cl[4647] = 2.490011e-09
Cl[4648] = 2.581885e-09
Cl[4649] = 2.565656e-09
Cl[4650] = 2.494222e-09
Cl[4651] = 2.522221e-09
Cl[4652] = 2.512446e-09
Cl[4653] = 2.434390e-09
Cl[4654] = 2.414605e-09
Cl[4655] = 2.430033e-09
Cl[4656] = 2.438374e-09
Cl[4657] = 2.451261e-09
Cl[4658] = 2.459695e-09
Cl[4659] = 2.479205e-09
Cl[4660] = 2.518730e-09
Cl[4661] = 2.557751e-09
Cl[4662] = 2.548703e-09
Cl[4663] = 2.463435e-09
Cl[4664] = 2.416301e-09
Cl[4665] = 2.449276e-09
Cl[4666] = 2.410672e-09
Cl[4667] = 2.348923e-09
Cl[4668] = 2.400121e-09
Cl[4669] = 2.432633e-09
Cl[4670] = 2.424015e-09
Cl[4671] = 2.500432e-09
Cl[4672] = 2.556939e-09
Cl[4673] = 2.556835e-09
Cl[4674] = 2.584022e-09
Cl[4675] = 2.528242e-09
Cl[4676] = 2.442114e-09
Cl[4677] = 2.503146e-09
Cl[4678] = 2.535913e-09
Cl[4679] = 2.457713e-09
Cl[4680] = 2.466833e-09
Cl[4681] = 2.493701e-09
Cl[4682] = 2.430479e-09
Cl[4683] = 2.408333e-09
Cl[4684] = 2.421654e-09
Cl[4685] = 2.420111e-09
Cl[4686] = 2.453893e-09
Cl[4687] = 2.461793e-09
Cl[4688] = 2.448111e-09
Cl[4689] = 2.488266e-09
Cl[4690] = 2.490959e-09
Cl[4691] = 2.456163e-09
Cl[4692] = 2.461282e-09
Cl[4693] = 2.412399e-09
Cl[4694] = 2.342746e-09
Cl[4695] = 2.360288e-09
Cl[4696] = 2.356266e-09
Cl[4697] = 2.342498e-09
Cl[4698] = 2.416376e-09
Cl[4699] = 2.453131e-09
Cl[4700] = 2.455479e-09
Cl[4701] = 2.511260e-09
Cl[4702] = 2.477917e-09
Cl[4703] = 2.398997e-09
Cl[4704] = 2.454447e-09
Cl[4705] = 2.486702e-09
Cl[4706] = 2.423310e-09
Cl[4707] = 2.439166e-09
Cl[4708] = 2.456531e-09
Cl[4709] = 2.388566e-09
Cl[4710] = 2.402393e-09
Cl[4711] = 2.478654e-09
Cl[4712] = 2.444915e-09
Cl[4713] = 2.348210e-09
Cl[4714] = 2.318200e-09
Cl[4715] = 2.347372e-09
Cl[4716] = 2.341199e-09
Cl[4717] = 2.294925e-09
Cl[4718] = 2.313882e-09
Cl[4719] = 2.361724e-09
Cl[4720] = 2.331672e-09
Cl[4721] = 2.323710e-09
Cl[4722] = 2.382830e-09
Cl[4723] = 2.370916e-09
Cl[4724] = 2.329581e-09
Cl[4725] = 2.356001e-09
Cl[4726] = 2.341311e-09
Cl[4727] = 2.275867e-09
Cl[4728] = 2.291695e-09
Cl[4729] = 2.340524e-09
Cl[4730] = 2.312746e-09
Cl[4731] = 2.275591e-09
Cl[4732] = 2.318635e-09
Cl[4733] = 2.370838e-09
Cl[4734] = 2.343382e-09
Cl[4735] = 2.314864e-09
Cl[4736] = 2.349281e-09
Cl[4737] = 2.347785e-09
Cl[4738] = 2.308026e-09
Cl[4739] = 2.329338e-09
Cl[4740] = 2.352791e-09
Cl[4741] = 2.317745e-09
Cl[4742] = 2.275979e-09
Cl[4743] = 2.223941e-09
Cl[4744] = 2.193987e-09
Cl[4745] = 2.242685e-09
Cl[4746] = 2.286146e-09
Cl[4747] = 2.310332e-09
Cl[4748] = 2.373294e-09
Cl[4749] = 2.386409e-09
Cl[4750] = 2.360622e-09
Cl[4751] = 2.393728e-09
Cl[4752] = 2.365399e-09
Cl[4753] = 2.260059e-09
Cl[4754] = 2.256383e-09
Cl[4755] = 2.284170e-09
Cl[4756] = 2.233896e-09
Cl[4757] = 2.215031e-09
Cl[4758] = 2.236789e-09
Cl[4759] = 2.254261e-09
Cl[4760] = 2.298992e-09
Cl[4761] = 2.304991e-09
Cl[4762] = 2.286808e-09
Cl[4763] = 2.341388e-09
Cl[4764] = 2.345797e-09
Cl[4765] = 2.272764e-09
Cl[4766] = 2.309176e-09
Cl[4767] = 2.374522e-09
Cl[4768] = 2.329421e-09
Cl[4769] = 2.310997e-09
Cl[4770] = 2.342031e-09
Cl[4771] = 2.334600e-09
Cl[4772] = 2.364352e-09
Cl[4773] = 2.402849e-09
Cl[4774] = 2.354627e-09
Cl[4775] = 2.336728e-09
Cl[4776] = 2.376457e-09
Cl[4777] = 2.330971e-09
Cl[4778] = 2.252618e-09
Cl[4779] = 2.252120e-09
Cl[4780] = 2.262908e-09
Cl[4781] = 2.265485e-09
Cl[4782] = 2.311855e-09
Cl[4783] = 2.337312e-09
Cl[4784] = 2.304686e-09
Cl[4785] = 2.297627e-09
Cl[4786] = 2.307725e-09
Cl[4787] = 2.264620e-09
Cl[4788] = 2.222559e-09
Cl[4789] = 2.203950e-09
Cl[4790] = 2.141984e-09
Cl[4791] = 2.125512e-09
Cl[4792] = 2.241538e-09
Cl[4793] = 2.330610e-09
Cl[4794] = 2.317758e-09
Cl[4795] = 2.317171e-09
Cl[4796] = 2.307980e-09
Cl[4797] = 2.258193e-09
Cl[4798] = 2.255965e-09
Cl[4799] = 2.256546e-09
Cl[4800] = 2.210300e-09
Cl[4801] = 2.220750e-09
Cl[4802] = 2.266951e-09
Cl[4803] = 2.266813e-09
Cl[4804] = 2.274798e-09
Cl[4805] = 2.281442e-09
Cl[4806] = 2.253567e-09
Cl[4807] = 2.267069e-09
Cl[4808] = 2.292631e-09
Cl[4809] = 2.263518e-09
Cl[4810] = 2.248071e-09
Cl[4811] = 2.248612e-09
Cl[4812] = 2.227887e-09
Cl[4813] = 2.246980e-09
Cl[4814] = 2.283047e-09
Cl[4815] = 2.277232e-09
Cl[4816] = 2.281650e-09
Cl[4817] = 2.286065e-09
Cl[4818] = 2.245301e-09
Cl[4819] = 2.219844e-09
Cl[4820] = 2.229447e-09
Cl[4821] = 2.235090e-09
Cl[4822] = 2.229924e-09
Cl[4823] = 2.195779e-09
Cl[4824] = 2.167201e-09
Cl[4825] = 2.203730e-09
Cl[4826] = 2.236016e-09
Cl[4827] = 2.213235e-09
Cl[4828] = 2.210248e-09
Cl[4829] = 2.245439e-09
Cl[4830] = 2.264210e-09
Cl[4831] = 2.243779e-09
Cl[4832] = 2.213953e-09
Cl[4833] = 2.237157e-09
Cl[4834] = 2.276089e-09
Cl[4835] = 2.235008e-09
Cl[4836] = 2.182546e-09
Cl[4837] = 2.200998e-09
Cl[4838] = 2.211171e-09
Cl[4839] = 2.183769e-09
Cl[4840] = 2.170451e-09
Cl[4841] = 2.179898e-09
Cl[4842] = 2.218446e-09
Cl[4843] = 2.234444e-09
Cl[4844] = 2.178007e-09
Cl[4845] = 2.159382e-09
Cl[4846] = 2.210287e-09
Cl[4847] = 2.207214e-09
Cl[4848] = 2.180304e-09
Cl[4849] = 2.207839e-09
Cl[4850] = 2.226169e-09
Cl[4851] = 2.223881e-09
Cl[4852] = 2.233501e-09
Cl[4853] = 2.226065e-09
Cl[4854] = 2.213196e-09
Cl[4855] = 2.208419e-09
Cl[4856] = 2.194806e-09
Cl[4857] = 2.181510e-09
Cl[4858] = 2.144253e-09
Cl[4859] = 2.109972e-09
Cl[4860] = 2.156260e-09
Cl[4861] = 2.192746e-09
Cl[4862] = 2.161285e-09
Cl[4863] = 2.192428e-09
Cl[4864] = 2.261155e-09
Cl[4865] = 2.250682e-09
Cl[4866] = 2.208817e-09
Cl[4867] = 2.165051e-09
Cl[4868] = 2.145678e-09
Cl[4869] = 2.192020e-09
Cl[4870] = 2.177383e-09
Cl[4871] = 2.123488e-09
Cl[4872] = 2.207099e-09
Cl[4873] = 2.262479e-09
Cl[4874] = 2.182325e-09
Cl[4875] = 2.205346e-09
Cl[4876] = 2.275698e-09
Cl[4877] = 2.247052e-09
Cl[4878] = 2.299721e-09
Cl[4879] = 2.365376e-09
Cl[4880] = 2.274028e-09
Cl[4881] = 2.247538e-09
Cl[4882] = 2.300104e-09
Cl[4883] = 2.221307e-09
Cl[4884] = 2.164268e-09
Cl[4885] = 2.213082e-09
Cl[4886] = 2.199989e-09
Cl[4887] = 2.173288e-09
Cl[4888] = 2.188204e-09
Cl[4889] = 2.186984e-09
Cl[4890] = 2.219495e-09
Cl[4891] = 2.217911e-09
Cl[4892] = 2.124097e-09
Cl[4893] = 2.120268e-09
Cl[4894] = 2.175980e-09
Cl[4895] = 2.127726e-09
Cl[4896] = 2.097222e-09
Cl[4897] = 2.126366e-09
Cl[4898] = 2.116560e-09
Cl[4899] = 2.154050e-09
Cl[4900] = 2.230628e-09
Cl[4901] = 2.228832e-09
Cl[4902] = 2.224647e-09
Cl[4903] = 2.242432e-09
Cl[4904] = 2.213524e-09
Cl[4905] = 2.201515e-09
Cl[4906] = 2.214188e-09
Cl[4907] = 2.208568e-09
Cl[4908] = 2.243214e-09
Cl[4909] = 2.299271e-09
Cl[4910] = 2.323819e-09
Cl[4911] = 2.333397e-09
Cl[4912] = 2.289077e-09
Cl[4913] = 2.225637e-09
Cl[4914] = 2.238369e-09
Cl[4915] = 2.249061e-09
Cl[4916] = 2.215845e-09
Cl[4917] = 2.208624e-09
Cl[4918] = 2.189220e-09
Cl[4919] = 2.176640e-09
Cl[4920] = 2.229186e-09
Cl[4921] = 2.234319e-09
Cl[4922] = 2.186989e-09
Cl[4923] = 2.184641e-09
Cl[4924] = 2.156555e-09
Cl[4925] = 2.130268e-09
Cl[4926] = 2.200279e-09
Cl[4927] = 2.225313e-09
Cl[4928] = 2.176618e-09
Cl[4929] = 2.209865e-09
Cl[4930] = 2.267740e-09
Cl[4931] = 2.257689e-09
Cl[4932] = 2.232693e-09
Cl[4933] = 2.211203e-09
Cl[4934] = 2.208513e-09
Cl[4935] = 2.201724e-09
Cl[4936] = 2.144970e-09
Cl[4937] = 2.144959e-09
Cl[4938] = 2.191615e-09
Cl[4939] = 2.143342e-09
Cl[4940] = 2.134223e-09
Cl[4941] = 2.224822e-09
Cl[4942] = 2.207989e-09
Cl[4943] = 2.161100e-09
Cl[4944] = 2.202728e-09
Cl[4945] = 2.166516e-09
Cl[4946] = 2.130796e-09
Cl[4947] = 2.227010e-09
Cl[4948] = 2.241572e-09
Cl[4949] = 2.183517e-09
Cl[4950] = 2.239208e-09
Cl[4951] = 2.267774e-09
Cl[4952] = 2.209156e-09
Cl[4953] = 2.206643e-09
Cl[4954] = 2.215444e-09
Cl[4955] = 2.186703e-09
Cl[4956] = 2.159043e-09
Cl[4957] = 2.122586e-09
Cl[4958] = 2.143440e-09
Cl[4959] = 2.200383e-09
Cl[4960] = 2.165364e-09
Cl[4961] = 2.144224e-09
Cl[4962] = 2.194252e-09
Cl[4963] = 2.164984e-09
Cl[4964] = 2.136112e-09
Cl[4965] = 2.192861e-09
Cl[4966] = 2.182796e-09
Cl[4967] = 2.148753e-09
Cl[4968] = 2.191142e-09
Cl[4969] = 2.210164e-09
Cl[4970] = 2.234913e-09
Cl[4971] = 2.291978e-09
Cl[4972] = 2.272594e-09
Cl[4973] = 2.281941e-09
Cl[4974] = 2.365193e-09
Cl[4975] = 2.333596e-09
Cl[4976] = 2.281976e-09
Cl[4977] = 2.349333e-09
Cl[4978] = 2.335627e-09
Cl[4979] = 2.228645e-09
Cl[4980] = 2.214026e-09
Cl[4981] = 2.217458e-09
Cl[4982] = 2.181406e-09
Cl[4983] = 2.193656e-09
Cl[4984] = 2.203328e-09
Cl[4985] = 2.185850e-09
Cl[4986] = 2.228788e-09
Cl[4987] = 2.289088e-09
Cl[4988] = 2.281253e-09
Cl[4989] = 2.242697e-09
Cl[4990] = 2.234330e-09
Cl[4991] = 2.248184e-09
Cl[4992] = 2.232525e-09
Cl[4993] = 2.193812e-09
Cl[4994] = 2.190147e-09
Cl[4995] = 2.206003e-09
Cl[4996] = 2.215353e-09
Cl[4997] = 2.242696e-09
Cl[4998] = 2.261209e-09
Cl[4999] = 2.248142e-09
Cl[5000] = 2.236036e-09
Cl[5001] = 2.233535e-09
Cl[5002] = 2.258496e-09
Cl[5003] = 2.284581e-09
Cl[5004] = 2.226585e-09
Cl[5005] = 2.168195e-09
Cl[5006] = 2.218049e-09
Cl[5007] = 2.256991e-09
Cl[5008] = 2.234687e-09
Cl[5009] = 2.231635e-09
Cl[5010] = 2.198573e-09
Cl[5011] = 2.141291e-09
Cl[5012] = 2.146694e-09
Cl[5013] = 2.144394e-09
Cl[5014] = 2.121350e-09
Cl[5015] = 2.152049e-09
Cl[5016] = 2.156896e-09
Cl[5017] = 2.132456e-09
Cl[5018] = 2.167712e-09
Cl[5019] = 2.177267e-09
Cl[5020] = 2.160667e-09
Cl[5021] = 2.218501e-09
Cl[5022] = 2.229671e-09
Cl[5023] = 2.164871e-09
Cl[5024] = 2.197856e-09
Cl[5025] = 2.263628e-09
Cl[5026] = 2.236997e-09
Cl[5027] = 2.212744e-09
Cl[5028] = 2.216026e-09
Cl[5029] = 2.206984e-09
Cl[5030] = 2.236758e-09
Cl[5031] = 2.276620e-09
Cl[5032] = 2.268718e-09
Cl[5033] = 2.254225e-09
Cl[5034] = 2.246853e-09
Cl[5035] = 2.234458e-09
Cl[5036] = 2.224066e-09
Cl[5037] = 2.202525e-09
Cl[5038] = 2.189486e-09
Cl[5039] = 2.195999e-09
Cl[5040] = 2.189751e-09
Cl[5041] = 2.197426e-09
Cl[5042] = 2.226637e-09
Cl[5043] = 2.232356e-09
Cl[5044] = 2.244673e-09
Cl[5045] = 2.258488e-09
Cl[5046] = 2.223468e-09
Cl[5047] = 2.213190e-09
Cl[5048] = 2.243760e-09
Cl[5049] = 2.225141e-09
Cl[5050] = 2.211260e-09
Cl[5051] = 2.237840e-09
Cl[5052] = 2.209527e-09
Cl[5053] = 2.171747e-09
Cl[5054] = 2.206232e-09
Cl[5055] = 2.236352e-09
Cl[5056] = 2.214346e-09
Cl[5057] = 2.168419e-09
Cl[5058] = 2.149155e-09
Cl[5059] = 2.207042e-09
Cl[5060] = 2.242017e-09
Cl[5061] = 2.182511e-09
Cl[5062] = 2.176673e-09
Cl[5063] = 2.222339e-09
Cl[5064] = 2.180674e-09
Cl[5065] = 2.162886e-09
Cl[5066] = 2.225414e-09
Cl[5067] = 2.205729e-09
Cl[5068] = 2.163526e-09
Cl[5069] = 2.229267e-09
Cl[5070] = 2.265709e-09
Cl[5071] = 2.202831e-09
Cl[5072] = 2.167817e-09
Cl[5073] = 2.194912e-09
Cl[5074] = 2.219674e-09
Cl[5075] = 2.211533e-09
Cl[5076] = 2.198589e-09
Cl[5077] = 2.213466e-09
Cl[5078] = 2.209586e-09
Cl[5079] = 2.180316e-09
Cl[5080] = 2.204594e-09
Cl[5081] = 2.228531e-09
Cl[5082] = 2.171465e-09
Cl[5083] = 2.135071e-09
Cl[5084] = 2.154574e-09
Cl[5085] = 2.130281e-09
Cl[5086] = 2.088258e-09
Cl[5087] = 2.094797e-09
Cl[5088] = 2.108338e-09
Cl[5089] = 2.100928e-09
Cl[5090] = 2.081734e-09
Cl[5091] = 2.062688e-09
Cl[5092] = 2.075414e-09
Cl[5093] = 2.108462e-09
Cl[5094] = 2.122252e-09
Cl[5095] = 2.120283e-09
Cl[5096] = 2.116628e-09
Cl[5097] = 2.126533e-09
Cl[5098] = 2.147716e-09
Cl[5099] = 2.132671e-09
Cl[5100] = 2.091047e-09
Cl[5101] = 2.089257e-09
Cl[5102] = 2.120293e-09
Cl[5103] = 2.136705e-09
Cl[5104] = 2.117347e-09
Cl[5105] = 2.076348e-09
Cl[5106] = 2.079334e-09
Cl[5107] = 2.121834e-09
Cl[5108] = 2.116222e-09
Cl[5109] = 2.097431e-09
Cl[5110] = 2.122568e-09
Cl[5111] = 2.109788e-09
Cl[5112] = 2.073268e-09
Cl[5113] = 2.109789e-09
Cl[5114] = 2.125180e-09
Cl[5115] = 2.052089e-09
Cl[5116] = 2.033032e-09
Cl[5117] = 2.087220e-09
Cl[5118] = 2.085473e-09
Cl[5119] = 2.068345e-09
Cl[5120] = 2.126000e-09
Cl[5121] = 2.167571e-09
Cl[5122] = 2.121070e-09
Cl[5123] = 2.073548e-09
Cl[5124] = 2.074051e-09
Cl[5125] = 2.077768e-09
Cl[5126] = 2.072699e-09
Cl[5127] = 2.053704e-09
Cl[5128] = 2.009182e-09
Cl[5129] = 1.991077e-09
Cl[5130] = 2.014325e-09
Cl[5131] = 2.025770e-09
Cl[5132] = 2.040242e-09
Cl[5133] = 2.057875e-09
Cl[5134] = 2.025254e-09
Cl[5135] = 2.008651e-09
Cl[5136] = 2.055811e-09
Cl[5137] = 2.076737e-09
Cl[5138] = 2.090234e-09
Cl[5139] = 2.140864e-09
Cl[5140] = 2.139760e-09
Cl[5141] = 2.132744e-09
Cl[5142] = 2.194950e-09
Cl[5143] = 2.182543e-09
Cl[5144] = 2.092366e-09
Cl[5145] = 2.077597e-09
Cl[5146] = 2.070886e-09
Cl[5147] = 2.024050e-09
Cl[5148] = 2.028094e-09
Cl[5149] = 2.022130e-09
Cl[5150] = 1.983474e-09
Cl[5151] = 2.007701e-09
Cl[5152] = 2.028830e-09
Cl[5153] = 2.019910e-09
Cl[5154] = 2.065361e-09
Cl[5155] = 2.078624e-09
Cl[5156] = 2.037793e-09
Cl[5157] = 2.069585e-09
Cl[5158] = 2.097216e-09
Cl[5159] = 2.050463e-09
Cl[5160] = 2.037958e-09
Cl[5161] = 2.030949e-09
Cl[5162] = 2.000339e-09
Cl[5163] = 2.048983e-09
Cl[5164] = 2.105897e-09
Cl[5165] = 2.085817e-09
Cl[5166] = 2.088887e-09
Cl[5167] = 2.100294e-09
Cl[5168] = 2.046806e-09
Cl[5169] = 2.009939e-09
Cl[5170] = 2.021202e-09
Cl[5171] = 2.024952e-09
Cl[5172] = 2.008833e-09
Cl[5173] = 1.972746e-09
Cl[5174] = 1.967514e-09
Cl[5175] = 2.026131e-09
Cl[5176] = 2.054355e-09
Cl[5177] = 2.029284e-09
Cl[5178] = 2.025289e-09
Cl[5179] = 2.025366e-09
Cl[5180] = 2.016526e-09
Cl[5181] = 2.027047e-09
Cl[5182] = 2.019981e-09
Cl[5183] = 1.994055e-09
Cl[5184] = 1.986560e-09
Cl[5185] = 1.977957e-09
Cl[5186] = 1.971813e-09
Cl[5187] = 1.982006e-09
Cl[5188] = 1.991052e-09
Cl[5189] = 2.006649e-09
Cl[5190] = 2.006696e-09
Cl[5191] = 1.996872e-09
Cl[5192] = 2.060387e-09
Cl[5193] = 2.125478e-09
Cl[5194] = 2.075810e-09
Cl[5195] = 2.021386e-09
Cl[5196] = 2.022018e-09
Cl[5197] = 2.003242e-09
Cl[5198] = 2.010241e-09
Cl[5199] = 2.027885e-09
Cl[5200] = 1.965684e-09
Cl[5201] = 1.931680e-09
Cl[5202] = 1.979864e-09
Cl[5203] = 1.985758e-09
Cl[5204] = 1.957067e-09
Cl[5205] = 1.947951e-09
Cl[5206] = 1.946199e-09
Cl[5207] = 1.988078e-09
Cl[5208] = 2.026283e-09
Cl[5209] = 2.003908e-09
Cl[5210] = 2.021255e-09
Cl[5211] = 2.067051e-09
Cl[5212] = 2.054457e-09
Cl[5213] = 2.052400e-09
Cl[5214] = 2.052659e-09
Cl[5215] = 2.012799e-09
Cl[5216] = 2.031867e-09
Cl[5217] = 2.063442e-09
Cl[5218] = 2.028607e-09
Cl[5219] = 2.038836e-09
Cl[5220] = 2.046071e-09
Cl[5221] = 1.970501e-09
Cl[5222] = 1.973324e-09
Cl[5223] = 2.022449e-09
Cl[5224] = 1.975345e-09
Cl[5225] = 1.961120e-09
Cl[5226] = 1.989832e-09
Cl[5227] = 1.956803e-09
Cl[5228] = 1.987257e-09
Cl[5229] = 2.062072e-09
Cl[5230] = 2.040366e-09
Cl[5231] = 2.038093e-09
Cl[5232] = 2.063012e-09
Cl[5233] = 2.003330e-09
Cl[5234] = 1.991656e-09
Cl[5235] = 2.035378e-09
Cl[5236] = 1.996913e-09
Cl[5237] = 1.997662e-09
Cl[5238] = 2.062950e-09
Cl[5239] = 2.034897e-09
Cl[5240] = 1.996953e-09
Cl[5241] = 2.016961e-09
Cl[5242] = 1.997179e-09
Cl[5243] = 1.989202e-09
Cl[5244] = 2.011743e-09
Cl[5245] = 1.980195e-09
Cl[5246] = 1.972266e-09
Cl[5247] = 2.014758e-09
Cl[5248] = 2.006952e-09
Cl[5249] = 1.991136e-09
Cl[5250] = 2.011027e-09
Cl[5251] = 2.018311e-09
Cl[5252] = 2.028105e-09
Cl[5253] = 2.025054e-09
Cl[5254] = 1.986477e-09
Cl[5255] = 1.982636e-09
Cl[5256] = 2.003581e-09
Cl[5257] = 1.994534e-09
Cl[5258] = 1.980150e-09
Cl[5259] = 1.958479e-09
Cl[5260] = 1.958114e-09
Cl[5261] = 2.014473e-09
Cl[5262] = 2.011830e-09
Cl[5263] = 1.941929e-09
Cl[5264] = 1.962247e-09
Cl[5265] = 2.018999e-09
Cl[5266] = 1.987220e-09
Cl[5267] = 1.947612e-09
Cl[5268] = 1.958163e-09
Cl[5269] = 1.973151e-09
Cl[5270] = 1.970539e-09
Cl[5271] = 1.950951e-09
Cl[5272] = 1.965926e-09
Cl[5273] = 2.021196e-09
Cl[5274] = 2.025068e-09
Cl[5275] = 2.006992e-09
Cl[5276] = 2.029436e-09
Cl[5277] = 2.020456e-09
Cl[5278] = 2.004825e-09
Cl[5279] = 2.046815e-09
Cl[5280] = 2.053215e-09
Cl[5281] = 2.021120e-09
Cl[5282] = 2.031905e-09
Cl[5283] = 2.043937e-09
Cl[5284] = 2.067319e-09
Cl[5285] = 2.125774e-09
Cl[5286] = 2.122097e-09
Cl[5287] = 2.081512e-09
Cl[5288] = 2.079729e-09
Cl[5289] = 2.051063e-09
Cl[5290] = 2.017429e-09
Cl[5291] = 2.026846e-09
Cl[5292] = 1.999473e-09
Cl[5293] = 1.981435e-09
Cl[5294] = 2.032848e-09
Cl[5295] = 2.029122e-09
Cl[5296] = 1.983322e-09
Cl[5297] = 2.005095e-09
Cl[5298] = 2.018065e-09
Cl[5299] = 1.993433e-09
Cl[5300] = 2.004987e-09
Cl[5301] = 2.011181e-09
Cl[5302] = 1.976988e-09
Cl[5303] = 1.944086e-09
Cl[5304] = 1.941368e-09
Cl[5305] = 1.981601e-09
Cl[5306] = 2.000072e-09
Cl[5307] = 1.975292e-09
Cl[5308] = 2.020195e-09
Cl[5309] = 2.078368e-09
Cl[5310] = 2.027893e-09
Cl[5311] = 2.009333e-09
Cl[5312] = 2.064190e-09
Cl[5313] = 2.032943e-09
Cl[5314] = 1.984143e-09
Cl[5315] = 2.014599e-09
Cl[5316] = 2.027071e-09
Cl[5317] = 2.030178e-09
Cl[5318] = 2.054310e-09
Cl[5319] = 2.034006e-09
Cl[5320] = 2.015756e-09
Cl[5321] = 2.010575e-09
Cl[5322] = 1.958345e-09
Cl[5323] = 1.955932e-09
Cl[5324] = 2.015341e-09
Cl[5325] = 2.016520e-09
Cl[5326] = 2.020678e-09
Cl[5327] = 2.041894e-09
Cl[5328] = 1.968048e-09
Cl[5329] = 1.908483e-09
Cl[5330] = 1.948753e-09
Cl[5331] = 1.948313e-09
Cl[5332] = 1.913141e-09
Cl[5333] = 1.937280e-09
Cl[5334] = 1.974970e-09
Cl[5335] = 2.005531e-09
Cl[5336] = 2.010952e-09
Cl[5337] = 1.961776e-09
Cl[5338] = 1.965248e-09
Cl[5339] = 2.036157e-09
Cl[5340] = 2.035176e-09
Cl[5341] = 1.994428e-09
Cl[5342] = 2.000009e-09
Cl[5343] = 1.991812e-09
Cl[5344] = 1.971461e-09
Cl[5345] = 1.994411e-09
Cl[5346] = 2.015130e-09
Cl[5347] = 1.996151e-09
Cl[5348] = 1.963907e-09
Cl[5349] = 1.949785e-09
Cl[5350] = 1.965554e-09
Cl[5351] = 1.980504e-09
Cl[5352] = 1.979845e-09
Cl[5353] = 1.978168e-09
Cl[5354] = 1.959068e-09
Cl[5355] = 1.938798e-09
Cl[5356] = 1.945585e-09
Cl[5357] = 1.949913e-09
Cl[5358] = 1.972088e-09
Cl[5359] = 2.015925e-09
Cl[5360] = 2.002102e-09
Cl[5361] = 1.998229e-09
Cl[5362] = 2.077563e-09
Cl[5363] = 2.089408e-09
Cl[5364] = 2.035571e-09
Cl[5365] = 2.075543e-09
Cl[5366] = 2.106102e-09
Cl[5367] = 2.052028e-09
Cl[5368] = 2.061287e-09
Cl[5369] = 2.087116e-09
Cl[5370] = 2.026177e-09
Cl[5371] = 1.991562e-09
Cl[5372] = 2.001589e-09
Cl[5373] = 1.986977e-09
Cl[5374] = 1.983890e-09
Cl[5375] = 1.966050e-09
Cl[5376] = 1.931226e-09
Cl[5377] = 1.968946e-09
Cl[5378] = 2.000151e-09
Cl[5379] = 1.967495e-09
Cl[5380] = 1.998382e-09
Cl[5381] = 2.043295e-09
Cl[5382] = 2.001117e-09
Cl[5383] = 2.002614e-09
Cl[5384] = 2.051371e-09
Cl[5385] = 2.016062e-09
Cl[5386] = 1.982893e-09
Cl[5387] = 2.005745e-09
Cl[5388] = 1.988228e-09
Cl[5389] = 1.987469e-09
Cl[5390] = 2.040936e-09
Cl[5391] = 2.018663e-09
Cl[5392] = 1.959613e-09
Cl[5393] = 1.993023e-09
Cl[5394] = 2.031504e-09
Cl[5395] = 2.001336e-09
Cl[5396] = 1.998131e-09
Cl[5397] = 2.029810e-09
Cl[5398] = 2.016668e-09
Cl[5399] = 1.990495e-09
Cl[5400] = 2.005331e-09
Cl[5401] = 2.017949e-09
Cl[5402] = 1.996440e-09
Cl[5403] = 1.976693e-09
Cl[5404] = 1.979041e-09
Cl[5405] = 1.986341e-09
Cl[5406] = 1.978863e-09
Cl[5407] = 1.955129e-09
Cl[5408] = 1.949170e-09
Cl[5409] = 1.976482e-09
Cl[5410] = 1.987081e-09
Cl[5411] = 1.965297e-09
Cl[5412] = 1.958321e-09
Cl[5413] = 1.959203e-09
Cl[5414] = 1.942656e-09
Cl[5415] = 1.943688e-09
Cl[5416] = 1.956227e-09
Cl[5417] = 1.939070e-09
Cl[5418] = 1.932120e-09
Cl[5419] = 1.960898e-09
Cl[5420] = 1.966458e-09
Cl[5421] = 1.950630e-09
Cl[5422] = 1.974679e-09
Cl[5423] = 2.016702e-09
Cl[5424] = 2.020304e-09
Cl[5425] = 2.000819e-09
Cl[5426] = 1.992835e-09
Cl[5427] = 1.989054e-09
Cl[5428] = 1.975782e-09
Cl[5429] = 1.961922e-09
Cl[5430] = 1.958652e-09
Cl[5431] = 1.965153e-09
Cl[5432] = 1.975693e-09
Cl[5433] = 1.982677e-09
Cl[5434] = 1.977190e-09
Cl[5435] = 1.957786e-09
Cl[5436] = 1.937563e-09
Cl[5437] = 1.929102e-09
Cl[5438] = 1.922829e-09
Cl[5439] = 1.915841e-09
Cl[5440] = 1.934628e-09
Cl[5441] = 1.968826e-09
Cl[5442] = 1.974281e-09
Cl[5443] = 1.973130e-09
Cl[5444] = 1.991936e-09
Cl[5445] = 1.977870e-09
Cl[5446] = 1.930701e-09
Cl[5447] = 1.917048e-09
Cl[5448] = 1.920901e-09
Cl[5449] = 1.906292e-09
Cl[5450] = 1.893255e-09
Cl[5451] = 1.880511e-09
Cl[5452] = 1.889169e-09
Cl[5453] = 1.949318e-09
Cl[5454] = 1.976430e-09
Cl[5455] = 1.927337e-09
Cl[5456] = 1.902987e-09
Cl[5457] = 1.922192e-09
Cl[5458] = 1.933294e-09
Cl[5459] = 1.965490e-09
Cl[5460] = 1.989817e-09
Cl[5461] = 1.939847e-09
Cl[5462] = 1.900292e-09
Cl[5463] = 1.935884e-09
Cl[5464] = 1.950309e-09
Cl[5465] = 1.905587e-09
Cl[5466] = 1.881976e-09
Cl[5467] = 1.901264e-09
Cl[5468] = 1.915457e-09
Cl[5469] = 1.915630e-09
Cl[5470] = 1.920564e-09
Cl[5471] = 1.914472e-09
Cl[5472] = 1.903678e-09
Cl[5473] = 1.933672e-09
Cl[5474] = 1.956496e-09
Cl[5475] = 1.904692e-09
Cl[5476] = 1.869719e-09
Cl[5477] = 1.905101e-09
Cl[5478] = 1.904945e-09
Cl[5479] = 1.867939e-09
Cl[5480] = 1.875064e-09
Cl[5481] = 1.894000e-09
Cl[5482] = 1.908469e-09
Cl[5483] = 1.930307e-09
Cl[5484] = 1.913041e-09
Cl[5485] = 1.899397e-09
Cl[5486] = 1.933193e-09
Cl[5487] = 1.922265e-09
Cl[5488] = 1.885838e-09
Cl[5489] = 1.909776e-09
Cl[5490] = 1.907770e-09
Cl[5491] = 1.861545e-09
Cl[5492] = 1.873286e-09
Cl[5493] = 1.895748e-09
Cl[5494] = 1.890127e-09
Cl[5495] = 1.915512e-09
Cl[5496] = 1.906075e-09
Cl[5497] = 1.837811e-09
Cl[5498] = 1.845112e-09
Cl[5499] = 1.916249e-09
Cl[5500] = 1.927671e-09
Cl[5501] = 1.889868e-09
Cl[5502] = 1.861581e-09
Cl[5503] = 1.862505e-09
Cl[5504] = 1.884422e-09
Cl[5505] = 1.878412e-09
Cl[5506] = 1.847960e-09
Cl[5507] = 1.843099e-09
Cl[5508] = 1.843857e-09
Cl[5509] = 1.834764e-09
Cl[5510] = 1.855333e-09
Cl[5511] = 1.900913e-09
Cl[5512] = 1.935973e-09
Cl[5513] = 1.955802e-09
Cl[5514] = 1.978224e-09
Cl[5515] = 2.011835e-09
Cl[5516] = 2.023551e-09
Cl[5517] = 2.000364e-09
Cl[5518] = 1.973045e-09
Cl[5519] = 1.918157e-09
Cl[5520] = 1.839083e-09
Cl[5521] = 1.829530e-09
Cl[5522] = 1.869743e-09
Cl[5523] = 1.866719e-09
Cl[5524] = 1.859593e-09
Cl[5525] = 1.880601e-09
Cl[5526] = 1.884164e-09
Cl[5527] = 1.891330e-09
Cl[5528] = 1.924931e-09
Cl[5529] = 1.949935e-09
Cl[5530] = 1.942763e-09
Cl[5531] = 1.902050e-09
Cl[5532] = 1.895944e-09
Cl[5533] = 1.955872e-09
Cl[5534] = 1.951641e-09
Cl[5535] = 1.886428e-09
Cl[5536] = 1.915641e-09
Cl[5537] = 1.959076e-09
Cl[5538] = 1.923371e-09
Cl[5539] = 1.931569e-09
Cl[5540] = 1.934101e-09
Cl[5541] = 1.832923e-09
Cl[5542] = 1.803597e-09
Cl[5543] = 1.878727e-09
Cl[5544] = 1.871569e-09
Cl[5545] = 1.803527e-09
Cl[5546] = 1.782077e-09
Cl[5547] = 1.804781e-09
Cl[5548] = 1.848710e-09
Cl[5549] = 1.845995e-09
Cl[5550] = 1.803728e-09
Cl[5551] = 1.825369e-09
Cl[5552] = 1.855293e-09
Cl[5553] = 1.845786e-09
Cl[5554] = 1.890764e-09
Cl[5555] = 1.931554e-09
Cl[5556] = 1.910373e-09
Cl[5557] = 1.930779e-09
Cl[5558] = 1.937897e-09
Cl[5559] = 1.882650e-09
Cl[5560] = 1.896464e-09
Cl[5561] = 1.907875e-09
Cl[5562] = 1.826989e-09
Cl[5563] = 1.825139e-09
Cl[5564] = 1.886535e-09
Cl[5565] = 1.861410e-09
Cl[5566] = 1.844331e-09
Cl[5567] = 1.863648e-09
Cl[5568] = 1.831078e-09
Cl[5569] = 1.819847e-09
Cl[5570] = 1.852260e-09
Cl[5571] = 1.867861e-09
Cl[5572] = 1.894032e-09
Cl[5573] = 1.901981e-09
Cl[5574] = 1.895260e-09
Cl[5575] = 1.946536e-09
Cl[5576] = 1.937660e-09
Cl[5577] = 1.831266e-09
Cl[5578] = 1.818897e-09
Cl[5579] = 1.855130e-09
Cl[5580] = 1.808815e-09
Cl[5581] = 1.791756e-09
Cl[5582] = 1.809915e-09
Cl[5583] = 1.790937e-09
Cl[5584] = 1.825066e-09
Cl[5585] = 1.879146e-09
Cl[5586] = 1.867956e-09
Cl[5587] = 1.883469e-09
Cl[5588] = 1.909823e-09
Cl[5589] = 1.884198e-09
Cl[5590] = 1.902399e-09
Cl[5591] = 1.929956e-09
Cl[5592] = 1.876945e-09
Cl[5593] = 1.846952e-09
Cl[5594] = 1.862311e-09
Cl[5595] = 1.852957e-09
Cl[5596] = 1.861097e-09
Cl[5597] = 1.860653e-09
Cl[5598] = 1.805016e-09
Cl[5599] = 1.785658e-09
Cl[5600] = 1.807345e-09
Cl[5601] = 1.804881e-09
Cl[5602] = 1.810548e-09
Cl[5603] = 1.810833e-09
Cl[5604] = 1.787627e-09
Cl[5605] = 1.811728e-09
Cl[5606] = 1.850623e-09
Cl[5607] = 1.829449e-09
Cl[5608] = 1.801338e-09
Cl[5609] = 1.800036e-09
Cl[5610] = 1.796800e-09
Cl[5611] = 1.798889e-09
Cl[5612] = 1.813290e-09
Cl[5613] = 1.834027e-09
Cl[5614] = 1.845592e-09
Cl[5615] = 1.837940e-09
Cl[5616] = 1.858467e-09
Cl[5617] = 1.904468e-09
Cl[5618] = 1.906047e-09
Cl[5619] = 1.891338e-09
Cl[5620] = 1.898105e-09
Cl[5621] = 1.892344e-09
Cl[5622] = 1.897589e-09
Cl[5623] = 1.909067e-09
Cl[5624] = 1.879511e-09
Cl[5625] = 1.875395e-09
Cl[5626] = 1.901291e-09
Cl[5627] = 1.877614e-09
Cl[5628] = 1.881714e-09
Cl[5629] = 1.928808e-09
Cl[5630] = 1.898810e-09
Cl[5631] = 1.873997e-09
Cl[5632] = 1.923936e-09
Cl[5633] = 1.911970e-09
Cl[5634] = 1.874277e-09
Cl[5635] = 1.906305e-09
Cl[5636] = 1.891603e-09
Cl[5637] = 1.833253e-09
Cl[5638] = 1.841296e-09
Cl[5639] = 1.846093e-09
Cl[5640] = 1.827725e-09
Cl[5641] = 1.857222e-09
Cl[5642] = 1.871049e-09
Cl[5643] = 1.844814e-09
Cl[5644] = 1.849397e-09
Cl[5645] = 1.850933e-09
Cl[5646] = 1.804282e-09
Cl[5647] = 1.758272e-09
Cl[5648] = 1.772927e-09
Cl[5649] = 1.855871e-09
Cl[5650] = 1.910962e-09
Cl[5651] = 1.874466e-09
Cl[5652] = 1.846412e-09
Cl[5653] = 1.864399e-09
Cl[5654] = 1.855909e-09
Cl[5655] = 1.844405e-09
Cl[5656] = 1.847296e-09
Cl[5657] = 1.827576e-09
Cl[5658] = 1.832170e-09
Cl[5659] = 1.859635e-09
Cl[5660] = 1.845489e-09
Cl[5661] = 1.836508e-09
Cl[5662] = 1.852483e-09
Cl[5663] = 1.849139e-09
Cl[5664] = 1.874545e-09
Cl[5665] = 1.919772e-09
Cl[5666] = 1.900529e-09
Cl[5667] = 1.867813e-09
Cl[5668] = 1.874683e-09
Cl[5669] = 1.877681e-09
Cl[5670] = 1.884845e-09
Cl[5671] = 1.896447e-09
Cl[5672] = 1.885184e-09
Cl[5673] = 1.887718e-09
Cl[5674] = 1.884531e-09
Cl[5675] = 1.834940e-09
Cl[5676] = 1.816379e-09
Cl[5677] = 1.838613e-09
Cl[5678] = 1.816578e-09
Cl[5679] = 1.782977e-09
Cl[5680] = 1.788727e-09
Cl[5681] = 1.797755e-09
Cl[5682] = 1.802509e-09
Cl[5683] = 1.804154e-09
Cl[5684] = 1.795783e-09
Cl[5685] = 1.809394e-09
Cl[5686] = 1.828094e-09
Cl[5687] = 1.813750e-09
Cl[5688] = 1.807949e-09
Cl[5689] = 1.821323e-09
Cl[5690] = 1.804879e-09
Cl[5691] = 1.781945e-09
Cl[5692] = 1.807947e-09
Cl[5693] = 1.854839e-09
Cl[5694] = 1.851443e-09
Cl[5695] = 1.809036e-09
Cl[5696] = 1.815256e-09
Cl[5697] = 1.861162e-09
Cl[5698] = 1.860569e-09
Cl[5699] = 1.841493e-09
Cl[5700] = 1.852807e-09
Cl[5701] = 1.854089e-09
Cl[5702] = 1.857957e-09
Cl[5703] = 1.879984e-09
Cl[5704] = 1.863485e-09
Cl[5705] = 1.847639e-09
Cl[5706] = 1.875720e-09
Cl[5707] = 1.867493e-09
Cl[5708] = 1.853179e-09
Cl[5709] = 1.910952e-09
Cl[5710] = 1.929251e-09
Cl[5711] = 1.863062e-09
Cl[5712] = 1.842076e-09
Cl[5713] = 1.871467e-09
Cl[5714] = 1.872266e-09
Cl[5715] = 1.858343e-09
Cl[5716] = 1.847158e-09
Cl[5717] = 1.840953e-09
Cl[5718] = 1.849379e-09
Cl[5719] = 1.850001e-09
Cl[5720] = 1.850935e-09
Cl[5721] = 1.870635e-09
Cl[5722] = 1.875518e-09
Cl[5723] = 1.875989e-09
Cl[5724] = 1.893301e-09
Cl[5725] = 1.878949e-09
Cl[5726] = 1.855141e-09
Cl[5727] = 1.885835e-09
Cl[5728] = 1.906296e-09
Cl[5729] = 1.863885e-09
Cl[5730] = 1.830598e-09
Cl[5731] = 1.834817e-09
Cl[5732] = 1.832864e-09
Cl[5733] = 1.822948e-09
Cl[5734] = 1.823978e-09
Cl[5735] = 1.821465e-09
Cl[5736] = 1.796367e-09
Cl[5737] = 1.772904e-09
Cl[5738] = 1.790675e-09
Cl[5739] = 1.823524e-09
Cl[5740] = 1.819597e-09
Cl[5741] = 1.798531e-09
Cl[5742] = 1.799549e-09
Cl[5743] = 1.814452e-09
Cl[5744] = 1.833286e-09
Cl[5745] = 1.864120e-09
Cl[5746] = 1.897318e-09
Cl[5747] = 1.900462e-09
Cl[5748] = 1.868739e-09
Cl[5749] = 1.851756e-09
Cl[5750] = 1.864329e-09
Cl[5751] = 1.853466e-09
Cl[5752] = 1.822909e-09
Cl[5753] = 1.831980e-09
Cl[5754] = 1.875323e-09
Cl[5755] = 1.913669e-09
Cl[5756] = 1.934908e-09
Cl[5757] = 1.937100e-09
Cl[5758] = 1.926043e-09
Cl[5759] = 1.894751e-09
Cl[5760] = 1.851985e-09
Cl[5761] = 1.854664e-09
Cl[5762] = 1.878276e-09
Cl[5763] = 1.840629e-09
Cl[5764] = 1.800365e-09
Cl[5765] = 1.824793e-09
Cl[5766] = 1.836543e-09
Cl[5767] = 1.808273e-09
Cl[5768] = 1.782250e-09
Cl[5769] = 1.751527e-09
Cl[5770] = 1.754805e-09
Cl[5771] = 1.812163e-09
Cl[5772] = 1.829190e-09
Cl[5773] = 1.801744e-09
Cl[5774] = 1.803876e-09
Cl[5775] = 1.808960e-09
Cl[5776] = 1.810181e-09
Cl[5777] = 1.832458e-09
Cl[5778] = 1.820663e-09
Cl[5779] = 1.793057e-09
Cl[5780] = 1.822275e-09
Cl[5781] = 1.841526e-09
Cl[5782] = 1.798044e-09
Cl[5783] = 1.766130e-09
Cl[5784] = 1.777678e-09
Cl[5785] = 1.800440e-09
Cl[5786] = 1.804767e-09
Cl[5787] = 1.781128e-09
Cl[5788] = 1.775718e-09
Cl[5789] = 1.800037e-09
Cl[5790] = 1.800083e-09
Cl[5791] = 1.794538e-09
Cl[5792] = 1.810618e-09
Cl[5793] = 1.805401e-09
Cl[5794] = 1.799740e-09
Cl[5795] = 1.823938e-09
Cl[5796] = 1.829595e-09
Cl[5797] = 1.828427e-09
Cl[5798] = 1.846157e-09
Cl[5799] = 1.831346e-09
Cl[5800] = 1.805654e-09
Cl[5801] = 1.817844e-09
Cl[5802] = 1.816337e-09
Cl[5803] = 1.801090e-09
Cl[5804] = 1.823004e-09
Cl[5805] = 1.839463e-09
Cl[5806] = 1.830168e-09
Cl[5807] = 1.839671e-09
Cl[5808] = 1.847926e-09
Cl[5809] = 1.830874e-09
Cl[5810] = 1.816151e-09
Cl[5811] = 1.795766e-09
Cl[5812] = 1.761411e-09
Cl[5813] = 1.756202e-09
Cl[5814] = 1.784416e-09
Cl[5815] = 1.791777e-09
Cl[5816] = 1.772123e-09
Cl[5817] = 1.780071e-09
Cl[5818] = 1.812433e-09
Cl[5819] = 1.806279e-09
Cl[5820] = 1.768729e-09
Cl[5821] = 1.743337e-09
Cl[5822] = 1.719201e-09
Cl[5823] = 1.710059e-09
Cl[5824] = 1.737941e-09
Cl[5825] = 1.746641e-09
Cl[5826] = 1.726683e-09
Cl[5827] = 1.738526e-09
Cl[5828] = 1.764210e-09
Cl[5829] = 1.769243e-09
Cl[5830] = 1.769914e-09
Cl[5831] = 1.762045e-09
Cl[5832] = 1.763465e-09
Cl[5833] = 1.783262e-09
Cl[5834] = 1.753188e-09
Cl[5835] = 1.700268e-09
Cl[5836] = 1.726585e-09
Cl[5837] = 1.776605e-09
Cl[5838] = 1.769360e-09
Cl[5839] = 1.749731e-09
Cl[5840] = 1.741225e-09
Cl[5841] = 1.743677e-09
Cl[5842] = 1.768161e-09
Cl[5843] = 1.764410e-09
Cl[5844] = 1.736951e-09
Cl[5845] = 1.753198e-09
Cl[5846] = 1.767108e-09
Cl[5847] = 1.742573e-09
Cl[5848] = 1.748507e-09
Cl[5849] = 1.766255e-09
Cl[5850] = 1.741031e-09
Cl[5851] = 1.725032e-09
Cl[5852] = 1.744105e-09
Cl[5853] = 1.761024e-09
Cl[5854] = 1.763440e-09
Cl[5855] = 1.738784e-09
Cl[5856] = 1.701808e-09
Cl[5857] = 1.699822e-09
Cl[5858] = 1.710408e-09
Cl[5859] = 1.692198e-09
Cl[5860] = 1.677221e-09
Cl[5861] = 1.698996e-09
Cl[5862] = 1.739552e-09
Cl[5863] = 1.756635e-09
Cl[5864] = 1.731898e-09
Cl[5865] = 1.716285e-09
Cl[5866] = 1.751341e-09
Cl[5867] = 1.779776e-09
Cl[5868] = 1.748246e-09
Cl[5869] = 1.707794e-09
Cl[5870] = 1.719105e-09
Cl[5871] = 1.746614e-09
Cl[5872] = 1.742940e-09
Cl[5873] = 1.751871e-09
Cl[5874] = 1.787180e-09
Cl[5875] = 1.778840e-09
Cl[5876] = 1.756376e-09
Cl[5877] = 1.783489e-09
Cl[5878] = 1.785882e-09
Cl[5879] = 1.758947e-09
Cl[5880] = 1.793095e-09
Cl[5881] = 1.814047e-09
Cl[5882] = 1.768041e-09
Cl[5883] = 1.762927e-09
Cl[5884] = 1.777411e-09
Cl[5885] = 1.749923e-09
Cl[5886] = 1.759591e-09
Cl[5887] = 1.776858e-09
Cl[5888] = 1.735168e-09
Cl[5889] = 1.725780e-09
Cl[5890] = 1.744041e-09
Cl[5891] = 1.721513e-09
Cl[5892] = 1.722191e-09
Cl[5893] = 1.724979e-09
Cl[5894] = 1.688554e-09
Cl[5895] = 1.721665e-09
Cl[5896] = 1.774554e-09
Cl[5897] = 1.728209e-09
Cl[5898] = 1.712808e-09
Cl[5899] = 1.764549e-09
Cl[5900] = 1.746944e-09
Cl[5901] = 1.728314e-09
Cl[5902] = 1.771654e-09
Cl[5903] = 1.761468e-09
Cl[5904] = 1.724854e-09
Cl[5905] = 1.745386e-09
Cl[5906] = 1.758214e-09
Cl[5907] = 1.741056e-09
Cl[5908] = 1.725062e-09
Cl[5909] = 1.700119e-09
Cl[5910] = 1.696514e-09
Cl[5911] = 1.720774e-09
Cl[5912] = 1.720641e-09
Cl[5913] = 1.704818e-09
Cl[5914] = 1.703664e-09
Cl[5915] = 1.718914e-09
Cl[5916] = 1.743070e-09
Cl[5917] = 1.734968e-09
Cl[5918] = 1.706447e-09
Cl[5919] = 1.716104e-09
Cl[5920] = 1.720470e-09
Cl[5921] = 1.696002e-09
Cl[5922] = 1.708596e-09
Cl[5923] = 1.720541e-09
Cl[5924] = 1.691786e-09
Cl[5925] = 1.702234e-09
Cl[5926] = 1.731941e-09
Cl[5927] = 1.701339e-09
Cl[5928] = 1.668777e-09
Cl[5929] = 1.682800e-09
Cl[5930] = 1.695817e-09
Cl[5931] = 1.685590e-09
Cl[5932] = 1.673626e-09
Cl[5933] = 1.688155e-09
Cl[5934] = 1.705329e-09
Cl[5935] = 1.683833e-09
Cl[5936] = 1.690568e-09
Cl[5937] = 1.739941e-09
Cl[5938] = 1.714005e-09
Cl[5939] = 1.668107e-09
Cl[5940] = 1.720863e-09
Cl[5941] = 1.747002e-09
Cl[5942] = 1.690694e-09
Cl[5943] = 1.689370e-09
Cl[5944] = 1.720512e-09
Cl[5945] = 1.710257e-09
Cl[5946] = 1.716239e-09
Cl[5947] = 1.725909e-09
Cl[5948] = 1.714210e-09
Cl[5949] = 1.735685e-09
Cl[5950] = 1.752314e-09
Cl[5951] = 1.729508e-09
Cl[5952] = 1.724063e-09
Cl[5953] = 1.709235e-09
Cl[5954] = 1.664680e-09
Cl[5955] = 1.658444e-09
Cl[5956] = 1.666044e-09
Cl[5957] = 1.650028e-09
Cl[5958] = 1.664710e-09
Cl[5959] = 1.693631e-09
Cl[5960] = 1.692447e-09
Cl[5961] = 1.694812e-09
Cl[5962] = 1.695714e-09
Cl[5963] = 1.669533e-09
Cl[5964] = 1.650970e-09
Cl[5965] = 1.657787e-09
Cl[5966] = 1.678376e-09
Cl[5967] = 1.697566e-09
Cl[5968] = 1.690337e-09
Cl[5969] = 1.671875e-09
Cl[5970] = 1.666918e-09
Cl[5971] = 1.662568e-09
Cl[5972] = 1.667916e-09
Cl[5973] = 1.687268e-09
Cl[5974] = 1.693526e-09
Cl[5975] = 1.696992e-09
Cl[5976] = 1.703382e-09
Cl[5977] = 1.702833e-09
Cl[5978] = 1.724729e-09
Cl[5979] = 1.738110e-09
Cl[5980] = 1.690829e-09
Cl[5981] = 1.661570e-09
Cl[5982] = 1.690136e-09
Cl[5983] = 1.696399e-09
Cl[5984] = 1.691043e-09
Cl[5985] = 1.715304e-09
Cl[5986] = 1.722607e-09
Cl[5987] = 1.716177e-09
Cl[5988] = 1.722815e-09
Cl[5989] = 1.720786e-09
Cl[5990] = 1.735055e-09
Cl[5991] = 1.761139e-09
Cl[5992] = 1.732431e-09
Cl[5993] = 1.696636e-09
Cl[5994] = 1.726102e-09
Cl[5995] = 1.762708e-09
Cl[5996] = 1.766826e-09
Cl[5997] = 1.772609e-09
Cl[5998] = 1.783589e-09
Cl[5999] = 1.783430e-09
Cl[6000] = 1.760837e-09
Cl[6001] = 1.726869e-09
Cl[6002] = 1.715236e-09
Cl[6003] = 1.705146e-09
Cl[6004] = 1.677589e-09
Cl[6005] = 1.687636e-09
Cl[6006] = 1.729068e-09
Cl[6007] = 1.736747e-09
Cl[6008] = 1.725108e-09
Cl[6009] = 1.718591e-09
Cl[6010] = 1.709739e-09
Cl[6011] = 1.720276e-09
Cl[6012] = 1.739475e-09
Cl[6013] = 1.744064e-09
Cl[6014] = 1.763205e-09
Cl[6015] = 1.775322e-09
Cl[6016] = 1.740387e-09
Cl[6017] = 1.712670e-09
Cl[6018] = 1.713883e-09
Cl[6019] = 1.699287e-09
Cl[6020] = 1.687275e-09
Cl[6021] = 1.691554e-09
Cl[6022] = 1.672299e-09
Cl[6023] = 1.646327e-09
Cl[6024] = 1.648491e-09
Cl[6025] = 1.652306e-09
Cl[6026] = 1.639134e-09
Cl[6027] = 1.627239e-09
Cl[6028] = 1.621973e-09
Cl[6029] = 1.609844e-09
Cl[6030] = 1.599262e-09
Cl[6031] = 1.623383e-09
Cl[6032] = 1.659414e-09
Cl[6033] = 1.643753e-09
Cl[6034] = 1.611186e-09
Cl[6035] = 1.640129e-09
Cl[6036] = 1.699114e-09
Cl[6037] = 1.723158e-09
Cl[6038] = 1.716275e-09
Cl[6039] = 1.709166e-09
Cl[6040] = 1.722321e-09
Cl[6041] = 1.735464e-09
Cl[6042] = 1.713608e-09
Cl[6043] = 1.690073e-09
Cl[6044] = 1.699317e-09
Cl[6045] = 1.713286e-09
Cl[6046] = 1.725646e-09
Cl[6047] = 1.732736e-09
Cl[6048] = 1.710117e-09
Cl[6049] = 1.695926e-09
Cl[6050] = 1.706583e-09
Cl[6051] = 1.689890e-09
Cl[6052] = 1.679448e-09
Cl[6053] = 1.715531e-09
Cl[6054] = 1.719194e-09
Cl[6055] = 1.683953e-09
Cl[6056] = 1.691843e-09
Cl[6057] = 1.713692e-09
Cl[6058] = 1.700114e-09
Cl[6059] = 1.694667e-09
Cl[6060] = 1.716908e-09
Cl[6061] = 1.737665e-09
Cl[6062] = 1.737253e-09
Cl[6063] = 1.716204e-09
Cl[6064] = 1.709238e-09
Cl[6065] = 1.726184e-09
Cl[6066] = 1.727400e-09
Cl[6067] = 1.718390e-09
Cl[6068] = 1.719539e-09
Cl[6069] = 1.704782e-09
Cl[6070] = 1.686378e-09
Cl[6071] = 1.693482e-09
Cl[6072] = 1.698667e-09
Cl[6073] = 1.698667e-09
Cl[6074] = 1.707661e-09
Cl[6075] = 1.693251e-09
Cl[6076] = 1.674649e-09
Cl[6077] = 1.706662e-09
Cl[6078] = 1.737169e-09
Cl[6079] = 1.707111e-09
Cl[6080] = 1.680785e-09
Cl[6081] = 1.709394e-09
Cl[6082] = 1.741097e-09
Cl[6083] = 1.742480e-09
Cl[6084] = 1.744379e-09
Cl[6085] = 1.750460e-09
Cl[6086] = 1.731794e-09
Cl[6087] = 1.700886e-09
Cl[6088] = 1.687809e-09
Cl[6089] = 1.688372e-09
Cl[6090] = 1.701475e-09
Cl[6091] = 1.728217e-09
Cl[6092] = 1.733318e-09
Cl[6093] = 1.709464e-09
Cl[6094] = 1.705548e-09
Cl[6095] = 1.728309e-09
Cl[6096] = 1.726093e-09
Cl[6097] = 1.682617e-09
Cl[6098] = 1.646956e-09
Cl[6099] = 1.663347e-09
Cl[6100] = 1.699789e-09
Cl[6101] = 1.704195e-09
Cl[6102] = 1.700930e-09
Cl[6103] = 1.720399e-09
Cl[6104] = 1.730240e-09
Cl[6105] = 1.727268e-09
Cl[6106] = 1.734479e-09
Cl[6107] = 1.725819e-09
Cl[6108] = 1.705503e-09
Cl[6109] = 1.718497e-09
Cl[6110] = 1.733340e-09
Cl[6111] = 1.705922e-09
Cl[6112] = 1.683604e-09
Cl[6113] = 1.702083e-09
Cl[6114] = 1.713800e-09
Cl[6115] = 1.681873e-09
Cl[6116] = 1.642746e-09
Cl[6117] = 1.652755e-09
Cl[6118] = 1.703586e-09
Cl[6119] = 1.732297e-09
Cl[6120] = 1.725518e-09
Cl[6121] = 1.727084e-09
Cl[6122] = 1.733457e-09
Cl[6123] = 1.701153e-09
Cl[6124] = 1.656751e-09
Cl[6125] = 1.668432e-09
Cl[6126] = 1.715258e-09
Cl[6127] = 1.724322e-09
Cl[6128] = 1.707689e-09
Cl[6129] = 1.714956e-09
Cl[6130] = 1.728483e-09
Cl[6131] = 1.723544e-09
Cl[6132] = 1.712787e-09
Cl[6133] = 1.699116e-09
Cl[6134] = 1.686763e-09
Cl[6135] = 1.685841e-09
Cl[6136] = 1.690877e-09
Cl[6137] = 1.704119e-09
Cl[6138] = 1.707493e-09
Cl[6139] = 1.672594e-09
Cl[6140] = 1.657463e-09
Cl[6141] = 1.710960e-09
Cl[6142] = 1.759624e-09
Cl[6143] = 1.769495e-09
Cl[6144] = 1.783110e-09
Cl[6145] = 1.774177e-09
Cl[6146] = 1.733522e-09
Cl[6147] = 1.726644e-09
Cl[6148] = 1.742912e-09
Cl[6149] = 1.731334e-09
Cl[6150] = 1.713308e-09
Cl[6151] = 1.715493e-09
Cl[6152] = 1.729525e-09
Cl[6153] = 1.730307e-09
Cl[6154] = 1.705137e-09
Cl[6155] = 1.704241e-09
Cl[6156] = 1.741890e-09
Cl[6157] = 1.739446e-09
Cl[6158] = 1.697432e-09
Cl[6159] = 1.683371e-09
Cl[6160] = 1.678743e-09
Cl[6161] = 1.664240e-09
Cl[6162] = 1.662996e-09
Cl[6163] = 1.667457e-09
Cl[6164] = 1.686931e-09
Cl[6165] = 1.710555e-09
Cl[6166] = 1.689465e-09
Cl[6167] = 1.680451e-09
Cl[6168] = 1.724795e-09
Cl[6169] = 1.724570e-09
Cl[6170] = 1.691007e-09
Cl[6171] = 1.712415e-09
Cl[6172] = 1.718507e-09
Cl[6173] = 1.680548e-09
Cl[6174] = 1.684094e-09
Cl[6175] = 1.695260e-09
Cl[6176] = 1.679797e-09
Cl[6177] = 1.703742e-09
Cl[6178] = 1.731757e-09
Cl[6179] = 1.706660e-09
Cl[6180] = 1.687387e-09
Cl[6181] = 1.694738e-09
Cl[6182] = 1.696478e-09
Cl[6183] = 1.693479e-09
Cl[6184] = 1.678605e-09
Cl[6185] = 1.667068e-09
Cl[6186] = 1.683149e-09
Cl[6187] = 1.680722e-09
Cl[6188] = 1.646208e-09
Cl[6189] = 1.634348e-09
Cl[6190] = 1.643672e-09
Cl[6191] = 1.643861e-09
Cl[6192] = 1.633758e-09
Cl[6193] = 1.610769e-09
Cl[6194] = 1.591680e-09
Cl[6195] = 1.592108e-09
Cl[6196] = 1.597975e-09
Cl[6197] = 1.615133e-09
Cl[6198] = 1.635204e-09
Cl[6199] = 1.628084e-09
Cl[6200] = 1.624093e-09
Cl[6201] = 1.644178e-09
Cl[6202] = 1.651102e-09
Cl[6203] = 1.646657e-09
Cl[6204] = 1.639892e-09
Cl[6205] = 1.620401e-09
Cl[6206] = 1.628193e-09
Cl[6207] = 1.660532e-09
Cl[6208] = 1.647096e-09
Cl[6209] = 1.611999e-09
Cl[6210] = 1.623071e-09
Cl[6211] = 1.655216e-09
Cl[6212] = 1.661585e-09
Cl[6213] = 1.649971e-09
Cl[6214] = 1.661019e-09
Cl[6215] = 1.693304e-09
Cl[6216] = 1.685888e-09
Cl[6217] = 1.664820e-09
Cl[6218] = 1.700067e-09
Cl[6219] = 1.706678e-09
Cl[6220] = 1.640742e-09
Cl[6221] = 1.634812e-09
Cl[6222] = 1.678545e-09
Cl[6223] = 1.651457e-09
Cl[6224] = 1.616499e-09
Cl[6225] = 1.639519e-09
Cl[6226] = 1.657790e-09
Cl[6227] = 1.661248e-09
Cl[6228] = 1.662256e-09
Cl[6229] = 1.651887e-09
Cl[6230] = 1.660175e-09
Cl[6231] = 1.667856e-09
Cl[6232] = 1.644010e-09
Cl[6233] = 1.633912e-09
Cl[6234] = 1.643840e-09
Cl[6235] = 1.669885e-09
Cl[6236] = 1.729202e-09
Cl[6237] = 1.736483e-09
Cl[6238] = 1.684096e-09
Cl[6239] = 1.707484e-09
Cl[6240] = 1.751652e-09
Cl[6241] = 1.702378e-09
Cl[6242] = 1.664671e-09
Cl[6243] = 1.667504e-09
Cl[6244] = 1.623675e-09
Cl[6245] = 1.596552e-09
Cl[6246] = 1.606812e-09
Cl[6247] = 1.578999e-09
Cl[6248] = 1.581678e-09
Cl[6249] = 1.647555e-09
Cl[6250] = 1.670690e-09
Cl[6251] = 1.655750e-09
Cl[6252] = 1.656962e-09
Cl[6253] = 1.652851e-09
Cl[6254] = 1.650007e-09
Cl[6255] = 1.648318e-09
Cl[6256] = 1.636001e-09
Cl[6257] = 1.652513e-09
Cl[6258] = 1.667642e-09
Cl[6259] = 1.633690e-09
Cl[6260] = 1.621625e-09
Cl[6261] = 1.640430e-09
Cl[6262] = 1.619060e-09
Cl[6263] = 1.603352e-09
Cl[6264] = 1.634941e-09
Cl[6265] = 1.654289e-09
Cl[6266] = 1.650571e-09
Cl[6267] = 1.640265e-09
Cl[6268] = 1.615074e-09
Cl[6269] = 1.607744e-09
Cl[6270] = 1.625960e-09
Cl[6271] = 1.623854e-09
Cl[6272] = 1.599562e-09
Cl[6273] = 1.573072e-09
Cl[6274] = 1.552595e-09
Cl[6275] = 1.561236e-09
Cl[6276] = 1.588344e-09
Cl[6277] = 1.593061e-09
Cl[6278] = 1.580437e-09
Cl[6279] = 1.580449e-09
Cl[6280] = 1.593070e-09
Cl[6281] = 1.595638e-09
Cl[6282] = 1.587224e-09
Cl[6283] = 1.597459e-09
Cl[6284] = 1.619743e-09
Cl[6285] = 1.619265e-09
Cl[6286] = 1.609529e-09
Cl[6287] = 1.605409e-09
Cl[6288] = 1.599987e-09
Cl[6289] = 1.613974e-09
Cl[6290] = 1.623318e-09
Cl[6291] = 1.587549e-09
Cl[6292] = 1.576917e-09
Cl[6293] = 1.621229e-09
Cl[6294] = 1.628090e-09
Cl[6295] = 1.602966e-09
Cl[6296] = 1.616644e-09
Cl[6297] = 1.635756e-09
Cl[6298] = 1.638940e-09
Cl[6299] = 1.655777e-09
Cl[6300] = 1.665639e-09
Cl[6301] = 1.653653e-09
Cl[6302] = 1.633946e-09
Cl[6303] = 1.619503e-09
Cl[6304] = 1.641311e-09
Cl[6305] = 1.664566e-09
Cl[6306] = 1.620263e-09
Cl[6307] = 1.571485e-09
Cl[6308] = 1.583557e-09
Cl[6309] = 1.595666e-09
Cl[6310] = 1.594493e-09
Cl[6311] = 1.613476e-09
Cl[6312] = 1.619046e-09
Cl[6313] = 1.609337e-09
Cl[6314] = 1.614111e-09
Cl[6315] = 1.617384e-09
Cl[6316] = 1.624771e-09
Cl[6317] = 1.635695e-09
Cl[6318] = 1.615165e-09
Cl[6319] = 1.599660e-09
Cl[6320] = 1.620937e-09
Cl[6321] = 1.622278e-09
Cl[6322] = 1.603162e-09
Cl[6323] = 1.606367e-09
Cl[6324] = 1.599594e-09
Cl[6325] = 1.574394e-09
Cl[6326] = 1.580550e-09
Cl[6327] = 1.606483e-09
Cl[6328] = 1.602865e-09
Cl[6329] = 1.578739e-09
Cl[6330] = 1.583285e-09
Cl[6331] = 1.617801e-09
Cl[6332] = 1.623990e-09
Cl[6333] = 1.596409e-09
Cl[6334] = 1.586326e-09
Cl[6335] = 1.584574e-09
Cl[6336] = 1.580007e-09
Cl[6337] = 1.606762e-09
Cl[6338] = 1.620759e-09
Cl[6339] = 1.580790e-09
Cl[6340] = 1.571015e-09
Cl[6341] = 1.612694e-09
Cl[6342] = 1.616786e-09
Cl[6343] = 1.588068e-09
Cl[6344] = 1.588407e-09
Cl[6345] = 1.603594e-09
Cl[6346] = 1.603107e-09
Cl[6347] = 1.588603e-09
Cl[6348] = 1.579311e-09
Cl[6349] = 1.595118e-09
Cl[6350] = 1.615341e-09
Cl[6351] = 1.615553e-09
Cl[6352] = 1.615987e-09
Cl[6353] = 1.625662e-09
Cl[6354] = 1.630859e-09
Cl[6355] = 1.629651e-09
Cl[6356] = 1.621811e-09
Cl[6357] = 1.621226e-09
Cl[6358] = 1.631572e-09
Cl[6359] = 1.614131e-09
Cl[6360] = 1.580413e-09
Cl[6361] = 1.589429e-09
Cl[6362] = 1.614526e-09
Cl[6363] = 1.604249e-09
Cl[6364] = 1.591277e-09
Cl[6365] = 1.602463e-09
Cl[6366] = 1.607901e-09
Cl[6367] = 1.592543e-09
Cl[6368] = 1.577891e-09
Cl[6369] = 1.583445e-09
Cl[6370] = 1.586870e-09
Cl[6371] = 1.567529e-09
Cl[6372] = 1.569558e-09
Cl[6373] = 1.603081e-09
Cl[6374] = 1.603085e-09
Cl[6375] = 1.577029e-09
Cl[6376] = 1.571197e-09
Cl[6377] = 1.551328e-09
Cl[6378] = 1.522256e-09
Cl[6379] = 1.540812e-09
Cl[6380] = 1.560446e-09
Cl[6381] = 1.532598e-09
Cl[6382] = 1.522283e-09
Cl[6383] = 1.556735e-09
Cl[6384] = 1.583429e-09
Cl[6385] = 1.586663e-09
Cl[6386] = 1.583148e-09
Cl[6387] = 1.582228e-09
Cl[6388] = 1.587101e-09
Cl[6389] = 1.582346e-09
Cl[6390] = 1.568255e-09
Cl[6391] = 1.579025e-09
Cl[6392] = 1.616568e-09
Cl[6393] = 1.643257e-09
Cl[6394] = 1.646414e-09
Cl[6395] = 1.639786e-09
Cl[6396] = 1.627211e-09
Cl[6397] = 1.610146e-09
Cl[6398] = 1.600925e-09
Cl[6399] = 1.597014e-09
Cl[6400] = 1.580679e-09
Cl[6401] = 1.564196e-09
Cl[6402] = 1.568892e-09
Cl[6403] = 1.574835e-09
Cl[6404] = 1.571913e-09
Cl[6405] = 1.584158e-09
Cl[6406] = 1.598108e-09
Cl[6407] = 1.587440e-09
Cl[6408] = 1.581126e-09
Cl[6409] = 1.602870e-09
Cl[6410] = 1.625174e-09
Cl[6411] = 1.624087e-09
Cl[6412] = 1.603173e-09
Cl[6413] = 1.576445e-09
Cl[6414] = 1.558708e-09
Cl[6415] = 1.558686e-09
Cl[6416] = 1.575857e-09
Cl[6417] = 1.589417e-09
Cl[6418] = 1.581558e-09
Cl[6419] = 1.580099e-09
Cl[6420] = 1.601810e-09
Cl[6421] = 1.608741e-09
Cl[6422] = 1.595468e-09
Cl[6423] = 1.593208e-09
Cl[6424] = 1.589078e-09
Cl[6425] = 1.577320e-09
Cl[6426] = 1.589115e-09
Cl[6427] = 1.605996e-09
Cl[6428] = 1.589983e-09
Cl[6429] = 1.567833e-09
Cl[6430] = 1.572216e-09
Cl[6431] = 1.582332e-09
Cl[6432] = 1.574052e-09
Cl[6433] = 1.560861e-09
Cl[6434] = 1.563221e-09
Cl[6435] = 1.568740e-09
Cl[6436] = 1.554899e-09
Cl[6437] = 1.530527e-09
Cl[6438] = 1.517989e-09
Cl[6439] = 1.525478e-09
Cl[6440] = 1.542498e-09
Cl[6441] = 1.545496e-09
Cl[6442] = 1.537361e-09
Cl[6443] = 1.540756e-09
Cl[6444] = 1.541170e-09
Cl[6445] = 1.529361e-09
Cl[6446] = 1.534352e-09
Cl[6447] = 1.548440e-09
Cl[6448] = 1.554439e-09
Cl[6449] = 1.581223e-09
Cl[6450] = 1.612359e-09
Cl[6451] = 1.594398e-09
Cl[6452] = 1.554934e-09
Cl[6453] = 1.548259e-09
Cl[6454] = 1.563932e-09
Cl[6455] = 1.567342e-09
Cl[6456] = 1.550018e-09
Cl[6457] = 1.545561e-09
Cl[6458] = 1.582576e-09
Cl[6459] = 1.619912e-09
Cl[6460] = 1.618354e-09
Cl[6461] = 1.600257e-09
Cl[6462] = 1.581319e-09
Cl[6463] = 1.568628e-09
Cl[6464] = 1.580015e-09
Cl[6465] = 1.601932e-09
Cl[6466] = 1.620079e-09
Cl[6467] = 1.630225e-09
Cl[6468] = 1.610584e-09
Cl[6469] = 1.588195e-09
Cl[6470] = 1.599400e-09
Cl[6471] = 1.595437e-09
Cl[6472] = 1.564806e-09
Cl[6473] = 1.563051e-09
Cl[6474] = 1.575415e-09
Cl[6475] = 1.586032e-09
Cl[6476] = 1.621473e-09
Cl[6477] = 1.638464e-09
Cl[6478] = 1.612783e-09
Cl[6479] = 1.602419e-09
Cl[6480] = 1.609849e-09
Cl[6481] = 1.609552e-09
Cl[6482] = 1.613511e-09
Cl[6483] = 1.609753e-09
Cl[6484] = 1.602947e-09
Cl[6485] = 1.613850e-09
Cl[6486] = 1.621312e-09
Cl[6487] = 1.640547e-09
Cl[6488] = 1.672008e-09
Cl[6489] = 1.646868e-09
Cl[6490] = 1.614175e-09
Cl[6491] = 1.645790e-09
Cl[6492] = 1.638888e-09
Cl[6493] = 1.579062e-09
Cl[6494] = 1.575282e-09
Cl[6495] = 1.566536e-09
Cl[6496] = 1.511974e-09
Cl[6497] = 1.525320e-09
Cl[6498] = 1.571050e-09
Cl[6499] = 1.561377e-09
Cl[6500] = 1.570441e-09
Cl[6501] = 1.602334e-09
Cl[6502] = 1.586430e-09
Cl[6503] = 1.573720e-09
Cl[6504] = 1.592193e-09
Cl[6505] = 1.590417e-09
Cl[6506] = 1.578109e-09
Cl[6507] = 1.580030e-09
Cl[6508] = 1.588035e-09
Cl[6509] = 1.588907e-09
Cl[6510] = 1.560573e-09
Cl[6511] = 1.534045e-09
Cl[6512] = 1.552305e-09
Cl[6513] = 1.563256e-09
Cl[6514] = 1.539718e-09
Cl[6515] = 1.536172e-09
Cl[6516] = 1.555139e-09
Cl[6517] = 1.567720e-09
Cl[6518] = 1.569834e-09
Cl[6519] = 1.558243e-09
Cl[6520] = 1.563627e-09
Cl[6521] = 1.589989e-09
Cl[6522] = 1.581583e-09
Cl[6523] = 1.564660e-09
Cl[6524] = 1.578459e-09
Cl[6525] = 1.558532e-09
Cl[6526] = 1.521410e-09
Cl[6527] = 1.549839e-09
Cl[6528] = 1.580071e-09
Cl[6529] = 1.547459e-09
Cl[6530] = 1.521105e-09
Cl[6531] = 1.528899e-09
Cl[6532] = 1.531798e-09
Cl[6533] = 1.532996e-09
Cl[6534] = 1.549965e-09
Cl[6535] = 1.570038e-09
Cl[6536] = 1.562687e-09
Cl[6537] = 1.530966e-09
Cl[6538] = 1.525822e-09
Cl[6539] = 1.549096e-09
Cl[6540] = 1.555318e-09
Cl[6541] = 1.544292e-09
Cl[6542] = 1.522685e-09
Cl[6543] = 1.501087e-09
Cl[6544] = 1.519577e-09
Cl[6545] = 1.543777e-09
Cl[6546] = 1.525188e-09
Cl[6547] = 1.523108e-09
Cl[6548] = 1.550118e-09
Cl[6549] = 1.544903e-09
Cl[6550] = 1.534849e-09
Cl[6551] = 1.548621e-09
Cl[6552] = 1.550659e-09
Cl[6553] = 1.549230e-09
Cl[6554] = 1.553201e-09
Cl[6555] = 1.551296e-09
Cl[6556] = 1.560195e-09
Cl[6557] = 1.555623e-09
Cl[6558] = 1.533461e-09
Cl[6559] = 1.552982e-09
Cl[6560] = 1.569814e-09
Cl[6561] = 1.535728e-09
Cl[6562] = 1.541115e-09
Cl[6563] = 1.582095e-09
Cl[6564] = 1.570071e-09
Cl[6565] = 1.551458e-09
Cl[6566] = 1.558116e-09
Cl[6567] = 1.549163e-09
Cl[6568] = 1.549239e-09
Cl[6569] = 1.544019e-09
Cl[6570] = 1.505194e-09
Cl[6571] = 1.508980e-09
Cl[6572] = 1.546775e-09
Cl[6573] = 1.543108e-09
Cl[6574] = 1.546236e-09
Cl[6575] = 1.563711e-09
Cl[6576] = 1.540812e-09
Cl[6577] = 1.533333e-09
Cl[6578] = 1.550795e-09
Cl[6579] = 1.531074e-09
Cl[6580] = 1.521973e-09
Cl[6581] = 1.538145e-09
Cl[6582] = 1.518374e-09
Cl[6583] = 1.503362e-09
Cl[6584] = 1.517590e-09
Cl[6585] = 1.510405e-09
Cl[6586] = 1.504911e-09
Cl[6587] = 1.512337e-09
Cl[6588] = 1.501496e-09
Cl[6589] = 1.511907e-09
Cl[6590] = 1.536598e-09
Cl[6591] = 1.515814e-09
Cl[6592] = 1.498470e-09
Cl[6593] = 1.521850e-09
Cl[6594] = 1.531945e-09
Cl[6595] = 1.532107e-09
Cl[6596] = 1.549869e-09
Cl[6597] = 1.561384e-09
Cl[6598] = 1.558401e-09
Cl[6599] = 1.544588e-09
Cl[6600] = 1.531387e-09
Cl[6601] = 1.548146e-09
Cl[6602] = 1.567681e-09
Cl[6603] = 1.550839e-09
Cl[6604] = 1.535936e-09
Cl[6605] = 1.548720e-09
Cl[6606] = 1.553784e-09
Cl[6607] = 1.538714e-09
Cl[6608] = 1.532052e-09
Cl[6609] = 1.545404e-09
Cl[6610] = 1.548877e-09
Cl[6611] = 1.541071e-09
Cl[6612] = 1.564400e-09
Cl[6613] = 1.579328e-09
Cl[6614] = 1.536444e-09
Cl[6615] = 1.529650e-09
Cl[6616] = 1.582784e-09
Cl[6617] = 1.573084e-09
Cl[6618] = 1.526420e-09
Cl[6619] = 1.533556e-09
Cl[6620] = 1.533064e-09
Cl[6621] = 1.520211e-09
Cl[6622] = 1.550740e-09
Cl[6623] = 1.552356e-09
Cl[6624] = 1.518527e-09
Cl[6625] = 1.535383e-09
Cl[6626] = 1.547977e-09
Cl[6627] = 1.511209e-09
Cl[6628] = 1.505781e-09
Cl[6629] = 1.532219e-09
Cl[6630] = 1.539142e-09
Cl[6631] = 1.536953e-09
Cl[6632] = 1.526210e-09
Cl[6633] = 1.513254e-09
Cl[6634] = 1.517762e-09
Cl[6635] = 1.520999e-09
Cl[6636] = 1.526671e-09
Cl[6637] = 1.538466e-09
Cl[6638] = 1.523321e-09
Cl[6639] = 1.513449e-09
Cl[6640] = 1.536901e-09
Cl[6641] = 1.535124e-09
Cl[6642] = 1.513708e-09
Cl[6643] = 1.517296e-09
Cl[6644] = 1.516041e-09
Cl[6645] = 1.515884e-09
Cl[6646] = 1.537513e-09
Cl[6647] = 1.530956e-09
Cl[6648] = 1.504772e-09
Cl[6649] = 1.499763e-09
Cl[6650] = 1.481524e-09
Cl[6651] = 1.463682e-09
Cl[6652] = 1.493025e-09
Cl[6653] = 1.523719e-09
Cl[6654] = 1.523237e-09
Cl[6655] = 1.518507e-09
Cl[6656] = 1.517518e-09
Cl[6657] = 1.532551e-09
Cl[6658] = 1.555262e-09
Cl[6659] = 1.551248e-09
Cl[6660] = 1.547795e-09
Cl[6661] = 1.560359e-09
Cl[6662] = 1.551969e-09
Cl[6663] = 1.545605e-09
Cl[6664] = 1.552578e-09
Cl[6665] = 1.527825e-09
Cl[6666] = 1.508948e-09
Cl[6667] = 1.531558e-09
Cl[6668] = 1.533827e-09
Cl[6669] = 1.517160e-09
Cl[6670] = 1.524673e-09
Cl[6671] = 1.524655e-09
Cl[6672] = 1.515971e-09
Cl[6673] = 1.524269e-09
Cl[6674] = 1.521463e-09
Cl[6675] = 1.519618e-09
Cl[6676] = 1.539885e-09
Cl[6677] = 1.527624e-09
Cl[6678] = 1.490721e-09
Cl[6679] = 1.499516e-09
Cl[6680] = 1.521348e-09
Cl[6681] = 1.506397e-09
Cl[6682] = 1.498381e-09
Cl[6683] = 1.511807e-09
Cl[6684] = 1.501809e-09
Cl[6685] = 1.480338e-09
Cl[6686] = 1.489480e-09
Cl[6687] = 1.506457e-09
Cl[6688] = 1.500051e-09
Cl[6689] = 1.499274e-09
Cl[6690] = 1.514157e-09
Cl[6691] = 1.511066e-09
Cl[6692] = 1.505292e-09
Cl[6693] = 1.519177e-09
Cl[6694] = 1.512999e-09
Cl[6695] = 1.489481e-09
Cl[6696] = 1.495629e-09
Cl[6697] = 1.508429e-09
Cl[6698] = 1.508100e-09
Cl[6699] = 1.527538e-09
Cl[6700] = 1.547823e-09
Cl[6701] = 1.546454e-09
Cl[6702] = 1.562083e-09
Cl[6703] = 1.582448e-09
Cl[6704] = 1.561887e-09
Cl[6705] = 1.534062e-09
Cl[6706] = 1.536817e-09
Cl[6707] = 1.542343e-09
Cl[6708] = 1.528832e-09
Cl[6709] = 1.508044e-09
Cl[6710] = 1.495179e-09
Cl[6711] = 1.496848e-09
Cl[6712] = 1.505697e-09
Cl[6713] = 1.506983e-09
Cl[6714] = 1.494259e-09
Cl[6715] = 1.485392e-09
Cl[6716] = 1.503653e-09
Cl[6717] = 1.527628e-09
Cl[6718] = 1.528312e-09
Cl[6719] = 1.523396e-09
Cl[6720] = 1.516943e-09
Cl[6721] = 1.503049e-09
Cl[6722] = 1.520050e-09
Cl[6723] = 1.551677e-09
Cl[6724] = 1.528404e-09
Cl[6725] = 1.487797e-09
Cl[6726] = 1.493907e-09
Cl[6727] = 1.503787e-09
Cl[6728] = 1.496240e-09
Cl[6729] = 1.507693e-09
Cl[6730] = 1.522954e-09
Cl[6731] = 1.527217e-09
Cl[6732] = 1.535543e-09
Cl[6733] = 1.523500e-09
Cl[6734] = 1.486480e-09
Cl[6735] = 1.471168e-09
Cl[6736] = 1.484624e-09
Cl[6737] = 1.503332e-09
Cl[6738] = 1.518247e-09
Cl[6739] = 1.513235e-09
Cl[6740] = 1.494239e-09
Cl[6741] = 1.495803e-09
Cl[6742] = 1.509094e-09
Cl[6743] = 1.500933e-09
Cl[6744] = 1.486899e-09
Cl[6745] = 1.496251e-09
Cl[6746] = 1.512565e-09
Cl[6747] = 1.509278e-09
Cl[6748] = 1.499981e-09
Cl[6749] = 1.507378e-09
Cl[6750] = 1.519255e-09
Cl[6751] = 1.516844e-09
Cl[6752] = 1.507482e-09
Cl[6753] = 1.503767e-09
Cl[6754] = 1.503773e-09
Cl[6755] = 1.497105e-09
Cl[6756] = 1.486891e-09
Cl[6757] = 1.491790e-09
Cl[6758] = 1.499208e-09
Cl[6759] = 1.479076e-09
Cl[6760] = 1.457067e-09
Cl[6761] = 1.463742e-09
Cl[6762] = 1.467923e-09
Cl[6763] = 1.460536e-09
Cl[6764] = 1.473734e-09
Cl[6765] = 1.495671e-09
Cl[6766] = 1.500901e-09
Cl[6767] = 1.498145e-09
Cl[6768] = 1.496322e-09
Cl[6769] = 1.507377e-09
Cl[6770] = 1.530327e-09
Cl[6771] = 1.528158e-09
Cl[6772] = 1.509277e-09
Cl[6773] = 1.520245e-09
Cl[6774] = 1.531257e-09
Cl[6775] = 1.501905e-09
Cl[6776] = 1.479889e-09
Cl[6777] = 1.494722e-09
Cl[6778] = 1.502972e-09
Cl[6779] = 1.488033e-09
Cl[6780] = 1.472164e-09
Cl[6781] = 1.461711e-09
Cl[6782] = 1.463241e-09
Cl[6783] = 1.479988e-09
Cl[6784] = 1.476622e-09
Cl[6785] = 1.439643e-09
Cl[6786] = 1.428269e-09
Cl[6787] = 1.463068e-09
Cl[6788] = 1.472850e-09
Cl[6789] = 1.440068e-09
Cl[6790] = 1.428389e-09
Cl[6791] = 1.442633e-09
Cl[6792] = 1.447288e-09
Cl[6793] = 1.449365e-09
Cl[6794] = 1.447572e-09
Cl[6795] = 1.437839e-09
Cl[6796] = 1.450691e-09
Cl[6797] = 1.474222e-09
Cl[6798] = 1.468936e-09
Cl[6799] = 1.459046e-09
Cl[6800] = 1.469180e-09
Cl[6801] = 1.474968e-09
Cl[6802] = 1.476716e-09
Cl[6803] = 1.491892e-09
Cl[6804] = 1.501531e-09
Cl[6805] = 1.490005e-09
Cl[6806] = 1.481990e-09
Cl[6807] = 1.492255e-09
Cl[6808] = 1.485768e-09
Cl[6809] = 1.453159e-09
Cl[6810] = 1.453536e-09
Cl[6811] = 1.487955e-09
Cl[6812] = 1.486206e-09
Cl[6813] = 1.463018e-09
Cl[6814] = 1.465764e-09
Cl[6815] = 1.467636e-09
Cl[6816] = 1.472345e-09
Cl[6817] = 1.497716e-09
Cl[6818] = 1.492694e-09
Cl[6819] = 1.464306e-09
Cl[6820] = 1.463430e-09
Cl[6821] = 1.462151e-09
Cl[6822] = 1.464795e-09
Cl[6823] = 1.497481e-09
Cl[6824] = 1.493933e-09
Cl[6825] = 1.461284e-09
Cl[6826] = 1.481671e-09
Cl[6827] = 1.505206e-09
Cl[6828] = 1.491221e-09
Cl[6829] = 1.501718e-09
Cl[6830] = 1.513428e-09
Cl[6831] = 1.498013e-09
Cl[6832] = 1.511720e-09
Cl[6833] = 1.527275e-09
Cl[6834] = 1.506086e-09
Cl[6835] = 1.503151e-09
Cl[6836] = 1.508529e-09
Cl[6837] = 1.485331e-09
Cl[6838] = 1.472762e-09
Cl[6839] = 1.465235e-09
Cl[6840] = 1.446595e-09
Cl[6841] = 1.463869e-09
Cl[6842] = 1.496361e-09
Cl[6843] = 1.490879e-09
Cl[6844] = 1.473791e-09
Cl[6845] = 1.468765e-09
Cl[6846] = 1.477047e-09
Cl[6847] = 1.494197e-09
Cl[6848] = 1.479178e-09
Cl[6849] = 1.453693e-09
Cl[6850] = 1.478615e-09
Cl[6851] = 1.498622e-09
Cl[6852] = 1.475434e-09
Cl[6853] = 1.485636e-09
Cl[6854] = 1.522935e-09
Cl[6855] = 1.516225e-09
Cl[6856] = 1.497317e-09
Cl[6857] = 1.509377e-09
Cl[6858] = 1.519471e-09
Cl[6859] = 1.499056e-09
Cl[6860] = 1.468577e-09
Cl[6861] = 1.470044e-09
Cl[6862] = 1.495266e-09
Cl[6863] = 1.488403e-09
Cl[6864] = 1.461096e-09
Cl[6865] = 1.462676e-09
Cl[6866] = 1.475267e-09
Cl[6867] = 1.479268e-09
Cl[6868] = 1.486691e-09
Cl[6869] = 1.481934e-09
Cl[6870] = 1.460217e-09
Cl[6871] = 1.447702e-09
Cl[6872] = 1.454417e-09
Cl[6873] = 1.469717e-09
Cl[6874] = 1.462828e-09
Cl[6875] = 1.430976e-09
Cl[6876] = 1.430979e-09
Cl[6877] = 1.462565e-09
Cl[6878] = 1.467818e-09
Cl[6879] = 1.462678e-09
Cl[6880] = 1.469912e-09
Cl[6881] = 1.462223e-09
Cl[6882] = 1.459488e-09
Cl[6883] = 1.480843e-09
Cl[6884] = 1.496613e-09
Cl[6885] = 1.508388e-09
Cl[6886] = 1.505640e-09
Cl[6887] = 1.465309e-09
Cl[6888] = 1.446771e-09
Cl[6889] = 1.474190e-09
Cl[6890] = 1.478330e-09
Cl[6891] = 1.459590e-09
Cl[6892] = 1.460490e-09
Cl[6893] = 1.467350e-09
Cl[6894] = 1.477783e-09
Cl[6895] = 1.487625e-09
Cl[6896] = 1.476230e-09
Cl[6897] = 1.478363e-09
Cl[6898] = 1.502884e-09
Cl[6899] = 1.495948e-09
Cl[6900] = 1.477089e-09
Cl[6901] = 1.501661e-09
Cl[6902] = 1.536817e-09
Cl[6903] = 1.522751e-09
Cl[6904] = 1.472569e-09
Cl[6905] = 1.463487e-09
Cl[6906] = 1.506570e-09
Cl[6907] = 1.498967e-09
Cl[6908] = 1.441094e-09
Cl[6909] = 1.457440e-09
Cl[6910] = 1.510434e-09
Cl[6911] = 1.490238e-09
Cl[6912] = 1.465974e-09
Cl[6913] = 1.489918e-09
Cl[6914] = 1.487751e-09
Cl[6915] = 1.467857e-09
Cl[6916] = 1.481642e-09
Cl[6917] = 1.499596e-09
Cl[6918] = 1.499585e-09
Cl[6919] = 1.483229e-09
Cl[6920] = 1.453381e-09
Cl[6921] = 1.443935e-09
Cl[6922] = 1.454642e-09
Cl[6923] = 1.455405e-09
Cl[6924] = 1.463396e-09
Cl[6925] = 1.478114e-09
Cl[6926] = 1.470579e-09
Cl[6927] = 1.462289e-09
Cl[6928] = 1.468254e-09
Cl[6929] = 1.466037e-09
Cl[6930] = 1.455957e-09
Cl[6931] = 1.440904e-09
Cl[6932] = 1.427121e-09
Cl[6933] = 1.442529e-09
Cl[6934] = 1.468070e-09
Cl[6935] = 1.460281e-09
Cl[6936] = 1.436950e-09
Cl[6937] = 1.430408e-09
Cl[6938] = 1.435916e-09
Cl[6939] = 1.441190e-09
Cl[6940] = 1.447956e-09
Cl[6941] = 1.470090e-09
Cl[6942] = 1.494628e-09
Cl[6943] = 1.488220e-09
Cl[6944] = 1.476866e-09
Cl[6945] = 1.495351e-09
Cl[6946] = 1.502172e-09
Cl[6947] = 1.478517e-09
Cl[6948] = 1.470932e-09
Cl[6949] = 1.488255e-09
Cl[6950] = 1.501089e-09
Cl[6951] = 1.493653e-09
Cl[6952] = 1.467915e-09
Cl[6953] = 1.453028e-09
Cl[6954] = 1.462606e-09
Cl[6955] = 1.465908e-09
Cl[6956] = 1.450104e-09
Cl[6957] = 1.432705e-09
Cl[6958] = 1.435311e-09
Cl[6959] = 1.463438e-09
Cl[6960] = 1.466798e-09
Cl[6961] = 1.429935e-09
Cl[6962] = 1.438483e-09
Cl[6963] = 1.493039e-09
Cl[6964] = 1.495386e-09
Cl[6965] = 1.468565e-09
Cl[6966] = 1.476546e-09
Cl[6967] = 1.478082e-09
Cl[6968] = 1.464336e-09
Cl[6969] = 1.477803e-09
Cl[6970] = 1.496233e-09
Cl[6971] = 1.487144e-09
Cl[6972] = 1.465061e-09
Cl[6973] = 1.467322e-09
Cl[6974] = 1.504193e-09
Cl[6975] = 1.505885e-09
Cl[6976] = 1.452907e-09
Cl[6977] = 1.444732e-09
Cl[6978] = 1.472226e-09
Cl[6979] = 1.450682e-09
Cl[6980] = 1.448732e-09
Cl[6981] = 1.495130e-09
Cl[6982] = 1.479798e-09
Cl[6983] = 1.432687e-09
Cl[6984] = 1.441612e-09
Cl[6985] = 1.443710e-09
Cl[6986] = 1.415715e-09
Cl[6987] = 1.413831e-09
Cl[6988] = 1.415843e-09
Cl[6989] = 1.409026e-09
Cl[6990] = 1.418051e-09
Cl[6991] = 1.414310e-09
Cl[6992] = 1.398584e-09
Cl[6993] = 1.406608e-09
Cl[6994] = 1.421628e-09
Cl[6995] = 1.437825e-09
Cl[6996] = 1.463713e-09
Cl[6997] = 1.468657e-09
Cl[6998] = 1.457389e-09
Cl[6999] = 1.460468e-09
Cl[7000] = 1.461211e-09
Cl[7001] = 1.450329e-09
Cl[7002] = 1.437289e-09
Cl[7003] = 1.414448e-09
Cl[7004] = 1.397443e-09
Cl[7005] = 1.403574e-09
Cl[7006] = 1.411869e-09
Cl[7007] = 1.415567e-09
Cl[7008] = 1.424782e-09
Cl[7009] = 1.434399e-09
Cl[7010] = 1.444048e-09
Cl[7011] = 1.452645e-09
Cl[7012] = 1.457985e-09
Cl[7013] = 1.470588e-09
Cl[7014] = 1.477305e-09
Cl[7015] = 1.458199e-09
Cl[7016] = 1.440590e-09
Cl[7017] = 1.449598e-09
Cl[7018] = 1.460997e-09
Cl[7019] = 1.450347e-09
Cl[7020] = 1.438444e-09
Cl[7021] = 1.462578e-09
Cl[7022] = 1.499358e-09
Cl[7023] = 1.491753e-09
Cl[7024] = 1.468666e-09
Cl[7025] = 1.479647e-09
Cl[7026] = 1.481355e-09
Cl[7027] = 1.461682e-09
Cl[7028] = 1.474401e-09
Cl[7029] = 1.485187e-09
Cl[7030] = 1.446074e-09
Cl[7031] = 1.418611e-09
Cl[7032] = 1.432886e-09
Cl[7033] = 1.437407e-09
Cl[7034] = 1.431205e-09
Cl[7035] = 1.448906e-09
Cl[7036] = 1.473623e-09
Cl[7037] = 1.469725e-09
Cl[7038] = 1.447677e-09
Cl[7039] = 1.449637e-09
Cl[7040] = 1.470433e-09
Cl[7041] = 1.466703e-09
Cl[7042] = 1.451150e-09
Cl[7043] = 1.453280e-09
Cl[7044] = 1.454783e-09
Cl[7045] = 1.460433e-09
Cl[7046] = 1.479508e-09
Cl[7047] = 1.469604e-09
Cl[7048] = 1.443181e-09
Cl[7049] = 1.453607e-09
Cl[7050] = 1.463381e-09
Cl[7051] = 1.443479e-09
Cl[7052] = 1.446546e-09
Cl[7053] = 1.463762e-09
Cl[7054] = 1.451549e-09
Cl[7055] = 1.449903e-09
Cl[7056] = 1.477079e-09
Cl[7057] = 1.478879e-09
Cl[7058] = 1.456172e-09
Cl[7059] = 1.453468e-09
Cl[7060] = 1.459013e-09
Cl[7061] = 1.450379e-09
Cl[7062] = 1.450427e-09
Cl[7063] = 1.466940e-09
Cl[7064] = 1.469636e-09
Cl[7065] = 1.456490e-09
Cl[7066] = 1.453866e-09
Cl[7067] = 1.453053e-09
Cl[7068] = 1.435349e-09
Cl[7069] = 1.424996e-09
Cl[7070] = 1.443340e-09
Cl[7071] = 1.467163e-09
Cl[7072] = 1.470841e-09
Cl[7073] = 1.461702e-09
Cl[7074] = 1.463595e-09
Cl[7075] = 1.479378e-09
Cl[7076] = 1.486681e-09
Cl[7077] = 1.482054e-09
Cl[7078] = 1.480685e-09
Cl[7079] = 1.475697e-09
Cl[7080] = 1.463395e-09
Cl[7081] = 1.465665e-09
Cl[7082] = 1.482212e-09
Cl[7083] = 1.483265e-09
Cl[7084] = 1.459400e-09
Cl[7085] = 1.437868e-09
Cl[7086] = 1.442421e-09
Cl[7087] = 1.446140e-09
Cl[7088] = 1.416351e-09
Cl[7089] = 1.389550e-09
Cl[7090] = 1.401922e-09
Cl[7091] = 1.416766e-09
Cl[7092] = 1.410800e-09
Cl[7093] = 1.409783e-09
Cl[7094] = 1.418270e-09
Cl[7095] = 1.424298e-09
Cl[7096] = 1.426225e-09
Cl[7097] = 1.420341e-09
Cl[7098] = 1.412501e-09
Cl[7099] = 1.409848e-09
Cl[7100] = 1.408279e-09
Cl[7101] = 1.414137e-09
Cl[7102] = 1.425904e-09
Cl[7103] = 1.429849e-09
Cl[7104] = 1.432421e-09
Cl[7105] = 1.428779e-09
Cl[7106] = 1.410178e-09
Cl[7107] = 1.411911e-09
Cl[7108] = 1.435225e-09
Cl[7109] = 1.430703e-09
Cl[7110] = 1.415973e-09
Cl[7111] = 1.430109e-09
Cl[7112] = 1.443549e-09
Cl[7113] = 1.439959e-09
Cl[7114] = 1.435066e-09
Cl[7115] = 1.424512e-09
Cl[7116] = 1.419411e-09
Cl[7117] = 1.426835e-09
Cl[7118] = 1.420479e-09
Cl[7119] = 1.409442e-09
Cl[7120] = 1.416217e-09
Cl[7121] = 1.421918e-09
Cl[7122] = 1.424274e-09
Cl[7123] = 1.430722e-09
Cl[7124] = 1.418684e-09
Cl[7125] = 1.397705e-09
Cl[7126] = 1.400466e-09
Cl[7127] = 1.415358e-09
Cl[7128] = 1.422336e-09
Cl[7129] = 1.424018e-09
Cl[7130] = 1.426459e-09
Cl[7131] = 1.437677e-09
Cl[7132] = 1.452267e-09
Cl[7133] = 1.459050e-09
Cl[7134] = 1.463882e-09
Cl[7135] = 1.457007e-09
Cl[7136] = 1.427330e-09
Cl[7137] = 1.408284e-09
Cl[7138] = 1.417506e-09
Cl[7139] = 1.422173e-09
Cl[7140] = 1.409886e-09
Cl[7141] = 1.401363e-09
Cl[7142] = 1.403088e-09
Cl[7143] = 1.405989e-09
Cl[7144] = 1.412370e-09
Cl[7145] = 1.430566e-09
Cl[7146] = 1.438845e-09
Cl[7147] = 1.417524e-09
Cl[7148] = 1.405085e-09
Cl[7149] = 1.419602e-09
Cl[7150] = 1.420271e-09
Cl[7151] = 1.413792e-09
Cl[7152] = 1.425212e-09
Cl[7153] = 1.425093e-09
Cl[7154] = 1.418513e-09
Cl[7155] = 1.423812e-09
Cl[7156] = 1.405514e-09
Cl[7157] = 1.388874e-09
Cl[7158] = 1.417774e-09
Cl[7159] = 1.423971e-09
Cl[7160] = 1.384946e-09
Cl[7161] = 1.380335e-09
Cl[7162] = 1.406108e-09
Cl[7163] = 1.409971e-09
Cl[7164] = 1.403736e-09
Cl[7165] = 1.407831e-09
Cl[7166] = 1.423758e-09
Cl[7167] = 1.424363e-09
Cl[7168] = 1.391566e-09
Cl[7169] = 1.395781e-09
Cl[7170] = 1.447976e-09
Cl[7171] = 1.443989e-09
Cl[7172] = 1.408404e-09
Cl[7173] = 1.424035e-09
Cl[7174] = 1.429700e-09
Cl[7175] = 1.412160e-09
Cl[7176] = 1.427506e-09
Cl[7177] = 1.425889e-09
Cl[7178] = 1.416495e-09
Cl[7179] = 1.462768e-09
Cl[7180] = 1.473935e-09
Cl[7181] = 1.424405e-09
Cl[7182] = 1.430459e-09
Cl[7183] = 1.453350e-09
Cl[7184] = 1.419089e-09
Cl[7185] = 1.407918e-09
Cl[7186] = 1.437488e-09
Cl[7187] = 1.451897e-09
Cl[7188] = 1.460719e-09
Cl[7189] = 1.454787e-09
Cl[7190] = 1.433462e-09
Cl[7191] = 1.439850e-09
Cl[7192] = 1.437868e-09
Cl[7193] = 1.404531e-09
Cl[7194] = 1.410310e-09
Cl[7195] = 1.444189e-09
Cl[7196] = 1.441117e-09
Cl[7197] = 1.431465e-09
Cl[7198] = 1.455449e-09
Cl[7199] = 1.489930e-09
Cl[7200] = 1.495909e-09
Cl[7201] = 1.464061e-09
Cl[7202] = 1.446972e-09
Cl[7203] = 1.470022e-09
Cl[7204] = 1.473372e-09
Cl[7205] = 1.450566e-09
Cl[7206] = 1.450409e-09
Cl[7207] = 1.456171e-09
Cl[7208] = 1.452736e-09
Cl[7209] = 1.458995e-09
Cl[7210] = 1.457405e-09
Cl[7211] = 1.446202e-09
Cl[7212] = 1.445973e-09
Cl[7213] = 1.438043e-09
Cl[7214] = 1.415773e-09
Cl[7215] = 1.394374e-09
Cl[7216] = 1.381205e-09
Cl[7217] = 1.403064e-09
Cl[7218] = 1.443170e-09
Cl[7219] = 1.438622e-09
Cl[7220] = 1.415439e-09
Cl[7221] = 1.426392e-09
Cl[7222] = 1.433175e-09
Cl[7223] = 1.408854e-09
Cl[7224] = 1.388230e-09
Cl[7225] = 1.398898e-09
Cl[7226] = 1.435775e-09
Cl[7227] = 1.444707e-09
Cl[7228] = 1.403302e-09
Cl[7229] = 1.392227e-09
Cl[7230] = 1.427540e-09
Cl[7231] = 1.417526e-09
Cl[7232] = 1.373364e-09
Cl[7233] = 1.381835e-09
Cl[7234] = 1.422705e-09
Cl[7235] = 1.424136e-09
Cl[7236] = 1.389640e-09
Cl[7237] = 1.382279e-09
Cl[7238] = 1.413345e-09
Cl[7239] = 1.413151e-09
Cl[7240] = 1.383706e-09
Cl[7241] = 1.405627e-09
Cl[7242] = 1.446283e-09
Cl[7243] = 1.434173e-09
Cl[7244] = 1.410206e-09
Cl[7245] = 1.400816e-09
Cl[7246] = 1.395275e-09
Cl[7247] = 1.422234e-09
Cl[7248] = 1.442393e-09
Cl[7249] = 1.406559e-09
Cl[7250] = 1.392283e-09
Cl[7251] = 1.424522e-09
Cl[7252] = 1.422659e-09
Cl[7253] = 1.398643e-09
Cl[7254] = 1.401588e-09
Cl[7255] = 1.403953e-09
Cl[7256] = 1.395693e-09
Cl[7257] = 1.396896e-09
Cl[7258] = 1.405058e-09
Cl[7259] = 1.414104e-09
Cl[7260] = 1.412497e-09
Cl[7261] = 1.401579e-09
Cl[7262] = 1.401680e-09
Cl[7263] = 1.406216e-09
Cl[7264] = 1.414659e-09
Cl[7265] = 1.436129e-09
Cl[7266] = 1.440110e-09
Cl[7267] = 1.433285e-09
Cl[7268] = 1.453753e-09
Cl[7269] = 1.462934e-09
Cl[7270] = 1.443936e-09
Cl[7271] = 1.444433e-09
Cl[7272] = 1.440277e-09
Cl[7273] = 1.412381e-09
Cl[7274] = 1.417208e-09
Cl[7275] = 1.432571e-09
Cl[7276] = 1.408332e-09
Cl[7277] = 1.394156e-09
Cl[7278] = 1.407604e-09
Cl[7279] = 1.400699e-09
Cl[7280] = 1.383402e-09
Cl[7281] = 1.388857e-09
Cl[7282] = 1.410899e-09
Cl[7283] = 1.425833e-09
Cl[7284] = 1.415115e-09
Cl[7285] = 1.400160e-09
Cl[7286] = 1.406874e-09
Cl[7287] = 1.413100e-09
Cl[7288] = 1.413336e-09
Cl[7289] = 1.419029e-09
Cl[7290] = 1.404541e-09
Cl[7291] = 1.376731e-09
Cl[7292] = 1.371424e-09
Cl[7293] = 1.372267e-09
Cl[7294] = 1.366873e-09
Cl[7295] = 1.371038e-09
Cl[7296] = 1.380068e-09
Cl[7297] = 1.399157e-09
Cl[7298] = 1.422584e-09
Cl[7299] = 1.414840e-09
Cl[7300] = 1.396926e-09
Cl[7301] = 1.401575e-09
Cl[7302] = 1.398718e-09
Cl[7303] = 1.390280e-09
Cl[7304] = 1.403507e-09
Cl[7305] = 1.410394e-09
Cl[7306] = 1.401975e-09
Cl[7307] = 1.402040e-09
Cl[7308] = 1.397318e-09
Cl[7309] = 1.377346e-09
Cl[7310] = 1.358378e-09
Cl[7311] = 1.355032e-09
Cl[7312] = 1.368573e-09
Cl[7313] = 1.368219e-09
Cl[7314] = 1.356318e-09
Cl[7315] = 1.382835e-09
Cl[7316] = 1.408437e-09
Cl[7317] = 1.382215e-09
Cl[7318] = 1.379239e-09
Cl[7319] = 1.408569e-09
Cl[7320] = 1.387115e-09
Cl[7321] = 1.363743e-09
Cl[7322] = 1.392795e-09
Cl[7323] = 1.404602e-09
Cl[7324] = 1.400499e-09
Cl[7325] = 1.420819e-09
Cl[7326] = 1.417746e-09
Cl[7327] = 1.392284e-09
Cl[7328] = 1.386528e-09
Cl[7329] = 1.376791e-09
Cl[7330] = 1.367836e-09
Cl[7331] = 1.383732e-09
Cl[7332] = 1.395938e-09
Cl[7333] = 1.406583e-09
Cl[7334] = 1.424636e-09
Cl[7335] = 1.419453e-09
Cl[7336] = 1.413140e-09
Cl[7337] = 1.427185e-09
Cl[7338] = 1.420374e-09
Cl[7339] = 1.403227e-09
Cl[7340] = 1.402597e-09
Cl[7341] = 1.387805e-09
Cl[7342] = 1.377635e-09
Cl[7343] = 1.402794e-09
Cl[7344] = 1.412601e-09
Cl[7345] = 1.399324e-09
Cl[7346] = 1.404973e-09
Cl[7347] = 1.396960e-09
Cl[7348] = 1.360551e-09
Cl[7349] = 1.361651e-09
Cl[7350] = 1.399398e-09
Cl[7351] = 1.401294e-09
Cl[7352] = 1.369697e-09
Cl[7353] = 1.364634e-09
Cl[7354] = 1.385206e-09
Cl[7355] = 1.387632e-09
Cl[7356] = 1.373584e-09
Cl[7357] = 1.367960e-09
Cl[7358] = 1.366392e-09
Cl[7359] = 1.366999e-09
Cl[7360] = 1.377189e-09
Cl[7361] = 1.386929e-09
Cl[7362] = 1.394082e-09
Cl[7363] = 1.398183e-09
Cl[7364] = 1.385141e-09
Cl[7365] = 1.370638e-09
Cl[7366] = 1.368715e-09
Cl[7367] = 1.355964e-09
Cl[7368] = 1.346640e-09
Cl[7369] = 1.361386e-09
Cl[7370] = 1.354529e-09
Cl[7371] = 1.324515e-09
Cl[7372] = 1.329258e-09
Cl[7373] = 1.349478e-09
Cl[7374] = 1.346062e-09
Cl[7375] = 1.351092e-09
Cl[7376] = 1.375927e-09
Cl[7377] = 1.389066e-09
Cl[7378] = 1.382667e-09
Cl[7379] = 1.367430e-09
Cl[7380] = 1.364219e-09
Cl[7381] = 1.381348e-09
Cl[7382] = 1.386560e-09
Cl[7383] = 1.373341e-09
Cl[7384] = 1.375405e-09
Cl[7385] = 1.383998e-09
Cl[7386] = 1.372937e-09
Cl[7387] = 1.362916e-09
Cl[7388] = 1.369804e-09
Cl[7389] = 1.366121e-09
Cl[7390] = 1.341491e-09
Cl[7391] = 1.336486e-09
Cl[7392] = 1.366715e-09
Cl[7393] = 1.378933e-09
Cl[7394] = 1.361050e-09
Cl[7395] = 1.371957e-09
Cl[7396] = 1.400300e-09
Cl[7397] = 1.393615e-09
Cl[7398] = 1.390098e-09
Cl[7399] = 1.415766e-09
Cl[7400] = 1.414426e-09
Cl[7401] = 1.383506e-09
Cl[7402] = 1.368867e-09
Cl[7403] = 1.366723e-09
Cl[7404] = 1.364759e-09
Cl[7405] = 1.363430e-09
Cl[7406] = 1.356444e-09
Cl[7407] = 1.358385e-09
Cl[7408] = 1.372122e-09
Cl[7409] = 1.370530e-09
Cl[7410] = 1.361162e-09
Cl[7411] = 1.365935e-09
Cl[7412] = 1.371417e-09
Cl[7413] = 1.370481e-09
Cl[7414] = 1.375037e-09
Cl[7415] = 1.386902e-09
Cl[7416] = 1.397722e-09
Cl[7417] = 1.395069e-09
Cl[7418] = 1.388713e-09
Cl[7419] = 1.404914e-09
Cl[7420] = 1.423264e-09
Cl[7421] = 1.407067e-09
Cl[7422] = 1.380622e-09
Cl[7423] = 1.382670e-09
Cl[7424] = 1.401227e-09
Cl[7425] = 1.400767e-09
Cl[7426] = 1.375073e-09
Cl[7427] = 1.358201e-09
Cl[7428] = 1.362300e-09
Cl[7429] = 1.354569e-09
Cl[7430] = 1.339295e-09
Cl[7431] = 1.347666e-09
Cl[7432] = 1.360340e-09
Cl[7433] = 1.361157e-09
Cl[7434] = 1.364964e-09
Cl[7435] = 1.361795e-09
Cl[7436] = 1.355871e-09
Cl[7437] = 1.368799e-09
Cl[7438] = 1.374324e-09
Cl[7439] = 1.365466e-09
Cl[7440] = 1.380508e-09
Cl[7441] = 1.400706e-09
Cl[7442] = 1.388701e-09
Cl[7443] = 1.369546e-09
Cl[7444] = 1.367113e-09
Cl[7445] = 1.370846e-09
Cl[7446] = 1.364461e-09
Cl[7447] = 1.337122e-09
Cl[7448] = 1.312556e-09
Cl[7449] = 1.320733e-09
Cl[7450] = 1.345093e-09
Cl[7451] = 1.364055e-09
Cl[7452] = 1.365269e-09
Cl[7453] = 1.335960e-09
Cl[7454] = 1.316039e-09
Cl[7455] = 1.342933e-09
Cl[7456] = 1.368541e-09
Cl[7457] = 1.362320e-09
Cl[7458] = 1.359082e-09
Cl[7459] = 1.363189e-09
Cl[7460] = 1.361603e-09
Cl[7461] = 1.363189e-09
Cl[7462] = 1.358848e-09
Cl[7463] = 1.347881e-09
Cl[7464] = 1.357766e-09
Cl[7465] = 1.381249e-09
Cl[7466] = 1.383090e-09
Cl[7467] = 1.363401e-09
Cl[7468] = 1.355624e-09
Cl[7469] = 1.374451e-09
Cl[7470] = 1.389787e-09
Cl[7471] = 1.377881e-09
Cl[7472] = 1.359594e-09
Cl[7473] = 1.349282e-09
Cl[7474] = 1.345161e-09
Cl[7475] = 1.359159e-09
Cl[7476] = 1.377792e-09
Cl[7477] = 1.372663e-09
Cl[7478] = 1.360351e-09
Cl[7479] = 1.361901e-09
Cl[7480] = 1.368715e-09
Cl[7481] = 1.376451e-09
Cl[7482] = 1.381052e-09
Cl[7483] = 1.380614e-09
Cl[7484] = 1.384416e-09
Cl[7485] = 1.384280e-09
Cl[7486] = 1.373582e-09
Cl[7487] = 1.364063e-09
Cl[7488] = 1.354801e-09
Cl[7489] = 1.354323e-09
Cl[7490] = 1.371853e-09
Cl[7491] = 1.376728e-09
Cl[7492] = 1.368074e-09
Cl[7493] = 1.373022e-09
Cl[7494] = 1.362140e-09
Cl[7495] = 1.335548e-09
Cl[7496] = 1.348298e-09
Cl[7497] = 1.374057e-09
Cl[7498] = 1.368923e-09
Cl[7499] = 1.364004e-09
Cl[7500] = 1.357570e-09
Cl[7501] = 1.334863e-09
Cl[7502] = 1.341947e-09
Cl[7503] = 1.377388e-09
Cl[7504] = 1.387239e-09
Cl[7505] = 1.369822e-09
Cl[7506] = 1.353654e-09
Cl[7507] = 1.361328e-09
Cl[7508] = 1.383775e-09
Cl[7509] = 1.374536e-09
Cl[7510] = 1.352038e-09
Cl[7511] = 1.365949e-09
Cl[7512] = 1.375802e-09
Cl[7513] = 1.363114e-09
Cl[7514] = 1.373306e-09
Cl[7515] = 1.377485e-09
Cl[7516] = 1.355005e-09
Cl[7517] = 1.362071e-09
Cl[7518] = 1.382023e-09
Cl[7519] = 1.370111e-09
Cl[7520] = 1.361248e-09
Cl[7521] = 1.364027e-09
Cl[7522] = 1.353094e-09
Cl[7523] = 1.341249e-09
Cl[7524] = 1.333857e-09
Cl[7525] = 1.337811e-09
Cl[7526] = 1.361637e-09
Cl[7527] = 1.364020e-09
Cl[7528] = 1.341886e-09
Cl[7529] = 1.344879e-09
Cl[7530] = 1.355827e-09
Cl[7531] = 1.349641e-09
Cl[7532] = 1.350691e-09
Cl[7533] = 1.346688e-09
Cl[7534] = 1.330118e-09
Cl[7535] = 1.335896e-09
Cl[7536] = 1.354995e-09
Cl[7537] = 1.365955e-09
Cl[7538] = 1.376633e-09
Cl[7539] = 1.374742e-09
Cl[7540] = 1.362162e-09
Cl[7541] = 1.357514e-09
Cl[7542] = 1.344626e-09
Cl[7543] = 1.331620e-09
Cl[7544] = 1.342974e-09
Cl[7545] = 1.349673e-09
Cl[7546] = 1.345858e-09
Cl[7547] = 1.362854e-09
Cl[7548] = 1.381244e-09
Cl[7549] = 1.380032e-09
Cl[7550] = 1.378293e-09
Cl[7551] = 1.381964e-09
Cl[7552] = 1.386490e-09
Cl[7553] = 1.378304e-09
Cl[7554] = 1.345686e-09
Cl[7555] = 1.326063e-09
Cl[7556] = 1.343033e-09
Cl[7557] = 1.361691e-09
Cl[7558] = 1.365889e-09
Cl[7559] = 1.359466e-09
Cl[7560] = 1.349787e-09
Cl[7561] = 1.365942e-09
Cl[7562] = 1.386761e-09
Cl[7563] = 1.372149e-09
Cl[7564] = 1.368006e-09
Cl[7565] = 1.393640e-09
Cl[7566] = 1.392546e-09
Cl[7567] = 1.371811e-09
Cl[7568] = 1.363688e-09
Cl[7569] = 1.357094e-09
Cl[7570] = 1.362757e-09
Cl[7571] = 1.368056e-09
Cl[7572] = 1.343751e-09
Cl[7573] = 1.340769e-09
Cl[7574] = 1.368107e-09
Cl[7575] = 1.352982e-09
Cl[7576] = 1.322669e-09
Cl[7577] = 1.336734e-09
Cl[7578] = 1.349589e-09
Cl[7579] = 1.336522e-09
Cl[7580] = 1.331923e-09
Cl[7581] = 1.336866e-09
Cl[7582] = 1.341273e-09
Cl[7583] = 1.342996e-09
Cl[7584] = 1.344714e-09
Cl[7585] = 1.359553e-09
Cl[7586] = 1.363707e-09
Cl[7587] = 1.342248e-09
Cl[7588] = 1.338873e-09
Cl[7589] = 1.348036e-09
Cl[7590] = 1.338061e-09
Cl[7591] = 1.347224e-09
Cl[7592] = 1.368598e-09
Cl[7593] = 1.349217e-09
Cl[7594] = 1.332006e-09
Cl[7595] = 1.353168e-09
Cl[7596] = 1.361956e-09
Cl[7597] = 1.350201e-09
Cl[7598] = 1.346706e-09
Cl[7599] = 1.349484e-09
Cl[7600] = 1.356458e-09
Cl[7601] = 1.351885e-09
Cl[7602] = 1.330816e-09
Cl[7603] = 1.335701e-09
Cl[7604] = 1.359664e-09
Cl[7605] = 1.357818e-09
Cl[7606] = 1.355257e-09
Cl[7607] = 1.370934e-09
Cl[7608] = 1.368307e-09
Cl[7609] = 1.349373e-09
Cl[7610] = 1.337814e-09
Cl[7611] = 1.329335e-09
Cl[7612] = 1.329209e-09
Cl[7613] = 1.341994e-09
Cl[7614] = 1.348875e-09
Cl[7615] = 1.337952e-09
Cl[7616] = 1.322351e-09
Cl[7617] = 1.328417e-09
Cl[7618] = 1.347971e-09
Cl[7619] = 1.345300e-09
Cl[7620] = 1.340952e-09
Cl[7621] = 1.361160e-09
Cl[7622] = 1.360729e-09
Cl[7623] = 1.336089e-09
Cl[7624] = 1.341334e-09
Cl[7625] = 1.358784e-09
Cl[7626] = 1.353259e-09
Cl[7627] = 1.345808e-09
Cl[7628] = 1.341711e-09
Cl[7629] = 1.340156e-09
Cl[7630] = 1.354781e-09
Cl[7631] = 1.363910e-09
Cl[7632] = 1.361660e-09
Cl[7633] = 1.375702e-09
Cl[7634] = 1.387269e-09
Cl[7635] = 1.374985e-09
Cl[7636] = 1.366788e-09
Cl[7637] = 1.373704e-09
Cl[7638] = 1.382817e-09
Cl[7639] = 1.387973e-09
Cl[7640] = 1.381848e-09
Cl[7641] = 1.371283e-09
Cl[7642] = 1.368479e-09
Cl[7643] = 1.373148e-09
Cl[7644] = 1.384770e-09
Cl[7645] = 1.380469e-09
Cl[7646] = 1.349712e-09
Cl[7647] = 1.343666e-09
Cl[7648] = 1.365788e-09
Cl[7649] = 1.356779e-09
Cl[7650] = 1.339284e-09
Cl[7651] = 1.350863e-09
Cl[7652] = 1.345117e-09
Cl[7653] = 1.321039e-09
Cl[7654] = 1.326729e-09
Cl[7655] = 1.340458e-09
Cl[7656] = 1.333188e-09
Cl[7657] = 1.322598e-09
Cl[7658] = 1.323965e-09
Cl[7659] = 1.343977e-09
Cl[7660] = 1.359685e-09
Cl[7661] = 1.339391e-09
Cl[7662] = 1.316628e-09
Cl[7663] = 1.322592e-09
Cl[7664] = 1.330367e-09
Cl[7665] = 1.333420e-09
Cl[7666] = 1.335357e-09
Cl[7667] = 1.327474e-09
Cl[7668] = 1.335849e-09
Cl[7669] = 1.358584e-09
Cl[7670] = 1.356729e-09
Cl[7671] = 1.355064e-09
Cl[7672] = 1.370740e-09
Cl[7673] = 1.361145e-09
Cl[7674] = 1.341346e-09
Cl[7675] = 1.342735e-09
Cl[7676] = 1.334038e-09
Cl[7677] = 1.322326e-09
Cl[7678] = 1.335738e-09
Cl[7679] = 1.339926e-09
Cl[7680] = 1.331744e-09
Cl[7681] = 1.349574e-09
Cl[7682] = 1.371237e-09
Cl[7683] = 1.367811e-09
Cl[7684] = 1.362087e-09
Cl[7685] = 1.363829e-09
Cl[7686] = 1.356332e-09
Cl[7687] = 1.336282e-09
Cl[7688] = 1.319764e-09
Cl[7689] = 1.322261e-09
Cl[7690] = 1.330941e-09
Cl[7691] = 1.325851e-09
Cl[7692] = 1.319184e-09
Cl[7693] = 1.324216e-09
Cl[7694] = 1.329690e-09
Cl[7695] = 1.325729e-09
Cl[7696] = 1.312248e-09
Cl[7697] = 1.300663e-09
Cl[7698] = 1.306291e-09
Cl[7699] = 1.320864e-09
Cl[7700] = 1.328895e-09
Cl[7701] = 1.328867e-09
Cl[7702] = 1.319669e-09
Cl[7703] = 1.315132e-09
Cl[7704] = 1.332394e-09
Cl[7705] = 1.344209e-09
Cl[7706] = 1.325518e-09
Cl[7707] = 1.308621e-09
Cl[7708] = 1.318256e-09
Cl[7709] = 1.329953e-09
Cl[7710] = 1.326990e-09
Cl[7711] = 1.325497e-09
Cl[7712] = 1.331747e-09
Cl[7713] = 1.328946e-09
Cl[7714] = 1.322901e-09
Cl[7715] = 1.338249e-09
Cl[7716] = 1.356388e-09
Cl[7717] = 1.351107e-09
Cl[7718] = 1.350555e-09
Cl[7719] = 1.365948e-09
Cl[7720] = 1.363005e-09
Cl[7721] = 1.343521e-09
Cl[7722] = 1.333367e-09
Cl[7723] = 1.335451e-09
Cl[7724] = 1.346530e-09
Cl[7725] = 1.346584e-09
Cl[7726] = 1.326229e-09
Cl[7727] = 1.323921e-09
Cl[7728] = 1.340096e-09
Cl[7729] = 1.337398e-09
Cl[7730] = 1.342196e-09
Cl[7731] = 1.366810e-09
Cl[7732] = 1.358907e-09
Cl[7733] = 1.333651e-09
Cl[7734] = 1.341249e-09
Cl[7735] = 1.349732e-09
Cl[7736] = 1.332484e-09
Cl[7737] = 1.319859e-09
Cl[7738] = 1.320804e-09
Cl[7739] = 1.328807e-09
Cl[7740] = 1.342559e-09
Cl[7741] = 1.344897e-09
Cl[7742] = 1.331199e-09
Cl[7743] = 1.317505e-09
Cl[7744] = 1.312099e-09
Cl[7745] = 1.311821e-09
Cl[7746] = 1.301955e-09
Cl[7747] = 1.286363e-09
Cl[7748] = 1.300204e-09
Cl[7749] = 1.337098e-09
Cl[7750] = 1.351547e-09
Cl[7751] = 1.345647e-09
Cl[7752] = 1.345713e-09
Cl[7753] = 1.351971e-09
Cl[7754] = 1.361682e-09
Cl[7755] = 1.365025e-09
Cl[7756] = 1.350772e-09
Cl[7757] = 1.337660e-09
Cl[7758] = 1.334777e-09
Cl[7759] = 1.322752e-09
Cl[7760] = 1.304605e-09
Cl[7761] = 1.301948e-09
Cl[7762] = 1.317096e-09
Cl[7763] = 1.334821e-09
Cl[7764] = 1.342412e-09
Cl[7765] = 1.346981e-09
Cl[7766] = 1.354913e-09
Cl[7767] = 1.349602e-09
Cl[7768] = 1.331268e-09
Cl[7769] = 1.320999e-09
Cl[7770] = 1.315628e-09
Cl[7771] = 1.307270e-09
Cl[7772] = 1.303285e-09
Cl[7773] = 1.306231e-09
Cl[7774] = 1.321082e-09
Cl[7775] = 1.340769e-09
Cl[7776] = 1.343449e-09
Cl[7777] = 1.343774e-09
Cl[7778] = 1.355959e-09
Cl[7779] = 1.348629e-09
Cl[7780] = 1.326490e-09
Cl[7781] = 1.326984e-09
Cl[7782] = 1.334097e-09
Cl[7783] = 1.328984e-09
Cl[7784] = 1.328745e-09
Cl[7785] = 1.331014e-09
Cl[7786] = 1.329537e-09
Cl[7787] = 1.331744e-09
Cl[7788] = 1.332398e-09
Cl[7789] = 1.334158e-09
Cl[7790] = 1.341106e-09
Cl[7791] = 1.342424e-09
Cl[7792] = 1.346782e-09
Cl[7793] = 1.353397e-09
Cl[7794] = 1.339372e-09
Cl[7795] = 1.329721e-09
Cl[7796] = 1.349403e-09
Cl[7797] = 1.360605e-09
Cl[7798] = 1.349661e-09
Cl[7799] = 1.337294e-09
Cl[7800] = 1.321181e-09
Cl[7801] = 1.314912e-09
Cl[7802] = 1.326116e-09
Cl[7803] = 1.317219e-09
Cl[7804] = 1.293417e-09
Cl[7805] = 1.297882e-09
Cl[7806] = 1.319899e-09
Cl[7807] = 1.335165e-09
Cl[7808] = 1.343421e-09
Cl[7809] = 1.334165e-09
Cl[7810] = 1.312508e-09
Cl[7811] = 1.308434e-09
Cl[7812] = 1.323604e-09
Cl[7813] = 1.329087e-09
Cl[7814] = 1.313932e-09
Cl[7815] = 1.308886e-09
Cl[7816] = 1.332715e-09
Cl[7817] = 1.345087e-09
Cl[7818] = 1.327694e-09
Cl[7819] = 1.319529e-09
Cl[7820] = 1.322164e-09
Cl[7821] = 1.315410e-09
Cl[7822] = 1.315463e-09
Cl[7823] = 1.315906e-09
Cl[7824] = 1.303734e-09
Cl[7825] = 1.304140e-09
Cl[7826] = 1.313317e-09
Cl[7827] = 1.315572e-09
Cl[7828] = 1.326840e-09
Cl[7829] = 1.332304e-09
Cl[7830] = 1.322896e-09
Cl[7831] = 1.330935e-09
Cl[7832] = 1.336569e-09
Cl[7833] = 1.316699e-09
Cl[7834] = 1.313531e-09
Cl[7835] = 1.325106e-09
Cl[7836] = 1.324626e-09
Cl[7837] = 1.333720e-09
Cl[7838] = 1.334958e-09
Cl[7839] = 1.312037e-09
Cl[7840] = 1.316735e-09
Cl[7841] = 1.336646e-09
Cl[7842] = 1.321649e-09
Cl[7843] = 1.306477e-09
Cl[7844] = 1.305967e-09
Cl[7845] = 1.292163e-09
Cl[7846] = 1.289518e-09
Cl[7847] = 1.302845e-09
Cl[7848] = 1.304245e-09
Cl[7849] = 1.309688e-09
Cl[7850] = 1.317936e-09
Cl[7851] = 1.309418e-09
Cl[7852] = 1.308104e-09
Cl[7853] = 1.318707e-09
Cl[7854] = 1.324853e-09
Cl[7855] = 1.333168e-09
Cl[7856] = 1.331200e-09
Cl[7857] = 1.321914e-09
Cl[7858] = 1.337498e-09
Cl[7859] = 1.353505e-09
Cl[7860] = 1.347812e-09
Cl[7861] = 1.347905e-09
Cl[7862] = 1.339103e-09
Cl[7863] = 1.314585e-09
Cl[7864] = 1.311577e-09
Cl[7865] = 1.303427e-09
Cl[7866] = 1.272232e-09
Cl[7867] = 1.275197e-09
Cl[7868] = 1.297610e-09
Cl[7869] = 1.287292e-09
Cl[7870] = 1.282207e-09
Cl[7871] = 1.305223e-09
Cl[7872] = 1.316201e-09
Cl[7873] = 1.304102e-09
Cl[7874] = 1.286265e-09
Cl[7875] = 1.289133e-09
Cl[7876] = 1.317399e-09
Cl[7877] = 1.320746e-09
Cl[7878] = 1.298181e-09
Cl[7879] = 1.309440e-09
Cl[7880] = 1.331672e-09
Cl[7881] = 1.317502e-09
Cl[7882] = 1.302514e-09
Cl[7883] = 1.306030e-09
Cl[7884] = 1.301763e-09
Cl[7885] = 1.293018e-09
Cl[7886] = 1.293518e-09
Cl[7887] = 1.310181e-09
Cl[7888] = 1.338190e-09
Cl[7889] = 1.337527e-09
Cl[7890] = 1.301726e-09
Cl[7891] = 1.287978e-09
Cl[7892] = 1.310018e-09
Cl[7893] = 1.316385e-09
Cl[7894] = 1.292534e-09
Cl[7895] = 1.282735e-09
Cl[7896] = 1.305409e-09
Cl[7897] = 1.321836e-09
Cl[7898] = 1.318591e-09
Cl[7899] = 1.321933e-09
Cl[7900] = 1.318972e-09
Cl[7901] = 1.302181e-09
Cl[7902] = 1.308943e-09
Cl[7903] = 1.321338e-09
Cl[7904] = 1.309805e-09
Cl[7905] = 1.318836e-09
Cl[7906] = 1.337469e-09
Cl[7907] = 1.316472e-09
Cl[7908] = 1.315422e-09
Cl[7909] = 1.360919e-09
Cl[7910] = 1.371233e-09
Cl[7911] = 1.345233e-09
Cl[7912] = 1.336458e-09
Cl[7913] = 1.331350e-09
Cl[7914] = 1.325180e-09
Cl[7915] = 1.331818e-09
Cl[7916] = 1.339155e-09
Cl[7917] = 1.347710e-09
Cl[7918] = 1.349826e-09
Cl[7919] = 1.341827e-09
Cl[7920] = 1.357072e-09
Cl[7921] = 1.371872e-09
Cl[7922] = 1.345372e-09
Cl[7923] = 1.325863e-09
Cl[7924] = 1.326444e-09
Cl[7925] = 1.310299e-09
Cl[7926] = 1.315076e-09
Cl[7927] = 1.339019e-09
Cl[7928] = 1.320935e-09
Cl[7929] = 1.306792e-09
Cl[7930] = 1.332118e-09
Cl[7931] = 1.326505e-09
Cl[7932] = 1.297087e-09
Cl[7933] = 1.298158e-09
Cl[7934] = 1.302715e-09
Cl[7935] = 1.299871e-09
Cl[7936] = 1.306212e-09
Cl[7937] = 1.303744e-09
Cl[7938] = 1.301085e-09
Cl[7939] = 1.308492e-09
Cl[7940] = 1.297331e-09
Cl[7941] = 1.282265e-09
Cl[7942] = 1.295433e-09
Cl[7943] = 1.315311e-09
Cl[7944] = 1.313787e-09
Cl[7945] = 1.291490e-09
Cl[7946] = 1.286898e-09
Cl[7947] = 1.327470e-09
Cl[7948] = 1.342903e-09
Cl[7949] = 1.295885e-09
Cl[7950] = 1.285802e-09
Cl[7951] = 1.329062e-09
Cl[7952] = 1.327188e-09
Cl[7953] = 1.300691e-09
Cl[7954] = 1.311153e-09
Cl[7955] = 1.312760e-09
Cl[7956] = 1.294870e-09
Cl[7957] = 1.301597e-09
Cl[7958] = 1.312972e-09
Cl[7959] = 1.313118e-09
Cl[7960] = 1.322873e-09
Cl[7961] = 1.323354e-09
Cl[7962] = 1.307543e-09
Cl[7963] = 1.313976e-09
Cl[7964] = 1.335278e-09
Cl[7965] = 1.335407e-09
Cl[7966] = 1.333042e-09
Cl[7967] = 1.343299e-09
Cl[7968] = 1.331285e-09
Cl[7969] = 1.300406e-09
Cl[7970] = 1.300080e-09
Cl[7971] = 1.315879e-09
Cl[7972] = 1.302778e-09
Cl[7973] = 1.287091e-09
Cl[7974] = 1.292491e-09
Cl[7975] = 1.291475e-09
Cl[7976] = 1.287284e-09
Cl[7977] = 1.286959e-09
Cl[7978] = 1.270034e-09
Cl[7979] = 1.270004e-09
Cl[7980] = 1.310141e-09
Cl[7981] = 1.324691e-09
Cl[7982] = 1.301108e-09
Cl[7983] = 1.303034e-09
Cl[7984] = 1.322484e-09
Cl[7985] = 1.316860e-09
Cl[7986] = 1.298670e-09
Cl[7987] = 1.284709e-09
Cl[7988] = 1.274848e-09
Cl[7989] = 1.267879e-09
Cl[7990] = 1.260319e-09
Cl[7991] = 1.265981e-09
Cl[7992] = 1.283534e-09
Cl[7993] = 1.285389e-09
Cl[7994] = 1.285313e-09
Cl[7995] = 1.299264e-09
Cl[7996] = 1.299585e-09
Cl[7997] = 1.296651e-09
Cl[7998] = 1.313741e-09
Cl[7999] = 1.319663e-09
Cl[8000] = 1.316972e-09
Cl[8001] = 1.337026e-09
Cl[8002] = 1.347712e-09
Cl[8003] = 1.337497e-09
Cl[8004] = 1.345131e-09
Cl[8005] = 1.346330e-09
Cl[8006] = 1.313658e-09
Cl[8007] = 1.295912e-09
Cl[8008] = 1.301272e-09
Cl[8009] = 1.282765e-09
Cl[8010] = 1.253533e-09
Cl[8011] = 1.251225e-09
Cl[8012] = 1.258064e-09
Cl[8013] = 1.258644e-09
Cl[8014] = 1.270597e-09
Cl[8015] = 1.283773e-09
Cl[8016] = 1.278970e-09
Cl[8017] = 1.278169e-09
Cl[8018] = 1.287896e-09
Cl[8019] = 1.283301e-09
Cl[8020] = 1.286309e-09
Cl[8021] = 1.317334e-09
Cl[8022] = 1.322336e-09
Cl[8023] = 1.288851e-09
Cl[8024] = 1.279961e-09
Cl[8025] = 1.295418e-09
Cl[8026] = 1.296697e-09
Cl[8027] = 1.300163e-09
Cl[8028] = 1.306228e-09
Cl[8029] = 1.291836e-09
Cl[8030] = 1.280621e-09
Cl[8031] = 1.284846e-09
Cl[8032] = 1.281798e-09
Cl[8033] = 1.276142e-09
Cl[8034] = 1.277684e-09
Cl[8035] = 1.279502e-09
Cl[8036] = 1.283976e-09
Cl[8037] = 1.285260e-09
Cl[8038] = 1.277472e-09
Cl[8039] = 1.276056e-09
Cl[8040] = 1.279161e-09
Cl[8041] = 1.278448e-09
Cl[8042] = 1.289966e-09
Cl[8043] = 1.307206e-09
Cl[8044] = 1.307236e-09
Cl[8045] = 1.302556e-09
Cl[8046] = 1.302680e-09
Cl[8047] = 1.296110e-09
Cl[8048] = 1.291881e-09
Cl[8049] = 1.295990e-09
Cl[8050] = 1.293579e-09
Cl[8051] = 1.286050e-09
Cl[8052] = 1.287328e-09
Cl[8053] = 1.298656e-09
Cl[8054] = 1.310845e-09
Cl[8055] = 1.312509e-09
Cl[8056] = 1.301762e-09
Cl[8057] = 1.293240e-09
Cl[8058] = 1.297465e-09
Cl[8059] = 1.305698e-09
Cl[8060] = 1.303890e-09
Cl[8061] = 1.288933e-09
Cl[8062] = 1.272825e-09
Cl[8063] = 1.271189e-09
Cl[8064] = 1.285248e-09
Cl[8065] = 1.296144e-09
Cl[8066] = 1.288723e-09
Cl[8067] = 1.279197e-09
Cl[8068] = 1.281667e-09
Cl[8069] = 1.276786e-09
Cl[8070] = 1.266485e-09
Cl[8071] = 1.277741e-09
Cl[8072] = 1.290831e-09
Cl[8073] = 1.281466e-09
Cl[8074] = 1.279237e-09
Cl[8075] = 1.291490e-09
Cl[8076] = 1.289380e-09
Cl[8077] = 1.281910e-09
Cl[8078] = 1.282360e-09
Cl[8079] = 1.271843e-09
Cl[8080] = 1.257784e-09
Cl[8081] = 1.267964e-09
Cl[8082] = 1.294206e-09
Cl[8083] = 1.305709e-09
Cl[8084] = 1.297252e-09
Cl[8085] = 1.295886e-09
Cl[8086] = 1.305962e-09
Cl[8087] = 1.296658e-09
Cl[8088] = 1.275152e-09
Cl[8089] = 1.273601e-09
Cl[8090] = 1.275417e-09
Cl[8091] = 1.269396e-09
Cl[8092] = 1.276100e-09
Cl[8093] = 1.279329e-09
Cl[8094] = 1.269180e-09
Cl[8095] = 1.272128e-09
Cl[8096] = 1.280898e-09
Cl[8097] = 1.289700e-09
Cl[8098] = 1.315309e-09
Cl[8099] = 1.319706e-09
Cl[8100] = 1.284279e-09
Cl[8101] = 1.271957e-09
Cl[8102] = 1.287587e-09
Cl[8103] = 1.280439e-09
Cl[8104] = 1.267602e-09
Cl[8105] = 1.271017e-09
Cl[8106] = 1.274022e-09
Cl[8107] = 1.287966e-09
Cl[8108] = 1.312812e-09
Cl[8109] = 1.319001e-09
Cl[8110] = 1.317097e-09
Cl[8111] = 1.322457e-09
Cl[8112] = 1.317259e-09
Cl[8113] = 1.307368e-09
Cl[8114] = 1.312411e-09
Cl[8115] = 1.316990e-09
Cl[8116] = 1.305879e-09
Cl[8117] = 1.296846e-09
Cl[8118] = 1.303346e-09
Cl[8119] = 1.307507e-09
Cl[8120] = 1.295947e-09
Cl[8121] = 1.287405e-09
Cl[8122] = 1.286430e-09
Cl[8123] = 1.281080e-09
Cl[8124] = 1.290547e-09
Cl[8125] = 1.310714e-09
Cl[8126] = 1.296828e-09
Cl[8127] = 1.268243e-09
Cl[8128] = 1.274103e-09
Cl[8129] = 1.289157e-09
Cl[8130] = 1.286251e-09
Cl[8131] = 1.293050e-09
Cl[8132] = 1.312338e-09
Cl[8133] = 1.316227e-09
Cl[8134] = 1.303694e-09
Cl[8135] = 1.296778e-09
Cl[8136] = 1.307420e-09
Cl[8137] = 1.313515e-09
Cl[8138] = 1.297686e-09
Cl[8139] = 1.287228e-09
Cl[8140] = 1.290594e-09
Cl[8141] = 1.283271e-09
Cl[8142] = 1.274553e-09
Cl[8143] = 1.273644e-09
Cl[8144] = 1.260974e-09
Cl[8145] = 1.247356e-09
Cl[8146] = 1.245255e-09
Cl[8147] = 1.236247e-09
Cl[8148] = 1.230571e-09
Cl[8149] = 1.241269e-09
Cl[8150] = 1.250678e-09
Cl[8151] = 1.263109e-09
Cl[8152] = 1.282362e-09
Cl[8153] = 1.285240e-09
Cl[8154] = 1.279808e-09
Cl[8155] = 1.281467e-09
Cl[8156] = 1.276410e-09
Cl[8157] = 1.270606e-09
Cl[8158] = 1.273524e-09
Cl[8159] = 1.269501e-09
Cl[8160] = 1.264145e-09
Cl[8161] = 1.269030e-09
Cl[8162] = 1.271606e-09
Cl[8163] = 1.269172e-09
Cl[8164] = 1.267684e-09
Cl[8165] = 1.266327e-09
Cl[8166] = 1.264613e-09
Cl[8167] = 1.256348e-09
Cl[8168] = 1.248078e-09
Cl[8169] = 1.259602e-09
Cl[8170] = 1.280241e-09
Cl[8171] = 1.295385e-09
Cl[8172] = 1.308202e-09
Cl[8173] = 1.301224e-09
Cl[8174] = 1.276009e-09
Cl[8175] = 1.266787e-09
Cl[8176] = 1.265410e-09
Cl[8177] = 1.258627e-09
Cl[8178] = 1.268451e-09
Cl[8179] = 1.281827e-09
Cl[8180] = 1.277235e-09
Cl[8181] = 1.269610e-09
Cl[8182] = 1.259594e-09
Cl[8183] = 1.258517e-09
Cl[8184] = 1.283013e-09
Cl[8185] = 1.283022e-09
Cl[8186] = 1.245214e-09
Cl[8187] = 1.240642e-09
Cl[8188] = 1.268047e-09
Cl[8189] = 1.278388e-09
Cl[8190] = 1.283355e-09
Cl[8191] = 1.284940e-09
Cl[8192] = 1.272970e-09
Cl[8193] = 1.272611e-09
Cl[8194] = 1.276132e-09
Cl[8195] = 1.268692e-09
Cl[8196] = 1.273894e-09
Cl[8197] = 1.281308e-09
Cl[8198] = 1.283127e-09
Cl[8199] = 1.306411e-09
Cl[8200] = 1.318085e-09
Cl[8201] = 1.289260e-09
Cl[8202] = 1.275874e-09
Cl[8203] = 1.290078e-09
Cl[8204] = 1.287369e-09
Cl[8205] = 1.272998e-09
Cl[8206] = 1.260926e-09
Cl[8207] = 1.252257e-09
Cl[8208] = 1.261815e-09
Cl[8209] = 1.273439e-09
Cl[8210] = 1.267214e-09
Cl[8211] = 1.264214e-09
Cl[8212] = 1.265419e-09
Cl[8213] = 1.254863e-09
Cl[8214] = 1.243153e-09
Cl[8215] = 1.238624e-09
Cl[8216] = 1.246089e-09
Cl[8217] = 1.260274e-09
Cl[8218] = 1.257300e-09
Cl[8219] = 1.255719e-09
Cl[8220] = 1.278828e-09
Cl[8221] = 1.281527e-09
Cl[8222] = 1.254850e-09
Cl[8223] = 1.252190e-09
Cl[8224] = 1.264577e-09
Cl[8225] = 1.255157e-09
Cl[8226] = 1.240361e-09
Cl[8227] = 1.234913e-09
Cl[8228] = 1.235543e-09
Cl[8229] = 1.240567e-09
Cl[8230] = 1.237930e-09
Cl[8231] = 1.235164e-09
Cl[8232] = 1.251860e-09
Cl[8233] = 1.272027e-09
Cl[8234] = 1.278146e-09
Cl[8235] = 1.273592e-09
Cl[8236] = 1.265068e-09
Cl[8237] = 1.271263e-09
Cl[8238] = 1.292288e-09
Cl[8239] = 1.297020e-09
Cl[8240] = 1.281978e-09
Cl[8241] = 1.267437e-09
Cl[8242] = 1.265014e-09
Cl[8243] = 1.277341e-09
Cl[8244] = 1.277815e-09
Cl[8245] = 1.254770e-09
Cl[8246] = 1.247701e-09
Cl[8247] = 1.255367e-09
Cl[8248] = 1.249505e-09
Cl[8249] = 1.258560e-09
Cl[8250] = 1.274215e-09
Cl[8251] = 1.255707e-09
Cl[8252] = 1.245472e-09
Cl[8253] = 1.257700e-09
Cl[8254] = 1.237054e-09
Cl[8255] = 1.215082e-09
Cl[8256] = 1.234041e-09
Cl[8257] = 1.243190e-09
Cl[8258] = 1.238937e-09
Cl[8259] = 1.251978e-09
Cl[8260] = 1.249842e-09
Cl[8261] = 1.234526e-09
Cl[8262] = 1.241693e-09
Cl[8263] = 1.248259e-09
Cl[8264] = 1.245337e-09
Cl[8265] = 1.254343e-09
Cl[8266] = 1.256945e-09
Cl[8267] = 1.246849e-09
Cl[8268] = 1.250355e-09
Cl[8269] = 1.262891e-09
Cl[8270] = 1.265042e-09
Cl[8271] = 1.256840e-09
Cl[8272] = 1.248073e-09
Cl[8273] = 1.245122e-09
Cl[8274] = 1.235932e-09
Cl[8275] = 1.225645e-09
Cl[8276] = 1.236720e-09
Cl[8277] = 1.245718e-09
Cl[8278] = 1.241228e-09
Cl[8279] = 1.261468e-09
Cl[8280] = 1.283747e-09
Cl[8281] = 1.268817e-09
Cl[8282] = 1.260852e-09
Cl[8283] = 1.270178e-09
Cl[8284] = 1.257930e-09
Cl[8285] = 1.254853e-09
Cl[8286] = 1.273213e-09
Cl[8287] = 1.262681e-09
Cl[8288] = 1.246438e-09
Cl[8289] = 1.268563e-09
Cl[8290] = 1.284330e-09
Cl[8291] = 1.264920e-09
Cl[8292] = 1.246277e-09
Cl[8293] = 1.245550e-09
Cl[8294] = 1.254855e-09
Cl[8295] = 1.266105e-09
Cl[8296] = 1.266364e-09
Cl[8297] = 1.252058e-09
Cl[8298] = 1.232498e-09
Cl[8299] = 1.221061e-09
Cl[8300] = 1.223074e-09
Cl[8301] = 1.232082e-09
Cl[8302] = 1.246409e-09
Cl[8303] = 1.251773e-09
Cl[8304] = 1.229882e-09
Cl[8305] = 1.222782e-09
Cl[8306] = 1.263870e-09
Cl[8307] = 1.282512e-09
Cl[8308] = 1.246056e-09
Cl[8309] = 1.233777e-09
Cl[8310] = 1.260911e-09
Cl[8311] = 1.264702e-09
Cl[8312] = 1.249047e-09
Cl[8313] = 1.247351e-09
Cl[8314] = 1.250970e-09
Cl[8315] = 1.256773e-09
Cl[8316] = 1.263075e-09
Cl[8317] = 1.252496e-09
Cl[8318] = 1.239137e-09
Cl[8319] = 1.251207e-09
Cl[8320] = 1.268594e-09
Cl[8321] = 1.259659e-09
Cl[8322] = 1.244139e-09
Cl[8323] = 1.249721e-09
Cl[8324] = 1.254124e-09
Cl[8325] = 1.237834e-09
Cl[8326] = 1.229224e-09
Cl[8327] = 1.234106e-09
Cl[8328] = 1.230921e-09
Cl[8329] = 1.231767e-09
Cl[8330] = 1.239996e-09
Cl[8331] = 1.232550e-09
Cl[8332] = 1.223433e-09
Cl[8333] = 1.228798e-09
Cl[8334] = 1.222759e-09
Cl[8335] = 1.206138e-09
Cl[8336] = 1.205704e-09
Cl[8337] = 1.219111e-09
Cl[8338] = 1.230734e-09
Cl[8339] = 1.231172e-09
Cl[8340] = 1.222957e-09
Cl[8341] = 1.228073e-09
Cl[8342] = 1.246102e-09
Cl[8343] = 1.253898e-09
Cl[8344] = 1.257296e-09
Cl[8345] = 1.264825e-09
Cl[8346] = 1.269773e-09
Cl[8347] = 1.274234e-09
Cl[8348] = 1.267614e-09
Cl[8349] = 1.246150e-09
Cl[8350] = 1.242666e-09
Cl[8351] = 1.251345e-09
Cl[8352] = 1.239290e-09
Cl[8353] = 1.234103e-09
Cl[8354] = 1.251401e-09
Cl[8355] = 1.252743e-09
Cl[8356] = 1.243363e-09
Cl[8357] = 1.249548e-09
Cl[8358] = 1.252563e-09
Cl[8359] = 1.247236e-09
Cl[8360] = 1.248763e-09
Cl[8361] = 1.255674e-09
Cl[8362] = 1.268101e-09
Cl[8363] = 1.276252e-09
Cl[8364] = 1.265051e-09
Cl[8365] = 1.259453e-09
Cl[8366] = 1.276474e-09
Cl[8367] = 1.282906e-09
Cl[8368] = 1.267142e-09
Cl[8369] = 1.253013e-09
Cl[8370] = 1.247135e-09
Cl[8371] = 1.242978e-09
Cl[8372] = 1.233185e-09
Cl[8373] = 1.219691e-09
Cl[8374] = 1.224819e-09
Cl[8375] = 1.243586e-09
Cl[8376] = 1.242160e-09
Cl[8377] = 1.224755e-09
Cl[8378] = 1.221653e-09
Cl[8379] = 1.225896e-09
Cl[8380] = 1.218774e-09
Cl[8381] = 1.214809e-09
Cl[8382] = 1.227804e-09
Cl[8383] = 1.235902e-09
Cl[8384] = 1.228465e-09
Cl[8385] = 1.231853e-09
Cl[8386] = 1.245250e-09
Cl[8387] = 1.237947e-09
Cl[8388] = 1.227756e-09
Cl[8389] = 1.236975e-09
Cl[8390] = 1.234025e-09
Cl[8391] = 1.220366e-09
Cl[8392] = 1.233291e-09
Cl[8393] = 1.246724e-09
Cl[8394] = 1.229748e-09
Cl[8395] = 1.217250e-09
Cl[8396] = 1.225024e-09
Cl[8397] = 1.229549e-09
Cl[8398] = 1.231937e-09
Cl[8399] = 1.232654e-09
Cl[8400] = 1.217924e-09
Cl[8401] = 1.203658e-09
Cl[8402] = 1.214066e-09
Cl[8403] = 1.240664e-09
Cl[8404] = 1.260647e-09
Cl[8405] = 1.262493e-09
Cl[8406] = 1.254374e-09
Cl[8407] = 1.249297e-09
Cl[8408] = 1.245086e-09
Cl[8409] = 1.238062e-09
Cl[8410] = 1.229820e-09
Cl[8411] = 1.224754e-09
Cl[8412] = 1.234108e-09
Cl[8413] = 1.256013e-09
Cl[8414] = 1.263991e-09
Cl[8415] = 1.251062e-09
Cl[8416] = 1.241570e-09
Cl[8417] = 1.246137e-09
Cl[8418] = 1.254559e-09
Cl[8419] = 1.258095e-09
Cl[8420] = 1.252818e-09
Cl[8421] = 1.241010e-09
Cl[8422] = 1.231369e-09
Cl[8423] = 1.222557e-09
Cl[8424] = 1.213431e-09
Cl[8425] = 1.215623e-09
Cl[8426] = 1.227948e-09
Cl[8427] = 1.234811e-09
Cl[8428] = 1.238243e-09
Cl[8429] = 1.240286e-09
Cl[8430] = 1.225247e-09
Cl[8431] = 1.209701e-09
Cl[8432] = 1.224275e-09
Cl[8433] = 1.235418e-09
Cl[8434] = 1.214372e-09
Cl[8435] = 1.210736e-09
Cl[8436] = 1.238258e-09
Cl[8437] = 1.244205e-09
Cl[8438] = 1.230288e-09
Cl[8439] = 1.228693e-09
Cl[8440] = 1.231124e-09
Cl[8441] = 1.237375e-09
Cl[8442] = 1.250585e-09
Cl[8443] = 1.254554e-09
Cl[8444] = 1.256658e-09
Cl[8445] = 1.251615e-09
Cl[8446] = 1.223932e-09
Cl[8447] = 1.222989e-09
Cl[8448] = 1.263377e-09
Cl[8449] = 1.263582e-09
Cl[8450] = 1.222567e-09
Cl[8451] = 1.218863e-09
Cl[8452] = 1.243671e-09
Cl[8453] = 1.253467e-09
Cl[8454] = 1.251316e-09
Cl[8455] = 1.245445e-09
Cl[8456] = 1.247093e-09
Cl[8457] = 1.253242e-09
Cl[8458] = 1.238261e-09
Cl[8459] = 1.223839e-09
Cl[8460] = 1.234758e-09
Cl[8461] = 1.237211e-09
Cl[8462] = 1.232845e-09
Cl[8463] = 1.243352e-09
Cl[8464] = 1.236587e-09
Cl[8465] = 1.219252e-09
Cl[8466] = 1.228140e-09
Cl[8467] = 1.237166e-09
Cl[8468] = 1.234475e-09
Cl[8469] = 1.239352e-09
Cl[8470] = 1.234586e-09
Cl[8471] = 1.226325e-09
Cl[8472] = 1.238108e-09
Cl[8473] = 1.243024e-09
Cl[8474] = 1.236110e-09
Cl[8475] = 1.237796e-09
Cl[8476] = 1.229441e-09
Cl[8477] = 1.216760e-09
Cl[8478] = 1.220606e-09
Cl[8479] = 1.216125e-09
Cl[8480] = 1.214454e-09
Cl[8481] = 1.241374e-09
Cl[8482] = 1.247529e-09
Cl[8483] = 1.216417e-09
Cl[8484] = 1.201902e-09
Cl[8485] = 1.208063e-09
Cl[8486] = 1.214262e-09
Cl[8487] = 1.222189e-09
Cl[8488] = 1.213991e-09
Cl[8489] = 1.193697e-09
Cl[8490] = 1.195432e-09
Cl[8491] = 1.208211e-09
Cl[8492] = 1.208472e-09
Cl[8493] = 1.208197e-09
Cl[8494] = 1.214330e-09
Cl[8495] = 1.218745e-09
Cl[8496] = 1.213288e-09
Cl[8497] = 1.202083e-09
Cl[8498] = 1.206098e-09
Cl[8499] = 1.217869e-09
Cl[8500] = 1.210399e-09
Cl[8501] = 1.200472e-09
Cl[8502] = 1.205750e-09
Cl[8503] = 1.211882e-09
Cl[8504] = 1.224155e-09
Cl[8505] = 1.236232e-09
Cl[8506] = 1.222628e-09
Cl[8507] = 1.213433e-09
Cl[8508] = 1.245388e-09
Cl[8509] = 1.272112e-09
Cl[8510] = 1.246947e-09
Cl[8511] = 1.210293e-09
Cl[8512] = 1.224500e-09
Cl[8513] = 1.265102e-09
Cl[8514] = 1.260922e-09
Cl[8515] = 1.232230e-09
Cl[8516] = 1.239979e-09
Cl[8517] = 1.248506e-09
Cl[8518] = 1.225870e-09
Cl[8519] = 1.221708e-09
Cl[8520] = 1.233665e-09
Cl[8521] = 1.227156e-09
Cl[8522] = 1.227279e-09
Cl[8523] = 1.230965e-09
Cl[8524] = 1.224078e-09
Cl[8525] = 1.244780e-09
Cl[8526] = 1.270220e-09
Cl[8527] = 1.245190e-09
Cl[8528] = 1.216543e-09
Cl[8529] = 1.225997e-09
Cl[8530] = 1.236241e-09
Cl[8531] = 1.241104e-09
Cl[8532] = 1.244724e-09
Cl[8533] = 1.230936e-09
Cl[8534] = 1.225485e-09
Cl[8535] = 1.243007e-09
Cl[8536] = 1.252379e-09
Cl[8537] = 1.242996e-09
Cl[8538] = 1.219714e-09
Cl[8539] = 1.196001e-09
Cl[8540] = 1.206161e-09
Cl[8541] = 1.230691e-09
Cl[8542] = 1.223787e-09
Cl[8543] = 1.209384e-09
Cl[8544] = 1.217500e-09
Cl[8545] = 1.220253e-09
Cl[8546] = 1.203906e-09
Cl[8547] = 1.192106e-09
Cl[8548] = 1.201541e-09
Cl[8549] = 1.218115e-09
Cl[8550] = 1.217275e-09
Cl[8551] = 1.211514e-09
Cl[8552] = 1.218691e-09
Cl[8553] = 1.214471e-09
Cl[8554] = 1.198224e-09
Cl[8555] = 1.201281e-09
Cl[8556] = 1.210602e-09
Cl[8557] = 1.215283e-09
Cl[8558] = 1.231656e-09
Cl[8559] = 1.241143e-09
Cl[8560] = 1.234868e-09
Cl[8561] = 1.239740e-09
Cl[8562] = 1.244051e-09
Cl[8563] = 1.232767e-09
Cl[8564] = 1.228305e-09
Cl[8565] = 1.219921e-09
Cl[8566] = 1.196876e-09
Cl[8567] = 1.194912e-09
Cl[8568] = 1.214933e-09
Cl[8569] = 1.221297e-09
Cl[8570] = 1.210016e-09
Cl[8571] = 1.198234e-09
Cl[8572] = 1.193431e-09
Cl[8573] = 1.197106e-09
Cl[8574] = 1.201542e-09
Cl[8575] = 1.204028e-09
Cl[8576] = 1.203348e-09
Cl[8577] = 1.195253e-09
Cl[8578] = 1.194807e-09
Cl[8579] = 1.203432e-09
Cl[8580] = 1.200727e-09
Cl[8581] = 1.199196e-09
Cl[8582] = 1.208549e-09
Cl[8583] = 1.205978e-09
Cl[8584] = 1.202651e-09
Cl[8585] = 1.218577e-09
Cl[8586] = 1.222188e-09
Cl[8587] = 1.202042e-09
Cl[8588] = 1.190891e-09
Cl[8589] = 1.194606e-09
Cl[8590] = 1.198766e-09
Cl[8591] = 1.199827e-09
Cl[8592] = 1.199336e-09
Cl[8593] = 1.196656e-09
Cl[8594] = 1.187289e-09
Cl[8595] = 1.179004e-09
Cl[8596] = 1.186296e-09
Cl[8597] = 1.192347e-09
Cl[8598] = 1.191839e-09
Cl[8599] = 1.208720e-09
Cl[8600] = 1.217802e-09
Cl[8601] = 1.199603e-09
Cl[8602] = 1.203881e-09
Cl[8603] = 1.223885e-09
Cl[8604] = 1.213020e-09
Cl[8605] = 1.207913e-09
Cl[8606] = 1.223535e-09
Cl[8607] = 1.211728e-09
Cl[8608] = 1.198015e-09
Cl[8609] = 1.213878e-09
Cl[8610] = 1.216944e-09
Cl[8611] = 1.211762e-09
Cl[8612] = 1.224589e-09
Cl[8613] = 1.221208e-09
Cl[8614] = 1.198210e-09
Cl[8615] = 1.189998e-09
Cl[8616] = 1.196594e-09
Cl[8617] = 1.207930e-09
Cl[8618] = 1.205688e-09
Cl[8619] = 1.178697e-09
Cl[8620] = 1.174274e-09
Cl[8621] = 1.206158e-09
Cl[8622] = 1.216972e-09
Cl[8623] = 1.205885e-09
Cl[8624] = 1.205171e-09
Cl[8625] = 1.192566e-09
Cl[8626] = 1.178975e-09
Cl[8627] = 1.204004e-09
Cl[8628] = 1.233641e-09
Cl[8629] = 1.232959e-09
Cl[8630] = 1.231862e-09
Cl[8631] = 1.248178e-09
Cl[8632] = 1.259494e-09
Cl[8633] = 1.248546e-09
Cl[8634] = 1.221014e-09
Cl[8635] = 1.208591e-09
Cl[8636] = 1.227544e-09
Cl[8637] = 1.244819e-09
Cl[8638] = 1.233635e-09
Cl[8639] = 1.214249e-09
Cl[8640] = 1.205851e-09
Cl[8641] = 1.200029e-09
Cl[8642] = 1.195722e-09
Cl[8643] = 1.204870e-09
Cl[8644] = 1.217249e-09
Cl[8645] = 1.217645e-09
Cl[8646] = 1.214487e-09
Cl[8647] = 1.201081e-09
Cl[8648] = 1.170977e-09
Cl[8649] = 1.163996e-09
Cl[8650] = 1.193425e-09
Cl[8651] = 1.204340e-09
Cl[8652] = 1.185724e-09
Cl[8653] = 1.180594e-09
Cl[8654] = 1.185567e-09
Cl[8655] = 1.181861e-09
Cl[8656] = 1.180147e-09
Cl[8657] = 1.179237e-09
Cl[8658] = 1.177024e-09
Cl[8659] = 1.179883e-09
Cl[8660] = 1.177878e-09
Cl[8661] = 1.177640e-09
Cl[8662] = 1.195176e-09
Cl[8663] = 1.208534e-09
Cl[8664] = 1.205217e-09
Cl[8665] = 1.205376e-09
Cl[8666] = 1.201681e-09
Cl[8667] = 1.184255e-09
Cl[8668] = 1.174078e-09
Cl[8669] = 1.178873e-09
Cl[8670] = 1.188836e-09
Cl[8671] = 1.194217e-09
Cl[8672] = 1.187550e-09
Cl[8673] = 1.183403e-09
Cl[8674] = 1.199411e-09
Cl[8675] = 1.213517e-09
Cl[8676] = 1.207290e-09
Cl[8677] = 1.190291e-09
Cl[8678] = 1.174677e-09
Cl[8679] = 1.176893e-09
Cl[8680] = 1.197175e-09
Cl[8681] = 1.199153e-09
Cl[8682] = 1.173701e-09
Cl[8683] = 1.160006e-09
Cl[8684] = 1.171217e-09
Cl[8685] = 1.184172e-09
Cl[8686] = 1.184154e-09
Cl[8687] = 1.173254e-09
Cl[8688] = 1.166363e-09
Cl[8689] = 1.176324e-09
Cl[8690] = 1.192740e-09
Cl[8691] = 1.196670e-09
Cl[8692] = 1.191160e-09
Cl[8693] = 1.189951e-09
Cl[8694] = 1.195666e-09
Cl[8695] = 1.198729e-09
Cl[8696] = 1.198423e-09
Cl[8697] = 1.202439e-09
Cl[8698] = 1.205091e-09
Cl[8699] = 1.198477e-09
Cl[8700] = 1.191809e-09
Cl[8701] = 1.190864e-09
Cl[8702] = 1.193967e-09
Cl[8703] = 1.202823e-09
Cl[8704] = 1.208528e-09
Cl[8705] = 1.202557e-09
Cl[8706] = 1.193868e-09
Cl[8707] = 1.185153e-09
Cl[8708] = 1.173195e-09
Cl[8709] = 1.172140e-09
Cl[8710] = 1.185185e-09
Cl[8711] = 1.192612e-09
Cl[8712] = 1.191432e-09
Cl[8713] = 1.191288e-09
Cl[8714] = 1.188844e-09
Cl[8715] = 1.185196e-09
Cl[8716] = 1.192795e-09
Cl[8717] = 1.205774e-09
Cl[8718] = 1.205074e-09
Cl[8719] = 1.200749e-09
Cl[8720] = 1.213484e-09
Cl[8721] = 1.221831e-09
Cl[8722] = 1.207725e-09
Cl[8723] = 1.202262e-09
Cl[8724] = 1.214333e-09
Cl[8725] = 1.209547e-09
Cl[8726] = 1.195997e-09
Cl[8727] = 1.204916e-09
Cl[8728] = 1.217699e-09
Cl[8729] = 1.213812e-09
Cl[8730] = 1.206720e-09
Cl[8731] = 1.202393e-09
Cl[8732] = 1.197824e-09
Cl[8733] = 1.194011e-09
Cl[8734] = 1.193039e-09
Cl[8735] = 1.201630e-09
Cl[8736] = 1.209481e-09
Cl[8737] = 1.193727e-09
Cl[8738] = 1.174806e-09
Cl[8739] = 1.179640e-09
Cl[8740] = 1.184414e-09
Cl[8741] = 1.172552e-09
Cl[8742] = 1.169545e-09
Cl[8743] = 1.183495e-09
Cl[8744] = 1.189661e-09
Cl[8745] = 1.177051e-09
Cl[8746] = 1.168495e-09
Cl[8747] = 1.180719e-09
Cl[8748] = 1.189802e-09
Cl[8749] = 1.182327e-09
Cl[8750] = 1.184289e-09
Cl[8751] = 1.190194e-09
Cl[8752] = 1.173901e-09
Cl[8753] = 1.165609e-09
Cl[8754] = 1.185509e-09
Cl[8755] = 1.195208e-09
Cl[8756] = 1.190831e-09
Cl[8757] = 1.203063e-09
Cl[8758] = 1.220020e-09
Cl[8759] = 1.219133e-09
Cl[8760] = 1.209675e-09
Cl[8761] = 1.198242e-09
Cl[8762] = 1.187312e-09
Cl[8763] = 1.187539e-09
Cl[8764] = 1.195654e-09
Cl[8765] = 1.195522e-09
Cl[8766] = 1.188697e-09
Cl[8767] = 1.194422e-09
Cl[8768] = 1.208209e-09
Cl[8769] = 1.199272e-09
Cl[8770] = 1.175590e-09
Cl[8771] = 1.177840e-09
Cl[8772] = 1.197269e-09
Cl[8773] = 1.193850e-09
Cl[8774] = 1.171032e-09
Cl[8775] = 1.161071e-09
Cl[8776] = 1.177498e-09
Cl[8777] = 1.201371e-09
Cl[8778] = 1.200227e-09
Cl[8779] = 1.180341e-09
Cl[8780] = 1.176072e-09
Cl[8781] = 1.181821e-09
Cl[8782] = 1.177137e-09
Cl[8783] = 1.169878e-09
Cl[8784] = 1.164580e-09
Cl[8785] = 1.160316e-09
Cl[8786] = 1.170048e-09
Cl[8787] = 1.186556e-09
Cl[8788] = 1.187430e-09
Cl[8789] = 1.176315e-09
Cl[8790] = 1.171311e-09
Cl[8791] = 1.181273e-09
Cl[8792] = 1.191725e-09
Cl[8793] = 1.186438e-09
Cl[8794] = 1.185265e-09
Cl[8795] = 1.200014e-09
Cl[8796] = 1.201183e-09
Cl[8797] = 1.188581e-09
Cl[8798] = 1.191365e-09
Cl[8799] = 1.195540e-09
Cl[8800] = 1.189621e-09
Cl[8801] = 1.189431e-09
Cl[8802] = 1.187906e-09
Cl[8803] = 1.183099e-09
Cl[8804] = 1.195099e-09
Cl[8805] = 1.213082e-09
Cl[8806] = 1.215222e-09
Cl[8807] = 1.210573e-09
Cl[8808] = 1.209993e-09
Cl[8809] = 1.212597e-09
Cl[8810] = 1.211311e-09
Cl[8811] = 1.196985e-09
Cl[8812] = 1.182929e-09
Cl[8813] = 1.183567e-09
Cl[8814] = 1.191797e-09
Cl[8815] = 1.193923e-09
Cl[8816] = 1.177422e-09
Cl[8817] = 1.152215e-09
Cl[8818] = 1.155894e-09
Cl[8819] = 1.176458e-09
Cl[8820] = 1.172866e-09
Cl[8821] = 1.171670e-09
Cl[8822] = 1.193324e-09
Cl[8823] = 1.196158e-09
Cl[8824] = 1.185761e-09
Cl[8825] = 1.195366e-09
Cl[8826] = 1.196134e-09
Cl[8827] = 1.175289e-09
Cl[8828] = 1.161070e-09
Cl[8829] = 1.155651e-09
Cl[8830] = 1.156074e-09
Cl[8831] = 1.161907e-09
Cl[8832] = 1.155783e-09
Cl[8833] = 1.151554e-09
Cl[8834] = 1.166885e-09
Cl[8835] = 1.174246e-09
Cl[8836] = 1.172139e-09
Cl[8837] = 1.188982e-09
Cl[8838] = 1.209099e-09
Cl[8839] = 1.206929e-09
Cl[8840] = 1.189340e-09
Cl[8841] = 1.169424e-09
Cl[8842] = 1.163279e-09
Cl[8843] = 1.173554e-09
Cl[8844] = 1.185427e-09
Cl[8845] = 1.194373e-09
Cl[8846] = 1.197424e-09
Cl[8847] = 1.187638e-09
Cl[8848] = 1.178296e-09
Cl[8849] = 1.174124e-09
Cl[8850] = 1.169471e-09
Cl[8851] = 1.180101e-09
Cl[8852] = 1.197163e-09
Cl[8853] = 1.191753e-09
Cl[8854] = 1.181970e-09
Cl[8855] = 1.187082e-09
Cl[8856] = 1.185456e-09
Cl[8857] = 1.175211e-09
Cl[8858] = 1.172299e-09
Cl[8859] = 1.175007e-09
Cl[8860] = 1.181073e-09
Cl[8861] = 1.182291e-09
Cl[8862] = 1.176436e-09
Cl[8863] = 1.180317e-09
Cl[8864] = 1.179950e-09
Cl[8865] = 1.155657e-09
Cl[8866] = 1.141117e-09
Cl[8867] = 1.152615e-09
Cl[8868] = 1.160059e-09
Cl[8869] = 1.160505e-09
Cl[8870] = 1.161866e-09
Cl[8871] = 1.152866e-09
Cl[8872] = 1.146934e-09
Cl[8873] = 1.157411e-09
Cl[8874] = 1.168668e-09
Cl[8875] = 1.174405e-09
Cl[8876] = 1.176404e-09
Cl[8877] = 1.169682e-09
Cl[8878] = 1.169272e-09
Cl[8879] = 1.182535e-09
Cl[8880] = 1.187783e-09
Cl[8881] = 1.178850e-09
Cl[8882] = 1.176674e-09
Cl[8883] = 1.185791e-09
Cl[8884] = 1.183502e-09
Cl[8885] = 1.164421e-09
Cl[8886] = 1.159178e-09
Cl[8887] = 1.169415e-09
Cl[8888] = 1.157197e-09
Cl[8889] = 1.135332e-09
Cl[8890] = 1.148034e-09
Cl[8891] = 1.176236e-09
Cl[8892] = 1.180106e-09
Cl[8893] = 1.168338e-09
Cl[8894] = 1.159408e-09
Cl[8895] = 1.157548e-09
Cl[8896] = 1.160743e-09
Cl[8897] = 1.154347e-09
Cl[8898] = 1.143734e-09
Cl[8899] = 1.149349e-09
Cl[8900] = 1.162962e-09
Cl[8901] = 1.165859e-09
Cl[8902] = 1.158011e-09
Cl[8903] = 1.150938e-09
Cl[8904] = 1.158952e-09
Cl[8905] = 1.165819e-09
Cl[8906] = 1.149073e-09
Cl[8907] = 1.139005e-09
Cl[8908] = 1.152250e-09
Cl[8909] = 1.154183e-09
Cl[8910] = 1.145646e-09
Cl[8911] = 1.146425e-09
Cl[8912] = 1.137427e-09
Cl[8913] = 1.130064e-09
Cl[8914] = 1.144497e-09
Cl[8915] = 1.144688e-09
Cl[8916] = 1.135069e-09
Cl[8917] = 1.153301e-09
Cl[8918] = 1.163531e-09
Cl[8919] = 1.152140e-09
Cl[8920] = 1.170660e-09
Cl[8921] = 1.191264e-09
Cl[8922] = 1.158467e-09
Cl[8923] = 1.129479e-09
Cl[8924] = 1.154641e-09
Cl[8925] = 1.175043e-09
Cl[8926] = 1.157711e-09
Cl[8927] = 1.148618e-09
Cl[8928] = 1.166773e-09
Cl[8929] = 1.179071e-09
Cl[8930] = 1.169904e-09
Cl[8931] = 1.157191e-09
Cl[8932] = 1.157579e-09
Cl[8933] = 1.172464e-09
Cl[8934] = 1.185815e-09
Cl[8935] = 1.174173e-09
Cl[8936] = 1.156301e-09
Cl[8937] = 1.168332e-09
Cl[8938] = 1.186424e-09
Cl[8939] = 1.176586e-09
Cl[8940] = 1.159886e-09
Cl[8941] = 1.149355e-09
Cl[8942] = 1.139261e-09
Cl[8943] = 1.143469e-09
Cl[8944] = 1.152472e-09
Cl[8945] = 1.145793e-09
Cl[8946] = 1.142273e-09
Cl[8947] = 1.144626e-09
Cl[8948] = 1.136367e-09
Cl[8949] = 1.140556e-09
Cl[8950] = 1.164281e-09
Cl[8951] = 1.170169e-09
Cl[8952] = 1.158451e-09
Cl[8953] = 1.156916e-09
Cl[8954] = 1.164332e-09
Cl[8955] = 1.162662e-09
Cl[8956] = 1.139757e-09
Cl[8957] = 1.115666e-09
Cl[8958] = 1.123756e-09
Cl[8959] = 1.135806e-09
Cl[8960] = 1.114908e-09
Cl[8961] = 1.100997e-09
Cl[8962] = 1.124104e-09
Cl[8963] = 1.148406e-09
Cl[8964] = 1.158238e-09
Cl[8965] = 1.163310e-09
Cl[8966] = 1.164323e-09
Cl[8967] = 1.168829e-09
Cl[8968] = 1.172194e-09
Cl[8969] = 1.158233e-09
Cl[8970] = 1.143184e-09
Cl[8971] = 1.143304e-09
Cl[8972] = 1.145623e-09
Cl[8973] = 1.146471e-09
Cl[8974] = 1.149093e-09
Cl[8975] = 1.147780e-09
Cl[8976] = 1.150687e-09
Cl[8977] = 1.163377e-09
Cl[8978] = 1.170061e-09
Cl[8979] = 1.161413e-09
Cl[8980] = 1.146349e-09
Cl[8981] = 1.133430e-09
Cl[8982] = 1.125248e-09
Cl[8983] = 1.123319e-09
Cl[8984] = 1.128884e-09
Cl[8985] = 1.131550e-09
Cl[8986] = 1.126711e-09
Cl[8987] = 1.131826e-09
Cl[8988] = 1.143720e-09
Cl[8989] = 1.136910e-09
Cl[8990] = 1.126611e-09
Cl[8991] = 1.137146e-09
Cl[8992] = 1.145552e-09
Cl[8993] = 1.137067e-09
Cl[8994] = 1.129970e-09
Cl[8995] = 1.134391e-09
Cl[8996] = 1.151960e-09
Cl[8997] = 1.163905e-09
Cl[8998] = 1.144871e-09
Cl[8999] = 1.135820e-09
Cl[9000] = 1.166046e-09
Cl[9001] = 1.172641e-09
Cl[9002] = 1.146924e-09
Cl[9003] = 1.161182e-09
Cl[9004] = 1.193757e-09
Cl[9005] = 1.182713e-09
Cl[9006] = 1.168845e-09
Cl[9007] = 1.178723e-09
Cl[9008] = 1.175351e-09
Cl[9009] = 1.170317e-09
Cl[9010] = 1.182059e-09
Cl[9011] = 1.173966e-09
Cl[9012] = 1.141920e-09
Cl[9013] = 1.127202e-09
Cl[9014] = 1.135003e-09
Cl[9015] = 1.141803e-09
Cl[9016] = 1.141134e-09
Cl[9017] = 1.135300e-09
Cl[9018] = 1.130536e-09
Cl[9019] = 1.136516e-09
Cl[9020] = 1.144977e-09
Cl[9021] = 1.139691e-09
Cl[9022] = 1.127888e-09
Cl[9023] = 1.129444e-09
Cl[9024] = 1.143242e-09
Cl[9025] = 1.151669e-09
Cl[9026] = 1.152043e-09
Cl[9027] = 1.152500e-09
Cl[9028] = 1.153505e-09
Cl[9029] = 1.152117e-09
Cl[9030] = 1.152316e-09
Cl[9031] = 1.155133e-09
Cl[9032] = 1.153945e-09
Cl[9033] = 1.150367e-09
Cl[9034] = 1.154701e-09
Cl[9035] = 1.159934e-09
Cl[9036] = 1.150585e-09
Cl[9037] = 1.135296e-09
Cl[9038] = 1.133271e-09
Cl[9039] = 1.135720e-09
Cl[9040] = 1.128147e-09
Cl[9041] = 1.118579e-09
Cl[9042] = 1.123476e-09
Cl[9043] = 1.137765e-09
Cl[9044] = 1.136771e-09
Cl[9045] = 1.114705e-09
Cl[9046] = 1.102057e-09
Cl[9047] = 1.112694e-09
Cl[9048] = 1.126347e-09
Cl[9049] = 1.135258e-09
Cl[9050] = 1.136033e-09
Cl[9051] = 1.122665e-09
Cl[9052] = 1.119320e-09
Cl[9053] = 1.138915e-09
Cl[9054] = 1.144701e-09
Cl[9055] = 1.126656e-09
Cl[9056] = 1.119688e-09
Cl[9057] = 1.129203e-09
Cl[9058] = 1.138579e-09
Cl[9059] = 1.141928e-09
Cl[9060] = 1.133173e-09
Cl[9061] = 1.119367e-09
Cl[9062] = 1.118610e-09
Cl[9063] = 1.126579e-09
Cl[9064] = 1.133040e-09
Cl[9065] = 1.141143e-09
Cl[9066] = 1.145064e-09
Cl[9067] = 1.142611e-09
Cl[9068] = 1.144348e-09
Cl[9069] = 1.147684e-09
Cl[9070] = 1.144584e-09
Cl[9071] = 1.137977e-09
Cl[9072] = 1.132027e-09
Cl[9073] = 1.128868e-09
Cl[9074] = 1.128222e-09
Cl[9075] = 1.124245e-09
Cl[9076] = 1.121821e-09
Cl[9077] = 1.131317e-09
Cl[9078] = 1.148727e-09
Cl[9079] = 1.158170e-09
Cl[9080] = 1.148641e-09
Cl[9081] = 1.132564e-09
Cl[9082] = 1.129903e-09
Cl[9083] = 1.135583e-09
Cl[9084] = 1.141185e-09
Cl[9085] = 1.150573e-09
Cl[9086] = 1.151392e-09
Cl[9087] = 1.138664e-09
Cl[9088] = 1.139558e-09
Cl[9089] = 1.152417e-09
Cl[9090] = 1.146880e-09
Cl[9091] = 1.131555e-09
Cl[9092] = 1.131428e-09
Cl[9093] = 1.139061e-09
Cl[9094] = 1.137258e-09
Cl[9095] = 1.123198e-09
Cl[9096] = 1.113757e-09
Cl[9097] = 1.124741e-09
Cl[9098] = 1.134454e-09
Cl[9099] = 1.123550e-09
Cl[9100] = 1.116220e-09
Cl[9101] = 1.116551e-09
Cl[9102] = 1.110417e-09
Cl[9103] = 1.114657e-09
Cl[9104] = 1.127716e-09
Cl[9105] = 1.121367e-09
Cl[9106] = 1.110600e-09
Cl[9107] = 1.122155e-09
Cl[9108] = 1.136502e-09
Cl[9109] = 1.136415e-09
Cl[9110] = 1.131755e-09
Cl[9111] = 1.127680e-09
Cl[9112] = 1.132052e-09
Cl[9113] = 1.149903e-09
Cl[9114] = 1.164240e-09
Cl[9115] = 1.156362e-09
Cl[9116] = 1.135210e-09
Cl[9117] = 1.121392e-09
Cl[9118] = 1.116707e-09
Cl[9119] = 1.107144e-09
Cl[9120] = 1.099467e-09
Cl[9121] = 1.103225e-09
Cl[9122] = 1.109639e-09
Cl[9123] = 1.118678e-09
Cl[9124] = 1.132214e-09
Cl[9125] = 1.137392e-09
Cl[9126] = 1.137613e-09
Cl[9127] = 1.146048e-09
Cl[9128] = 1.148981e-09
Cl[9129] = 1.139272e-09
Cl[9130] = 1.133283e-09
Cl[9131] = 1.131022e-09
Cl[9132] = 1.132554e-09
Cl[9133] = 1.141168e-09
Cl[9134] = 1.140733e-09
Cl[9135] = 1.125853e-09
Cl[9136] = 1.115933e-09
Cl[9137] = 1.120641e-09
Cl[9138] = 1.134791e-09
Cl[9139] = 1.143005e-09
Cl[9140] = 1.130566e-09
Cl[9141] = 1.116712e-09
Cl[9142] = 1.118166e-09
Cl[9143] = 1.117677e-09
Cl[9144] = 1.114335e-09
Cl[9145] = 1.114298e-09
Cl[9146] = 1.104080e-09
Cl[9147] = 1.098338e-09
Cl[9148] = 1.114735e-09
Cl[9149] = 1.124822e-09
Cl[9150] = 1.118839e-09
Cl[9151] = 1.117917e-09
Cl[9152] = 1.117819e-09
Cl[9153] = 1.121741e-09
Cl[9154] = 1.137269e-09
Cl[9155] = 1.141405e-09
Cl[9156] = 1.130237e-09
Cl[9157] = 1.126455e-09
Cl[9158] = 1.123479e-09
Cl[9159] = 1.122624e-09
Cl[9160] = 1.141360e-09
Cl[9161] = 1.156381e-09
Cl[9162] = 1.142922e-09
Cl[9163] = 1.125667e-09
Cl[9164] = 1.124597e-09
Cl[9165] = 1.124891e-09
Cl[9166] = 1.121497e-09
Cl[9167] = 1.125356e-09
Cl[9168] = 1.134890e-09
Cl[9169] = 1.132712e-09
Cl[9170] = 1.122823e-09
Cl[9171] = 1.125150e-09
Cl[9172] = 1.131036e-09
Cl[9173] = 1.127937e-09
Cl[9174] = 1.126126e-09
Cl[9175] = 1.121062e-09
Cl[9176] = 1.113216e-09
Cl[9177] = 1.130757e-09
Cl[9178] = 1.154169e-09
Cl[9179] = 1.137371e-09
Cl[9180] = 1.112173e-09
Cl[9181] = 1.119631e-09
Cl[9182] = 1.133604e-09
Cl[9183] = 1.128000e-09
Cl[9184] = 1.115442e-09
Cl[9185] = 1.120244e-09
Cl[9186] = 1.149925e-09
Cl[9187] = 1.166864e-09
Cl[9188] = 1.149046e-09
Cl[9189] = 1.135997e-09
Cl[9190] = 1.144856e-09
Cl[9191] = 1.145754e-09
Cl[9192] = 1.139451e-09
Cl[9193] = 1.137046e-09
Cl[9194] = 1.127236e-09
Cl[9195] = 1.122067e-09
Cl[9196] = 1.137400e-09
Cl[9197] = 1.157007e-09
Cl[9198] = 1.155040e-09
Cl[9199] = 1.126136e-09
Cl[9200] = 1.102939e-09
Cl[9201] = 1.115235e-09
Cl[9202] = 1.129838e-09
Cl[9203] = 1.117740e-09
Cl[9204] = 1.110968e-09
Cl[9205] = 1.116593e-09
Cl[9206] = 1.107984e-09
Cl[9207] = 1.101497e-09
Cl[9208] = 1.112208e-09
Cl[9209] = 1.115414e-09
Cl[9210] = 1.106420e-09
Cl[9211] = 1.108926e-09
Cl[9212] = 1.127456e-09
Cl[9213] = 1.137040e-09
Cl[9214] = 1.123253e-09
Cl[9215] = 1.117597e-09
Cl[9216] = 1.137956e-09
Cl[9217] = 1.144399e-09
Cl[9218] = 1.133308e-09
Cl[9219] = 1.141914e-09
Cl[9220] = 1.151198e-09
Cl[9221] = 1.138373e-09
Cl[9222] = 1.130128e-09
Cl[9223] = 1.127653e-09
Cl[9224] = 1.115788e-09
Cl[9225] = 1.108952e-09
Cl[9226] = 1.105904e-09
Cl[9227] = 1.106137e-09
Cl[9228] = 1.122996e-09
Cl[9229] = 1.125914e-09
Cl[9230] = 1.102669e-09
Cl[9231] = 1.101403e-09
Cl[9232] = 1.121695e-09
Cl[9233] = 1.116712e-09
Cl[9234] = 1.100703e-09
Cl[9235] = 1.106359e-09
Cl[9236] = 1.120259e-09
Cl[9237] = 1.121352e-09
Cl[9238] = 1.113406e-09
Cl[9239] = 1.111532e-09
Cl[9240] = 1.121655e-09
Cl[9241] = 1.126635e-09
Cl[9242] = 1.117277e-09
Cl[9243] = 1.107333e-09
Cl[9244] = 1.109525e-09
Cl[9245] = 1.124099e-09
Cl[9246] = 1.132908e-09
Cl[9247] = 1.122196e-09
Cl[9248] = 1.115233e-09
Cl[9249] = 1.121308e-09
Cl[9250] = 1.112364e-09
Cl[9251] = 1.098434e-09
Cl[9252] = 1.102273e-09
Cl[9253] = 1.100306e-09
Cl[9254] = 1.090946e-09
Cl[9255] = 1.095042e-09
Cl[9256] = 1.102653e-09
Cl[9257] = 1.104416e-09
Cl[9258] = 1.112304e-09
Cl[9259] = 1.119976e-09
Cl[9260] = 1.125109e-09
Cl[9261] = 1.127974e-09
Cl[9262] = 1.116588e-09
Cl[9263] = 1.105375e-09
Cl[9264] = 1.110529e-09
Cl[9265] = 1.112504e-09
Cl[9266] = 1.112000e-09
Cl[9267] = 1.124287e-09
Cl[9268] = 1.122779e-09
Cl[9269] = 1.104743e-09
Cl[9270] = 1.108419e-09
Cl[9271] = 1.124595e-09
Cl[9272] = 1.121082e-09
Cl[9273] = 1.108070e-09
Cl[9274] = 1.107806e-09
Cl[9275] = 1.114383e-09
Cl[9276] = 1.109332e-09
Cl[9277] = 1.090434e-09
Cl[9278] = 1.077304e-09
Cl[9279] = 1.077435e-09
Cl[9280] = 1.081944e-09
Cl[9281] = 1.091201e-09
Cl[9282] = 1.105727e-09
Cl[9283] = 1.114484e-09
Cl[9284] = 1.112146e-09
Cl[9285] = 1.096612e-09
Cl[9286] = 1.081800e-09
Cl[9287] = 1.089283e-09
Cl[9288] = 1.106364e-09
Cl[9289] = 1.109195e-09
Cl[9290] = 1.103993e-09
Cl[9291] = 1.099884e-09
Cl[9292] = 1.103568e-09
Cl[9293] = 1.115740e-09
Cl[9294] = 1.111485e-09
Cl[9295] = 1.097760e-09
Cl[9296] = 1.108120e-09
Cl[9297] = 1.109560e-09
Cl[9298] = 1.075155e-09
Cl[9299] = 1.061989e-09
Cl[9300] = 1.082758e-09
Cl[9301] = 1.086803e-09
Cl[9302] = 1.084482e-09
Cl[9303] = 1.098415e-09
Cl[9304] = 1.108320e-09
Cl[9305] = 1.122205e-09
Cl[9306] = 1.144966e-09
Cl[9307] = 1.140162e-09
Cl[9308] = 1.115011e-09
Cl[9309] = 1.109009e-09
Cl[9310] = 1.115044e-09
Cl[9311] = 1.110749e-09
Cl[9312] = 1.101543e-09
Cl[9313] = 1.101472e-09
Cl[9314] = 1.111524e-09
Cl[9315] = 1.117071e-09
Cl[9316] = 1.114850e-09
Cl[9317] = 1.116643e-09
Cl[9318] = 1.116717e-09
Cl[9319] = 1.110400e-09
Cl[9320] = 1.115513e-09
Cl[9321] = 1.123952e-09
Cl[9322] = 1.117078e-09
Cl[9323] = 1.111359e-09
Cl[9324] = 1.111714e-09
Cl[9325] = 1.099043e-09
Cl[9326] = 1.083346e-09
Cl[9327] = 1.086871e-09
Cl[9328] = 1.099024e-09
Cl[9329] = 1.101774e-09
Cl[9330] = 1.102179e-09
Cl[9331] = 1.110689e-09
Cl[9332] = 1.116195e-09
Cl[9333] = 1.108347e-09
Cl[9334] = 1.111566e-09
Cl[9335] = 1.130399e-09
Cl[9336] = 1.126939e-09
Cl[9337] = 1.101770e-09
Cl[9338] = 1.094824e-09
Cl[9339] = 1.096764e-09
Cl[9340] = 1.085409e-09
Cl[9341] = 1.082155e-09
Cl[9342] = 1.092244e-09
Cl[9343] = 1.094806e-09
Cl[9344] = 1.088350e-09
Cl[9345] = 1.082661e-09
Cl[9346] = 1.093185e-09
Cl[9347] = 1.114357e-09
Cl[9348] = 1.109706e-09
Cl[9349] = 1.088118e-09
Cl[9350] = 1.099362e-09
Cl[9351] = 1.125006e-09
Cl[9352] = 1.118757e-09
Cl[9353] = 1.108183e-09
Cl[9354] = 1.117945e-09
Cl[9355] = 1.116850e-09
Cl[9356] = 1.103954e-09
Cl[9357] = 1.107515e-09
Cl[9358] = 1.110216e-09
Cl[9359] = 1.087703e-09
Cl[9360] = 1.069131e-09
Cl[9361] = 1.087098e-09
Cl[9362] = 1.120992e-09
Cl[9363] = 1.123761e-09
Cl[9364] = 1.095351e-09
Cl[9365] = 1.089882e-09
Cl[9366] = 1.125635e-09
Cl[9367] = 1.149058e-09
Cl[9368] = 1.130170e-09
Cl[9369] = 1.110175e-09
Cl[9370] = 1.112342e-09
Cl[9371] = 1.109491e-09
Cl[9372] = 1.098387e-09
Cl[9373] = 1.097069e-09
Cl[9374] = 1.101307e-09
Cl[9375] = 1.104157e-09
Cl[9376] = 1.107280e-09
Cl[9377] = 1.104937e-09
Cl[9378] = 1.102983e-09
Cl[9379] = 1.108991e-09
Cl[9380] = 1.107244e-09
Cl[9381] = 1.095618e-09
Cl[9382] = 1.094669e-09
Cl[9383] = 1.100120e-09
Cl[9384] = 1.104920e-09
Cl[9385] = 1.115776e-09
Cl[9386] = 1.117817e-09
Cl[9387] = 1.101445e-09
Cl[9388] = 1.098692e-09
Cl[9389] = 1.109475e-09
Cl[9390] = 1.098691e-09
Cl[9391] = 1.083877e-09
Cl[9392] = 1.100781e-09
Cl[9393] = 1.125470e-09
Cl[9394] = 1.122454e-09
Cl[9395] = 1.110268e-09
Cl[9396] = 1.113415e-09
Cl[9397] = 1.116492e-09
Cl[9398] = 1.108530e-09
Cl[9399] = 1.105964e-09
Cl[9400] = 1.107377e-09
Cl[9401] = 1.099754e-09
Cl[9402] = 1.106782e-09
Cl[9403] = 1.132076e-09
Cl[9404] = 1.134670e-09
Cl[9405] = 1.116299e-09
Cl[9406] = 1.120391e-09
Cl[9407] = 1.133982e-09
Cl[9408] = 1.121065e-09
Cl[9409] = 1.100317e-09
Cl[9410] = 1.098473e-09
Cl[9411] = 1.106758e-09
Cl[9412] = 1.112399e-09
Cl[9413] = 1.114233e-09
Cl[9414] = 1.113432e-09
Cl[9415] = 1.111063e-09
Cl[9416] = 1.106945e-09
Cl[9417] = 1.105868e-09
Cl[9418] = 1.111586e-09
Cl[9419] = 1.115881e-09
Cl[9420] = 1.114334e-09
Cl[9421] = 1.115220e-09
Cl[9422] = 1.128664e-09
Cl[9423] = 1.144514e-09
Cl[9424] = 1.146207e-09
Cl[9425] = 1.139221e-09
Cl[9426] = 1.144886e-09
Cl[9427] = 1.160696e-09
Cl[9428] = 1.167429e-09
Cl[9429] = 1.161753e-09
Cl[9430] = 1.150316e-09
Cl[9431] = 1.144463e-09
Cl[9432] = 1.155019e-09
Cl[9433] = 1.161172e-09
Cl[9434] = 1.142596e-09
Cl[9435] = 1.130500e-09
Cl[9436] = 1.150789e-09
Cl[9437] = 1.168850e-09
Cl[9438] = 1.161221e-09
Cl[9439] = 1.161729e-09
Cl[9440] = 1.189902e-09
Cl[9441] = 1.214665e-09
Cl[9442] = 1.216638e-09
Cl[9443] = 1.217806e-09
Cl[9444] = 1.238461e-09
Cl[9445] = 1.267317e-09
Cl[9446] = 1.284702e-09
Cl[9447] = 1.285734e-09
Cl[9448] = 1.286785e-09
Cl[9449] = 1.309400e-09
Cl[9450] = 1.336068e-09
Cl[9451] = 1.340345e-09
Cl[9452] = 1.345856e-09
Cl[9453] = 1.367679e-09
Cl[9454] = 1.374993e-09
Cl[9455] = 1.368121e-09
Cl[9456] = 1.374123e-09
Cl[9457] = 1.375301e-09
Cl[9458] = 1.358813e-09
Cl[9459] = 1.343248e-09
Cl[9460] = 1.325963e-09
Cl[9461] = 1.306301e-09
Cl[9462] = 1.296509e-09
Cl[9463] = 1.279324e-09
Cl[9464] = 1.246979e-09
Cl[9465] = 1.219508e-09
Cl[9466] = 1.193322e-09
Cl[9467] = 1.165480e-09
Cl[9468] = 1.152085e-09
Cl[9469] = 1.148814e-09
Cl[9470] = 1.143104e-09
Cl[9471] = 1.137519e-09
Cl[9472] = 1.131887e-09
Cl[9473] = 1.138664e-09
Cl[9474] = 1.167145e-09
Cl[9475] = 1.185492e-09
Cl[9476] = 1.191988e-09
Cl[9477] = 1.218404e-09
Cl[9478] = 1.247797e-09
Cl[9479] = 1.252231e-09
Cl[9480] = 1.251532e-09
Cl[9481] = 1.251709e-09
Cl[9482] = 1.243590e-09
Cl[9483] = 1.242020e-09
Cl[9484] = 1.245800e-09
Cl[9485] = 1.230375e-09
Cl[9486] = 1.198965e-09
Cl[9487] = 1.175618e-09
Cl[9488] = 1.173059e-09
Cl[9489] = 1.172343e-09
Cl[9490] = 1.149491e-09
Cl[9491] = 1.120863e-09
Cl[9492] = 1.116629e-09
Cl[9493] = 1.131517e-09
Cl[9494] = 1.153127e-09
Cl[9495] = 1.177220e-09
Cl[9496] = 1.190676e-09
Cl[9497] = 1.200095e-09
Cl[9498] = 1.218879e-09
Cl[9499] = 1.230679e-09
Cl[9500] = 1.231360e-09
Cl[9501] = 1.233881e-09
Cl[9502] = 1.220504e-09
Cl[9503] = 1.182641e-09
Cl[9504] = 1.153516e-09
Cl[9505] = 1.143012e-09
Cl[9506] = 1.130553e-09
Cl[9507] = 1.117349e-09
Cl[9508] = 1.121016e-09
Cl[9509] = 1.138517e-09
Cl[9510] = 1.147942e-09
Cl[9511] = 1.147105e-09
Cl[9512] = 1.156421e-09
Cl[9513] = 1.175531e-09
Cl[9514] = 1.185810e-09
Cl[9515] = 1.185661e-09
Cl[9516] = 1.185446e-09
Cl[9517] = 1.188551e-09
Cl[9518] = 1.183539e-09
Cl[9519] = 1.156827e-09
Cl[9520] = 1.128579e-09
Cl[9521] = 1.129065e-09
Cl[9522] = 1.140908e-09
Cl[9523] = 1.142678e-09
Cl[9524] = 1.146870e-09
Cl[9525] = 1.153035e-09
Cl[9526] = 1.161943e-09
Cl[9527] = 1.187245e-09
Cl[9528] = 1.202355e-09
Cl[9529] = 1.193330e-09
Cl[9530] = 1.199402e-09
Cl[9531] = 1.211102e-09
Cl[9532] = 1.189558e-09
Cl[9533] = 1.162722e-09
Cl[9534] = 1.153672e-09
Cl[9535] = 1.137090e-09
Cl[9536] = 1.118929e-09
Cl[9537] = 1.122069e-09
Cl[9538] = 1.139490e-09
Cl[9539] = 1.159079e-09
Cl[9540] = 1.169286e-09
Cl[9541] = 1.172665e-09
Cl[9542] = 1.186532e-09
Cl[9543] = 1.190745e-09
Cl[9544] = 1.169078e-09
Cl[9545] = 1.153785e-09
Cl[9546] = 1.148476e-09
Cl[9547] = 1.127324e-09
Cl[9548] = 1.105058e-09
Cl[9549] = 1.097392e-09
Cl[9550] = 1.099672e-09
Cl[9551] = 1.110383e-09
Cl[9552] = 1.115657e-09
Cl[9553] = 1.117538e-09
Cl[9554] = 1.142556e-09
Cl[9555] = 1.162076e-09
Cl[9556] = 1.148708e-09
Cl[9557] = 1.150071e-09
Cl[9558] = 1.167300e-09
Cl[9559] = 1.149792e-09
Cl[9560] = 1.120714e-09
Cl[9561] = 1.120356e-09
Cl[9562] = 1.133388e-09
Cl[9563] = 1.150036e-09
Cl[9564] = 1.165834e-09
Cl[9565] = 1.163365e-09
Cl[9566] = 1.157371e-09
Cl[9567] = 1.156647e-09
Cl[9568] = 1.147143e-09
Cl[9569] = 1.138926e-09
Cl[9570] = 1.132045e-09
Cl[9571] = 1.108098e-09
Cl[9572] = 1.095919e-09
Cl[9573] = 1.112967e-09
Cl[9574] = 1.121275e-09
Cl[9575] = 1.120179e-09
Cl[9576] = 1.141336e-09
Cl[9577] = 1.160982e-09
Cl[9578] = 1.155082e-09
Cl[9579] = 1.149739e-09
Cl[9580] = 1.148571e-09
Cl[9581] = 1.125497e-09
Cl[9582] = 1.097039e-09
Cl[9583] = 1.097077e-09
Cl[9584] = 1.110817e-09
Cl[9585] = 1.106249e-09
Cl[9586] = 1.094438e-09
Cl[9587] = 1.103262e-09
Cl[9588] = 1.130024e-09
Cl[9589] = 1.148355e-09
Cl[9590] = 1.143422e-09
Cl[9591] = 1.134451e-09
Cl[9592] = 1.139881e-09
Cl[9593] = 1.137132e-09
Cl[9594] = 1.118677e-09
Cl[9595] = 1.118116e-09
Cl[9596] = 1.134313e-09
Cl[9597] = 1.138594e-09
Cl[9598] = 1.152112e-09
Cl[9599] = 1.180558e-09
Cl[9600] = 1.176878e-09
Cl[9601] = 1.143354e-09
Cl[9602] = 1.124404e-09
Cl[9603] = 1.122571e-09
Cl[9604] = 1.119321e-09
Cl[9605] = 1.107062e-09
Cl[9606] = 1.096726e-09
Cl[9607] = 1.118934e-09
Cl[9608] = 1.157680e-09
Cl[9609] = 1.155336e-09
Cl[9610] = 1.129781e-09
Cl[9611] = 1.131667e-09
Cl[9612] = 1.137668e-09
Cl[9613] = 1.114283e-09
Cl[9614] = 1.086892e-09
Cl[9615] = 1.084190e-09
Cl[9616] = 1.104376e-09
Cl[9617] = 1.124788e-09
Cl[9618] = 1.131322e-09
Cl[9619] = 1.140372e-09
Cl[9620] = 1.152135e-09
Cl[9621] = 1.143366e-09
Cl[9622] = 1.126330e-09
Cl[9623] = 1.108914e-09
Cl[9624] = 1.071897e-09
Cl[9625] = 1.048735e-09
Cl[9626] = 1.077608e-09
Cl[9627] = 1.112401e-09
Cl[9628] = 1.119385e-09
Cl[9629] = 1.125541e-09
Cl[9630] = 1.133251e-09
Cl[9631] = 1.127940e-09
Cl[9632] = 1.116308e-09
Cl[9633] = 1.096618e-09
Cl[9634] = 1.078225e-09
Cl[9635] = 1.086996e-09
Cl[9636] = 1.113639e-09
Cl[9637] = 1.133263e-09
Cl[9638] = 1.150072e-09
Cl[9639] = 1.159197e-09
Cl[9640] = 1.147963e-09
Cl[9641] = 1.131164e-09
Cl[9642] = 1.119165e-09
Cl[9643] = 1.101564e-09
Cl[9644] = 1.087000e-09
Cl[9645] = 1.094139e-09
Cl[9646] = 1.112090e-09
Cl[9647] = 1.125602e-09
Cl[9648] = 1.137695e-09
Cl[9649] = 1.139170e-09
Cl[9650] = 1.116742e-09
Cl[9651] = 1.094551e-09
Cl[9652] = 1.096657e-09
Cl[9653] = 1.105735e-09
Cl[9654] = 1.108979e-09
Cl[9655] = 1.127665e-09
Cl[9656] = 1.161789e-09
Cl[9657] = 1.172908e-09
Cl[9658] = 1.148232e-09
Cl[9659] = 1.120267e-09
Cl[9660] = 1.109124e-09
Cl[9661] = 1.091720e-09
Cl[9662] = 1.063877e-09
Cl[9663] = 1.067367e-09
Cl[9664] = 1.106009e-09
Cl[9665] = 1.133422e-09
Cl[9666] = 1.142521e-09
Cl[9667] = 1.147946e-09
Cl[9668] = 1.133156e-09
Cl[9669] = 1.104044e-09
Cl[9670] = 1.091458e-09
Cl[9671] = 1.088758e-09
Cl[9672] = 1.083900e-09
Cl[9673] = 1.090825e-09
Cl[9674] = 1.108708e-09
Cl[9675] = 1.124500e-09
Cl[9676] = 1.128829e-09
Cl[9677] = 1.110136e-09
Cl[9678] = 1.091688e-09
Cl[9679] = 1.103874e-09
Cl[9680] = 1.119824e-09
Cl[9681] = 1.117566e-09
Cl[9682] = 1.126530e-09
Cl[9683] = 1.145576e-09
Cl[9684] = 1.141820e-09
Cl[9685] = 1.118698e-09
Cl[9686] = 1.101450e-09
Cl[9687] = 1.093774e-09
Cl[9688] = 1.092202e-09
Cl[9689] = 1.095495e-09
Cl[9690] = 1.112366e-09
Cl[9691] = 1.140285e-09
Cl[9692] = 1.152903e-09
Cl[9693] = 1.137748e-09
Cl[9694] = 1.116638e-09
Cl[9695] = 1.099945e-09
Cl[9696] = 1.088592e-09
Cl[9697] = 1.095366e-09
Cl[9698] = 1.114229e-09
Cl[9699] = 1.126598e-09
Cl[9700] = 1.130425e-09
Cl[9701] = 1.124876e-09
Cl[9702] = 1.108872e-09
Cl[9703] = 1.098199e-09
Cl[9704] = 1.097107e-09
Cl[9705] = 1.092741e-09
Cl[9706] = 1.096335e-09
Cl[9707] = 1.118378e-09
Cl[9708] = 1.135545e-09
Cl[9709] = 1.134689e-09
Cl[9710] = 1.133693e-09
Cl[9711] = 1.129800e-09
Cl[9712] = 1.103377e-09
Cl[9713] = 1.075780e-09
Cl[9714] = 1.080501e-09
Cl[9715] = 1.102937e-09
Cl[9716] = 1.107892e-09
Cl[9717] = 1.095834e-09
Cl[9718] = 1.088006e-09
Cl[9719] = 1.086105e-09
Cl[9720] = 1.083710e-09
Cl[9721] = 1.083050e-09
Cl[9722] = 1.089626e-09
Cl[9723] = 1.103338e-09
Cl[9724] = 1.117437e-09
Cl[9725] = 1.123650e-09
Cl[9726] = 1.119587e-09
Cl[9727] = 1.110774e-09
Cl[9728] = 1.100561e-09
Cl[9729] = 1.086234e-09
Cl[9730] = 1.075691e-09
Cl[9731] = 1.083984e-09
Cl[9732] = 1.103914e-09
Cl[9733] = 1.112038e-09
Cl[9734] = 1.107427e-09
Cl[9735] = 1.101343e-09
Cl[9736] = 1.090543e-09
Cl[9737] = 1.079122e-09
Cl[9738] = 1.077659e-09
Cl[9739] = 1.082778e-09
Cl[9740] = 1.089211e-09
Cl[9741] = 1.097963e-09
Cl[9742] = 1.097506e-09
Cl[9743] = 1.081922e-09
Cl[9744] = 1.066456e-09
Cl[9745] = 1.062525e-09
Cl[9746] = 1.070387e-09
Cl[9747] = 1.090031e-09
Cl[9748] = 1.106609e-09
Cl[9749] = 1.101839e-09
Cl[9750] = 1.087236e-09
Cl[9751] = 1.085987e-09
Cl[9752] = 1.093413e-09
Cl[9753] = 1.096630e-09
Cl[9754] = 1.105255e-09
Cl[9755] = 1.123634e-09
Cl[9756] = 1.133122e-09
Cl[9757] = 1.123975e-09
Cl[9758] = 1.110665e-09
Cl[9759] = 1.100802e-09
Cl[9760] = 1.093874e-09
Cl[9761] = 1.095201e-09
Cl[9762] = 1.105453e-09
Cl[9763] = 1.119930e-09
Cl[9764] = 1.129194e-09
Cl[9765] = 1.119829e-09
Cl[9766] = 1.094793e-09
Cl[9767] = 1.073324e-09
Cl[9768] = 1.066362e-09
Cl[9769] = 1.071050e-09
Cl[9770] = 1.083460e-09
Cl[9771] = 1.088402e-09
Cl[9772] = 1.081178e-09
Cl[9773] = 1.076426e-09
Cl[9774] = 1.079792e-09
Cl[9775] = 1.086004e-09
Cl[9776] = 1.096767e-09
Cl[9777] = 1.107797e-09
Cl[9778] = 1.112736e-09
Cl[9779] = 1.110754e-09
Cl[9780] = 1.099312e-09
Cl[9781] = 1.087765e-09
Cl[9782] = 1.097187e-09
Cl[9783] = 1.116767e-09
Cl[9784] = 1.121799e-09
Cl[9785] = 1.118790e-09
Cl[9786] = 1.119907e-09
Cl[9787] = 1.112250e-09
Cl[9788] = 1.087755e-09
Cl[9789] = 1.066482e-09
Cl[9790] = 1.068373e-09
Cl[9791] = 1.081567e-09
Cl[9792] = 1.082977e-09
Cl[9793] = 1.080241e-09
Cl[9794] = 1.082840e-09
Cl[9795] = 1.070112e-09
Cl[9796] = 1.047457e-09
Cl[9797] = 1.051928e-09
Cl[9798] = 1.077388e-09
Cl[9799] = 1.090145e-09
Cl[9800] = 1.089654e-09
Cl[9801] = 1.090438e-09
Cl[9802] = 1.092578e-09
Cl[9803] = 1.091662e-09
Cl[9804] = 1.091568e-09
Cl[9805] = 1.097731e-09
Cl[9806] = 1.104708e-09
Cl[9807] = 1.103696e-09
Cl[9808] = 1.107140e-09
Cl[9809] = 1.111374e-09
Cl[9810] = 1.091822e-09
Cl[9811] = 1.071762e-09
Cl[9812] = 1.089094e-09
Cl[9813] = 1.114595e-09
Cl[9814] = 1.118009e-09
Cl[9815] = 1.119226e-09
Cl[9816] = 1.116129e-09
Cl[9817] = 1.092029e-09
Cl[9818] = 1.078308e-09
Cl[9819] = 1.095500e-09
Cl[9820] = 1.111075e-09
Cl[9821] = 1.106321e-09
Cl[9822] = 1.106294e-09
Cl[9823] = 1.117375e-09
Cl[9824] = 1.112241e-09
Cl[9825] = 1.088543e-09
Cl[9826] = 1.083808e-09
Cl[9827] = 1.103220e-09
Cl[9828] = 1.110164e-09
Cl[9829] = 1.096153e-09
Cl[9830] = 1.087111e-09
Cl[9831] = 1.089825e-09
Cl[9832] = 1.091177e-09
Cl[9833] = 1.089581e-09
Cl[9834] = 1.095782e-09
Cl[9835] = 1.116059e-09
Cl[9836] = 1.133001e-09
Cl[9837] = 1.124950e-09
Cl[9838] = 1.102287e-09
Cl[9839] = 1.088748e-09
Cl[9840] = 1.092770e-09
Cl[9841] = 1.104483e-09
Cl[9842] = 1.109961e-09
Cl[9843] = 1.106827e-09
Cl[9844] = 1.099613e-09
Cl[9845] = 1.079708e-09
Cl[9846] = 1.056947e-09
Cl[9847] = 1.063643e-09
Cl[9848] = 1.088412e-09
Cl[9849] = 1.098550e-09
Cl[9850] = 1.099296e-09
Cl[9851] = 1.095121e-09
Cl[9852] = 1.079533e-09
Cl[9853] = 1.071139e-09
Cl[9854] = 1.078320e-09
Cl[9855] = 1.079307e-09
Cl[9856] = 1.074124e-09
Cl[9857] = 1.071254e-09
Cl[9858] = 1.063529e-09
Cl[9859] = 1.054537e-09
Cl[9860] = 1.052689e-09
Cl[9861] = 1.058428e-09
Cl[9862] = 1.077967e-09
Cl[9863] = 1.097332e-09
Cl[9864] = 1.093128e-09
Cl[9865] = 1.082456e-09
Cl[9866] = 1.088269e-09
Cl[9867] = 1.100078e-09
Cl[9868] = 1.117167e-09
Cl[9869] = 1.142602e-09
Cl[9870] = 1.155414e-09
Cl[9871] = 1.140112e-09
Cl[9872] = 1.114412e-09
Cl[9873] = 1.106639e-09
Cl[9874] = 1.114144e-09
Cl[9875] = 1.112799e-09
Cl[9876] = 1.107383e-09
Cl[9877] = 1.113857e-09
Cl[9878] = 1.114959e-09
Cl[9879] = 1.104517e-09
Cl[9880] = 1.105751e-09
Cl[9881] = 1.112515e-09
Cl[9882] = 1.116769e-09
Cl[9883] = 1.135024e-09
Cl[9884] = 1.145084e-09
Cl[9885] = 1.120688e-09
Cl[9886] = 1.100746e-09
Cl[9887] = 1.106869e-09
Cl[9888] = 1.108237e-09
Cl[9889] = 1.101300e-09
Cl[9890] = 1.098161e-09
Cl[9891] = 1.087668e-09
Cl[9892] = 1.076642e-09
Cl[9893] = 1.085160e-09
Cl[9894] = 1.110795e-09
Cl[9895] = 1.140162e-09
Cl[9896] = 1.158863e-09
Cl[9897] = 1.153508e-09
Cl[9898] = 1.137633e-09
Cl[9899] = 1.128933e-09
Cl[9900] = 1.122297e-09
Cl[9901] = 1.112398e-09
Cl[9902] = 1.112112e-09
Cl[9903] = 1.120585e-09
Cl[9904] = 1.116025e-09
Cl[9905] = 1.097281e-09
Cl[9906] = 1.102907e-09
Cl[9907] = 1.144064e-09
Cl[9908] = 1.171187e-09
Cl[9909] = 1.154944e-09
Cl[9910] = 1.126914e-09
Cl[9911] = 1.110514e-09
Cl[9912] = 1.097077e-09
Cl[9913] = 1.086275e-09
Cl[9914] = 1.087266e-09
Cl[9915] = 1.092645e-09
Cl[9916] = 1.089887e-09
Cl[9917] = 1.084452e-09
Cl[9918] = 1.087896e-09
Cl[9919] = 1.097358e-09
Cl[9920] = 1.110531e-09
Cl[9921] = 1.126971e-09
Cl[9922] = 1.128163e-09
Cl[9923] = 1.104072e-09
Cl[9924] = 1.087107e-09
Cl[9925] = 1.093004e-09
Cl[9926] = 1.104529e-09
Cl[9927] = 1.123412e-09
Cl[9928] = 1.144298e-09
Cl[9929] = 1.142985e-09
Cl[9930] = 1.127824e-09
Cl[9931] = 1.119627e-09
Cl[9932] = 1.104395e-09
Cl[9933] = 1.085107e-09
Cl[9934] = 1.085896e-09
Cl[9935] = 1.095713e-09
Cl[9936] = 1.091841e-09
Cl[9937] = 1.078717e-09
Cl[9938] = 1.070958e-09
Cl[9939] = 1.076804e-09
Cl[9940] = 1.090163e-09
Cl[9941] = 1.097588e-09
Cl[9942] = 1.102688e-09
Cl[9943] = 1.105060e-09
Cl[9944] = 1.092065e-09
Cl[9945] = 1.074687e-09
Cl[9946] = 1.079859e-09
Cl[9947] = 1.100836e-09
Cl[9948] = 1.108509e-09
Cl[9949] = 1.096317e-09
Cl[9950] = 1.082905e-09
Cl[9951] = 1.081432e-09
Cl[9952] = 1.082573e-09
Cl[9953] = 1.078769e-09
Cl[9954] = 1.074696e-09
Cl[9955] = 1.065742e-09
Cl[9956] = 1.057278e-09
Cl[9957] = 1.075145e-09
Cl[9958] = 1.110291e-09
Cl[9959] = 1.123453e-09
Cl[9960] = 1.114995e-09
Cl[9961] = 1.106610e-09
Cl[9962] = 1.096663e-09
Cl[9963] = 1.088013e-09
Cl[9964] = 1.096794e-09
Cl[9965] = 1.116724e-09
Cl[9966] = 1.121489e-09
Cl[9967] = 1.106214e-09
Cl[9968] = 1.093060e-09
Cl[9969] = 1.093049e-09
Cl[9970] = 1.094287e-09
Cl[9971] = 1.100857e-09
Cl[9972] = 1.116025e-09
Cl[9973] = 1.113780e-09
Cl[9974] = 1.093458e-09
Cl[9975] = 1.087362e-09
Cl[9976] = 1.094430e-09
Cl[9977] = 1.101165e-09
Cl[9978] = 1.116457e-09
Cl[9979] = 1.123436e-09
Cl[9980] = 1.100072e-09
Cl[9981] = 1.077571e-09
Cl[9982] = 1.085814e-09
Cl[9983] = 1.110769e-09
Cl[9984] = 1.130642e-09
Cl[9985] = 1.131715e-09
Cl[9986] = 1.113182e-09
Cl[9987] = 1.094760e-09
Cl[9988] = 1.085401e-09
Cl[9989] = 1.079792e-09
Cl[9990] = 1.080087e-09
Cl[9991] = 1.080273e-09
Cl[9992] = 1.074889e-09
Cl[9993] = 1.076413e-09
Cl[9994] = 1.091163e-09
Cl[9995] = 1.102948e-09
Cl[9996] = 1.101789e-09
Cl[9997] = 1.093781e-09
Cl[9998] = 1.091798e-09
Cl[9999] = 1.095171e-09
Cl[10000] = 1.089018e-09
Cl[10001] = 1.085724e-09
Cl[10002] = 1.104819e-09
Cl[10003] = 1.113119e-09
Cl[10004] = 1.086817e-09
Cl[10005] = 1.067873e-09
Cl[10006] = 1.077408e-09
Cl[10007] = 1.082403e-09
Cl[10008] = 1.074044e-09
Cl[10009] = 1.071852e-09
Cl[10010] = 1.071933e-09
Cl[10011] = 1.063505e-09
Cl[10012] = 1.057285e-09
Cl[10013] = 1.063058e-09
Cl[10014] = 1.075627e-09
Cl[10015] = 1.082253e-09
Cl[10016] = 1.075295e-09
Cl[10017] = 1.066141e-09
Cl[10018] = 1.074005e-09
Cl[10019] = 1.093439e-09
Cl[10020] = 1.101459e-09
Cl[10021] = 1.092939e-09
Cl[10022] = 1.082269e-09
Cl[10023] = 1.073985e-09
Cl[10024] = 1.074369e-09
Cl[10025] = 1.094953e-09
Cl[10026] = 1.121140e-09
Cl[10027] = 1.122186e-09
Cl[10028] = 1.104220e-09
Cl[10029] = 1.093046e-09
Cl[10030] = 1.092088e-09
Cl[10031] = 1.092800e-09
Cl[10032] = 1.096699e-09
Cl[10033] = 1.100428e-09
Cl[10034] = 1.089588e-09
Cl[10035] = 1.067317e-09
Cl[10036] = 1.055855e-09
Cl[10037] = 1.064911e-09
Cl[10038] = 1.081790e-09
Cl[10039] = 1.091036e-09
Cl[10040] = 1.085872e-09
Cl[10041] = 1.070046e-09
Cl[10042] = 1.066040e-09
Cl[10043] = 1.083399e-09
Cl[10044] = 1.101286e-09
Cl[10045] = 1.099930e-09
Cl[10046] = 1.079943e-09
Cl[10047] = 1.056801e-09
Cl[10048] = 1.055036e-09
Cl[10049] = 1.072541e-09
Cl[10050] = 1.083253e-09
Cl[10051] = 1.084497e-09
Cl[10052] = 1.087151e-09
Cl[10053] = 1.078809e-09
Cl[10054] = 1.066275e-09
Cl[10055] = 1.068434e-09
Cl[10056] = 1.072949e-09
Cl[10057] = 1.070051e-09
Cl[10058] = 1.066488e-09
Cl[10059] = 1.062720e-09
Cl[10060] = 1.069662e-09
Cl[10061] = 1.091343e-09
Cl[10062] = 1.093455e-09
Cl[10063] = 1.072798e-09
Cl[10064] = 1.072339e-09
Cl[10065] = 1.084964e-09
Cl[10066] = 1.084421e-09
Cl[10067] = 1.089227e-09
Cl[10068] = 1.100811e-09
Cl[10069] = 1.098828e-09
Cl[10070] = 1.095415e-09
Cl[10071] = 1.101909e-09
Cl[10072] = 1.105783e-09
Cl[10073] = 1.103713e-09
Cl[10074] = 1.097095e-09
Cl[10075] = 1.088545e-09
Cl[10076] = 1.091820e-09
Cl[10077] = 1.098697e-09
Cl[10078] = 1.087238e-09
Cl[10079] = 1.068637e-09
Cl[10080] = 1.063489e-09
Cl[10081] = 1.067386e-09
Cl[10082] = 1.072849e-09
Cl[10083] = 1.076352e-09
Cl[10084] = 1.080763e-09
Cl[10085] = 1.092873e-09
Cl[10086] = 1.099125e-09
Cl[10087] = 1.080052e-09
Cl[10088] = 1.063074e-09
Cl[10089] = 1.083587e-09
Cl[10090] = 1.114799e-09
Cl[10091] = 1.110249e-09
Cl[10092] = 1.080104e-09
Cl[10093] = 1.062844e-09
Cl[10094] = 1.066038e-09
Cl[10095] = 1.072309e-09
Cl[10096] = 1.073402e-09
Cl[10097] = 1.066306e-09
Cl[10098] = 1.056628e-09
Cl[10099] = 1.054992e-09
Cl[10100] = 1.062711e-09
Cl[10101] = 1.070570e-09
Cl[10102] = 1.072931e-09
Cl[10103] = 1.070127e-09
Cl[10104] = 1.070911e-09
Cl[10105] = 1.079371e-09
Cl[10106] = 1.082907e-09
Cl[10107] = 1.077489e-09
Cl[10108] = 1.074803e-09
Cl[10109] = 1.076634e-09
Cl[10110] = 1.080124e-09
Cl[10111] = 1.093394e-09
Cl[10112] = 1.108412e-09
Cl[10113] = 1.104449e-09
Cl[10114] = 1.082422e-09
Cl[10115] = 1.060124e-09
Cl[10116] = 1.052480e-09
Cl[10117] = 1.057819e-09
Cl[10118] = 1.065640e-09
Cl[10119] = 1.072573e-09
Cl[10120] = 1.075849e-09
Cl[10121] = 1.065815e-09
Cl[10122] = 1.057143e-09
Cl[10123] = 1.070798e-09
Cl[10124] = 1.090980e-09
Cl[10125] = 1.094822e-09
Cl[10126] = 1.084828e-09
Cl[10127] = 1.069938e-09
Cl[10128] = 1.064012e-09
Cl[10129] = 1.070106e-09
Cl[10130] = 1.070718e-09
Cl[10131] = 1.066331e-09
Cl[10132] = 1.073367e-09
Cl[10133] = 1.080667e-09
Cl[10134] = 1.083473e-09
Cl[10135] = 1.091989e-09
Cl[10136] = 1.090104e-09
Cl[10137] = 1.074694e-09
Cl[10138] = 1.070974e-09
Cl[10139] = 1.074367e-09
Cl[10140] = 1.076339e-09
Cl[10141] = 1.088803e-09
Cl[10142] = 1.094865e-09
Cl[10143] = 1.078840e-09
Cl[10144] = 1.072410e-09
Cl[10145] = 1.086521e-09
Cl[10146] = 1.097680e-09
Cl[10147] = 1.106061e-09
Cl[10148] = 1.107568e-09
Cl[10149] = 1.086106e-09
Cl[10150] = 1.064675e-09
Cl[10151] = 1.072247e-09
Cl[10152] = 1.089927e-09
Cl[10153] = 1.086389e-09
Cl[10154] = 1.069984e-09
Cl[10155] = 1.069872e-09
Cl[10156] = 1.086711e-09
Cl[10157] = 1.089521e-09
Cl[10158] = 1.076502e-09
Cl[10159] = 1.073549e-09
Cl[10160] = 1.083295e-09
Cl[10161] = 1.090823e-09
Cl[10162] = 1.098593e-09
Cl[10163] = 1.105388e-09
Cl[10164] = 1.101082e-09
Cl[10165] = 1.092708e-09
Cl[10166] = 1.100455e-09
Cl[10167] = 1.120410e-09
Cl[10168] = 1.125123e-09
Cl[10169] = 1.110064e-09
Cl[10170] = 1.098991e-09
Cl[10171] = 1.091971e-09
Cl[10172] = 1.074126e-09
Cl[10173] = 1.063727e-09
Cl[10174] = 1.072585e-09
Cl[10175] = 1.072393e-09
Cl[10176] = 1.058452e-09
Cl[10177] = 1.058441e-09
Cl[10178] = 1.071943e-09
Cl[10179] = 1.075976e-09
Cl[10180] = 1.065283e-09
Cl[10181] = 1.061054e-09
Cl[10182] = 1.078155e-09
Cl[10183] = 1.095236e-09
Cl[10184] = 1.090745e-09
Cl[10185] = 1.079020e-09
Cl[10186] = 1.071192e-09
Cl[10187] = 1.059785e-09
Cl[10188] = 1.056497e-09
Cl[10189] = 1.069514e-09
Cl[10190] = 1.077992e-09
Cl[10191] = 1.072843e-09
Cl[10192] = 1.064465e-09
Cl[10193] = 1.059097e-09
Cl[10194] = 1.060678e-09
Cl[10195] = 1.064208e-09
Cl[10196] = 1.064776e-09
Cl[10197] = 1.065413e-09
Cl[10198] = 1.059126e-09
Cl[10199] = 1.048262e-09
Cl[10200] = 1.060278e-09
Cl[10201] = 1.081203e-09
Cl[10202] = 1.068052e-09
Cl[10203] = 1.040642e-09
Cl[10204] = 1.039816e-09
Cl[10205] = 1.049355e-09
Cl[10206] = 1.047487e-09
Cl[10207] = 1.043723e-09
Cl[10208] = 1.043787e-09
Cl[10209] = 1.043817e-09
Cl[10210] = 1.047296e-09
Cl[10211] = 1.058402e-09
Cl[10212] = 1.068863e-09
Cl[10213] = 1.062079e-09
Cl[10214] = 1.050650e-09
Cl[10215] = 1.064911e-09
Cl[10216] = 1.087078e-09
Cl[10217] = 1.085536e-09
Cl[10218] = 1.080494e-09
Cl[10219] = 1.085987e-09
Cl[10220] = 1.080366e-09
Cl[10221] = 1.075266e-09
Cl[10222] = 1.097715e-09
Cl[10223] = 1.120947e-09
Cl[10224] = 1.110993e-09
Cl[10225] = 1.080835e-09
Cl[10226] = 1.061973e-09
Cl[10227] = 1.063385e-09
Cl[10228] = 1.069086e-09
Cl[10229] = 1.062866e-09
Cl[10230] = 1.053500e-09
Cl[10231] = 1.051648e-09
Cl[10232] = 1.050110e-09
Cl[10233] = 1.043877e-09
Cl[10234] = 1.042529e-09
Cl[10235] = 1.045832e-09
Cl[10236] = 1.046634e-09
Cl[10237] = 1.046211e-09
Cl[10238] = 1.048400e-09
Cl[10239] = 1.045238e-09
Cl[10240] = 1.035712e-09
Cl[10241] = 1.031838e-09
Cl[10242] = 1.042667e-09
Cl[10243] = 1.064338e-09
Cl[10244] = 1.080180e-09
Cl[10245] = 1.065219e-09
Cl[10246] = 1.037402e-09
Cl[10247] = 1.046944e-09
Cl[10248] = 1.083068e-09
Cl[10249] = 1.092477e-09
Cl[10250] = 1.079777e-09
Cl[10251] = 1.071927e-09
Cl[10252] = 1.065254e-09
Cl[10253] = 1.064283e-09
Cl[10254] = 1.072738e-09
Cl[10255] = 1.075709e-09
Cl[10256] = 1.081626e-09
Cl[10257] = 1.088987e-09
Cl[10258] = 1.072157e-09
Cl[10259] = 1.056576e-09
Cl[10260] = 1.071481e-09
Cl[10261] = 1.073550e-09
Cl[10262] = 1.043424e-09
Cl[10263] = 1.030888e-09
Cl[10264] = 1.049176e-09
Cl[10265] = 1.058987e-09
Cl[10266] = 1.043103e-09
Cl[10267] = 1.027108e-09
Cl[10268] = 1.044090e-09
Cl[10269] = 1.077000e-09
Cl[10270] = 1.079637e-09
Cl[10271] = 1.061485e-09
Cl[10272] = 1.055760e-09
Cl[10273] = 1.054260e-09
Cl[10274] = 1.055099e-09
Cl[10275] = 1.061441e-09
Cl[10276] = 1.054319e-09
Cl[10277] = 1.044205e-09
Cl[10278] = 1.055728e-09
Cl[10279] = 1.062887e-09
Cl[10280] = 1.060808e-09
Cl[10281] = 1.077530e-09
Cl[10282] = 1.092246e-09
Cl[10283] = 1.079392e-09
Cl[10284] = 1.065808e-09
Cl[10285] = 1.067175e-09
Cl[10286] = 1.073063e-09
Cl[10287] = 1.077026e-09
Cl[10288] = 1.068661e-09
Cl[10289] = 1.057627e-09
Cl[10290] = 1.067053e-09
Cl[10291] = 1.074095e-09
Cl[10292] = 1.057869e-09
Cl[10293] = 1.049526e-09
Cl[10294] = 1.063326e-09
Cl[10295] = 1.077439e-09
Cl[10296] = 1.086936e-09
Cl[10297] = 1.084668e-09
Cl[10298] = 1.061942e-09
Cl[10299] = 1.044850e-09
Cl[10300] = 1.054600e-09
Cl[10301] = 1.066795e-09
Cl[10302] = 1.062097e-09
Cl[10303] = 1.053493e-09
Cl[10304] = 1.050999e-09
Cl[10305] = 1.051892e-09
Cl[10306] = 1.055061e-09
Cl[10307] = 1.060644e-09
Cl[10308] = 1.058750e-09
Cl[10309] = 1.045906e-09
Cl[10310] = 1.037008e-09
Cl[10311] = 1.042498e-09
Cl[10312] = 1.048814e-09
Cl[10313] = 1.042519e-09
Cl[10314] = 1.030767e-09
Cl[10315] = 1.025428e-09
Cl[10316] = 1.028832e-09
Cl[10317] = 1.036358e-09
Cl[10318] = 1.041643e-09
Cl[10319] = 1.043408e-09
Cl[10320] = 1.047684e-09
Cl[10321] = 1.048681e-09
Cl[10322] = 1.039548e-09
Cl[10323] = 1.038331e-09
Cl[10324] = 1.053952e-09
Cl[10325] = 1.059373e-09
Cl[10326] = 1.046750e-09
Cl[10327] = 1.045103e-09
Cl[10328] = 1.050474e-09
Cl[10329] = 1.036367e-09
Cl[10330] = 1.024111e-09
Cl[10331] = 1.041443e-09
Cl[10332] = 1.060793e-09
Cl[10333] = 1.056027e-09
Cl[10334] = 1.047935e-09
Cl[10335] = 1.055081e-09
Cl[10336] = 1.070485e-09
Cl[10337] = 1.080938e-09
Cl[10338] = 1.076445e-09
Cl[10339] = 1.057290e-09
Cl[10340] = 1.041024e-09
Cl[10341] = 1.043229e-09
Cl[10342] = 1.058721e-09
Cl[10343] = 1.065161e-09
Cl[10344] = 1.056952e-09
Cl[10345] = 1.049893e-09
Cl[10346] = 1.052225e-09
Cl[10347] = 1.059071e-09
Cl[10348] = 1.065126e-09
Cl[10349] = 1.060527e-09
Cl[10350] = 1.050643e-09
Cl[10351] = 1.057124e-09
Cl[10352] = 1.061965e-09
Cl[10353] = 1.037430e-09
Cl[10354] = 1.021241e-09
Cl[10355] = 1.044162e-09
Cl[10356] = 1.062232e-09
Cl[10357] = 1.049293e-09
Cl[10358] = 1.039753e-09
Cl[10359] = 1.040497e-09
Cl[10360] = 1.035714e-09
Cl[10361] = 1.039266e-09
Cl[10362] = 1.054592e-09
Cl[10363] = 1.051792e-09
Cl[10364] = 1.029085e-09
Cl[10365] = 1.018495e-09
Cl[10366] = 1.024030e-09
Cl[10367] = 1.025477e-09
Cl[10368] = 1.027325e-09
Cl[10369] = 1.037279e-09
Cl[10370] = 1.040355e-09
Cl[10371] = 1.034621e-09
Cl[10372] = 1.036584e-09
Cl[10373] = 1.036896e-09
Cl[10374] = 1.021403e-09
Cl[10375] = 1.010705e-09
Cl[10376] = 1.020757e-09
Cl[10377] = 1.034579e-09
Cl[10378] = 1.035318e-09
Cl[10379] = 1.023542e-09
Cl[10380] = 1.013241e-09
Cl[10381] = 1.019414e-09
Cl[10382] = 1.035676e-09
Cl[10383] = 1.042889e-09
Cl[10384] = 1.038784e-09
Cl[10385] = 1.033332e-09
Cl[10386] = 1.035513e-09
Cl[10387] = 1.043442e-09
Cl[10388] = 1.043326e-09
Cl[10389] = 1.032162e-09
Cl[10390] = 1.026859e-09
Cl[10391] = 1.028193e-09
Cl[10392] = 1.024768e-09
Cl[10393] = 1.020882e-09
Cl[10394] = 1.019646e-09
Cl[10395] = 1.021847e-09
Cl[10396] = 1.042487e-09
Cl[10397] = 1.074601e-09
Cl[10398] = 1.079081e-09
Cl[10399] = 1.050802e-09
Cl[10400] = 1.030283e-09
Cl[10401] = 1.036658e-09
Cl[10402] = 1.051865e-09
Cl[10403] = 1.055205e-09
Cl[10404] = 1.043028e-09
Cl[10405] = 1.030212e-09
Cl[10406] = 1.032645e-09
Cl[10407] = 1.038022e-09
Cl[10408] = 1.024093e-09
Cl[10409] = 1.006694e-09
Cl[10410] = 1.009875e-09
Cl[10411] = 1.018978e-09
Cl[10412] = 1.018251e-09
Cl[10413] = 1.021038e-09
Cl[10414] = 1.027631e-09
Cl[10415] = 1.026468e-09
Cl[10416] = 1.033800e-09
Cl[10417] = 1.054380e-09
Cl[10418] = 1.059914e-09
Cl[10419] = 1.042788e-09
Cl[10420] = 1.030840e-09
Cl[10421] = 1.037703e-09
Cl[10422] = 1.047880e-09
Cl[10423] = 1.047033e-09
Cl[10424] = 1.040766e-09
Cl[10425] = 1.036587e-09
Cl[10426] = 1.037201e-09
Cl[10427] = 1.052721e-09
Cl[10428] = 1.078157e-09
Cl[10429] = 1.073555e-09
Cl[10430] = 1.042448e-09
Cl[10431] = 1.038918e-09
Cl[10432] = 1.057136e-09
Cl[10433] = 1.044729e-09
Cl[10434] = 1.018252e-09
Cl[10435] = 1.020926e-09
Cl[10436] = 1.034119e-09
Cl[10437] = 1.028994e-09
Cl[10438] = 1.018342e-09
Cl[10439] = 1.022227e-09
Cl[10440] = 1.039678e-09
Cl[10441] = 1.051690e-09
Cl[10442] = 1.050118e-09
Cl[10443] = 1.044694e-09
Cl[10444] = 1.036262e-09
Cl[10445] = 1.021529e-09
Cl[10446] = 1.023120e-09
Cl[10447] = 1.043861e-09
Cl[10448] = 1.051117e-09
Cl[10449] = 1.037879e-09
Cl[10450] = 1.033134e-09
Cl[10451] = 1.046085e-09
Cl[10452] = 1.054871e-09
Cl[10453] = 1.044546e-09
Cl[10454] = 1.030163e-09
Cl[10455] = 1.033875e-09
Cl[10456] = 1.050693e-09
Cl[10457] = 1.059754e-09
Cl[10458] = 1.055941e-09
Cl[10459] = 1.043628e-09
Cl[10460] = 1.030172e-09
Cl[10461] = 1.027193e-09
Cl[10462] = 1.036508e-09
Cl[10463] = 1.048685e-09
Cl[10464] = 1.051494e-09
Cl[10465] = 1.046735e-09
Cl[10466] = 1.053098e-09
Cl[10467] = 1.065933e-09
Cl[10468] = 1.055733e-09
Cl[10469] = 1.028451e-09
Cl[10470] = 1.017351e-09
Cl[10471] = 1.017028e-09
Cl[10472] = 1.014080e-09
Cl[10473] = 1.016679e-09
Cl[10474] = 1.016440e-09
Cl[10475] = 1.005886e-09
Cl[10476] = 1.007062e-09
Cl[10477] = 1.023700e-09
Cl[10478] = 1.035741e-09
Cl[10479] = 1.042010e-09
Cl[10480] = 1.049287e-09
Cl[10481] = 1.050873e-09
Cl[10482] = 1.037025e-09
Cl[10483] = 1.017771e-09
Cl[10484] = 1.023598e-09
Cl[10485] = 1.049146e-09
Cl[10486] = 1.048829e-09
Cl[10487] = 1.026487e-09
Cl[10488] = 1.028631e-09
Cl[10489] = 1.043768e-09
Cl[10490] = 1.045937e-09
Cl[10491] = 1.050416e-09
Cl[10492] = 1.051506e-09
Cl[10493] = 1.031446e-09
Cl[10494] = 1.019771e-09
Cl[10495] = 1.031143e-09
Cl[10496] = 1.033496e-09
Cl[10497] = 1.024114e-09
Cl[10498] = 1.026157e-09
Cl[10499] = 1.031202e-09
Cl[10500] = 1.027521e-09
Cl[10501] = 1.028559e-09
Cl[10502] = 1.042032e-09
Cl[10503] = 1.052035e-09
Cl[10504] = 1.049985e-09
Cl[10505] = 1.047570e-09
Cl[10506] = 1.053875e-09
Cl[10507] = 1.054776e-09
Cl[10508] = 1.039271e-09
Cl[10509] = 1.024038e-09
Cl[10510] = 1.027535e-09
Cl[10511] = 1.036899e-09
Cl[10512] = 1.033645e-09
Cl[10513] = 1.029782e-09
Cl[10514] = 1.040276e-09
Cl[10515] = 1.044986e-09
Cl[10516] = 1.030996e-09
Cl[10517] = 1.017620e-09
Cl[10518] = 1.015664e-09
Cl[10519] = 1.017217e-09
Cl[10520] = 1.024507e-09
Cl[10521] = 1.029286e-09
Cl[10522] = 1.025758e-09
Cl[10523] = 1.029085e-09
Cl[10524] = 1.037521e-09
Cl[10525] = 1.028675e-09
Cl[10526] = 1.015500e-09
Cl[10527] = 1.020645e-09
Cl[10528] = 1.034321e-09
Cl[10529] = 1.044275e-09
Cl[10530] = 1.047584e-09
Cl[10531] = 1.041303e-09
Cl[10532] = 1.035538e-09
Cl[10533] = 1.039396e-09
Cl[10534] = 1.045095e-09
Cl[10535] = 1.040243e-09
Cl[10536] = 1.024138e-09
Cl[10537] = 1.007361e-09
Cl[10538] = 9.996451e-10
Cl[10539] = 9.984262e-10
Cl[10540] = 1.006436e-09
Cl[10541] = 1.024881e-09
Cl[10542] = 1.032826e-09
Cl[10543] = 1.029789e-09
Cl[10544] = 1.036203e-09
Cl[10545] = 1.035081e-09
Cl[10546] = 1.014459e-09
Cl[10547] = 1.010226e-09
Cl[10548] = 1.027086e-09
Cl[10549] = 1.026084e-09
Cl[10550] = 1.012436e-09
Cl[10551] = 1.016158e-09
Cl[10552] = 1.041559e-09
Cl[10553] = 1.072384e-09
Cl[10554] = 1.077257e-09
Cl[10555] = 1.047403e-09
Cl[10556] = 1.024072e-09
Cl[10557] = 1.023354e-09
Cl[10558] = 1.017718e-09
Cl[10559] = 1.006680e-09
Cl[10560] = 1.007502e-09
Cl[10561] = 1.014949e-09
Cl[10562] = 1.032345e-09
Cl[10563] = 1.056794e-09
Cl[10564] = 1.060190e-09
Cl[10565] = 1.040329e-09
Cl[10566] = 1.028787e-09
Cl[10567] = 1.033490e-09
Cl[10568] = 1.039962e-09
Cl[10569] = 1.042113e-09
Cl[10570] = 1.042930e-09
Cl[10571] = 1.048477e-09
Cl[10572] = 1.058761e-09
Cl[10573] = 1.059265e-09
Cl[10574] = 1.045515e-09
Cl[10575] = 1.039592e-09
Cl[10576] = 1.052212e-09
Cl[10577] = 1.054492e-09
Cl[10578] = 1.032028e-09
Cl[10579] = 1.020451e-09
Cl[10580] = 1.031464e-09
Cl[10581] = 1.029918e-09
Cl[10582] = 1.018600e-09
Cl[10583] = 1.029606e-09
Cl[10584] = 1.044037e-09
Cl[10585] = 1.039701e-09
Cl[10586] = 1.043872e-09
Cl[10587] = 1.062411e-09
Cl[10588] = 1.055922e-09
Cl[10589] = 1.026123e-09
Cl[10590] = 1.017024e-09
Cl[10591] = 1.039182e-09
Cl[10592] = 1.057043e-09
Cl[10593] = 1.051638e-09
Cl[10594] = 1.043174e-09
Cl[10595] = 1.046220e-09
Cl[10596] = 1.050673e-09
Cl[10597] = 1.049950e-09
Cl[10598] = 1.045322e-09
Cl[10599] = 1.037305e-09
Cl[10600] = 1.032382e-09
Cl[10601] = 1.027037e-09
Cl[10602] = 1.011764e-09
Cl[10603] = 1.003474e-09
Cl[10604] = 1.020994e-09
Cl[10605] = 1.039176e-09
Cl[10606] = 1.036491e-09
Cl[10607] = 1.032024e-09
Cl[10608] = 1.041022e-09
Cl[10609] = 1.049448e-09
Cl[10610] = 1.046647e-09
Cl[10611] = 1.035410e-09
Cl[10612] = 1.026701e-09
Cl[10613] = 1.027688e-09
Cl[10614] = 1.032417e-09
Cl[10615] = 1.025277e-09
Cl[10616] = 1.013037e-09
Cl[10617] = 1.028123e-09
Cl[10618] = 1.066238e-09
Cl[10619] = 1.071571e-09
Cl[10620] = 1.040585e-09
Cl[10621] = 1.030410e-09
Cl[10622] = 1.046477e-09
Cl[10623] = 1.048425e-09
Cl[10624] = 1.042990e-09
Cl[10625] = 1.041494e-09
Cl[10626] = 1.028808e-09
Cl[10627] = 1.020130e-09
Cl[10628] = 1.030878e-09
Cl[10629] = 1.029218e-09
Cl[10630] = 1.007166e-09
Cl[10631] = 1.003747e-09
Cl[10632] = 1.029143e-09
Cl[10633] = 1.054851e-09
Cl[10634] = 1.059778e-09
Cl[10635] = 1.043115e-09
Cl[10636] = 1.025938e-09
Cl[10637] = 1.027670e-09
Cl[10638] = 1.034868e-09
Cl[10639] = 1.022540e-09
Cl[10640] = 9.990658e-10
Cl[10641] = 9.957502e-10
Cl[10642] = 1.017837e-09
Cl[10643] = 1.030166e-09
Cl[10644] = 1.019598e-09
Cl[10645] = 1.019505e-09
Cl[10646] = 1.042133e-09
Cl[10647] = 1.051580e-09
Cl[10648] = 1.038623e-09
Cl[10649] = 1.036517e-09
Cl[10650] = 1.050812e-09
Cl[10651] = 1.056180e-09
Cl[10652] = 1.051121e-09
Cl[10653] = 1.051103e-09
Cl[10654] = 1.053546e-09
Cl[10655] = 1.054739e-09
Cl[10656] = 1.060298e-09
Cl[10657] = 1.059237e-09
Cl[10658] = 1.042864e-09
Cl[10659] = 1.036738e-09
Cl[10660] = 1.055521e-09
Cl[10661] = 1.062458e-09
Cl[10662] = 1.033131e-09
Cl[10663] = 9.964295e-10
Cl[10664] = 9.873806e-10
Cl[10665] = 1.001496e-09
Cl[10666] = 1.011657e-09
Cl[10667] = 1.005949e-09
Cl[10668] = 1.000834e-09
Cl[10669] = 1.009900e-09
Cl[10670] = 1.026239e-09
Cl[10671] = 1.034913e-09
Cl[10672] = 1.029527e-09
Cl[10673] = 1.021814e-09
Cl[10674] = 1.033512e-09
Cl[10675] = 1.052767e-09
Cl[10676] = 1.049039e-09
Cl[10677] = 1.031712e-09
Cl[10678] = 1.029942e-09
Cl[10679] = 1.040070e-09
Cl[10680] = 1.046322e-09
Cl[10681] = 1.042425e-09
Cl[10682] = 1.034934e-09
Cl[10683] = 1.041056e-09
Cl[10684] = 1.054467e-09
Cl[10685] = 1.045460e-09
Cl[10686] = 1.023781e-09
Cl[10687] = 1.023455e-09
Cl[10688] = 1.032796e-09
Cl[10689] = 1.025454e-09
Cl[10690] = 1.019099e-09
Cl[10691] = 1.036610e-09
Cl[10692] = 1.057072e-09
Cl[10693] = 1.050545e-09
Cl[10694] = 1.027977e-09
Cl[10695] = 1.021743e-09
Cl[10696] = 1.034621e-09
Cl[10697] = 1.044897e-09
Cl[10698] = 1.045675e-09
Cl[10699] = 1.036731e-09
Cl[10700] = 1.020320e-09
Cl[10701] = 1.017466e-09
Cl[10702] = 1.036607e-09
Cl[10703] = 1.047566e-09
Cl[10704] = 1.036695e-09
Cl[10705] = 1.028182e-09
Cl[10706] = 1.029468e-09
Cl[10707] = 1.020925e-09
Cl[10708] = 1.007217e-09
Cl[10709] = 1.008571e-09
Cl[10710] = 1.021563e-09
Cl[10711] = 1.028485e-09
Cl[10712] = 1.027486e-09
Cl[10713] = 1.024041e-09
Cl[10714] = 1.028179e-09
Cl[10715] = 1.046204e-09
Cl[10716] = 1.060042e-09
Cl[10717] = 1.048928e-09
Cl[10718] = 1.033852e-09
Cl[10719] = 1.035580e-09
Cl[10720] = 1.037082e-09
Cl[10721] = 1.030898e-09
Cl[10722] = 1.031682e-09
Cl[10723] = 1.035331e-09
Cl[10724] = 1.039530e-09
Cl[10725] = 1.053579e-09
Cl[10726] = 1.058767e-09
Cl[10727] = 1.041574e-09
Cl[10728] = 1.028362e-09
Cl[10729] = 1.032736e-09
Cl[10730] = 1.038032e-09
Cl[10731] = 1.034276e-09
Cl[10732] = 1.030094e-09
Cl[10733] = 1.036486e-09
Cl[10734] = 1.051567e-09
Cl[10735] = 1.053983e-09
Cl[10736] = 1.038724e-09
Cl[10737] = 1.031686e-09
Cl[10738] = 1.045098e-09
Cl[10739] = 1.054905e-09
Cl[10740] = 1.040418e-09
Cl[10741] = 1.016552e-09
Cl[10742] = 1.017488e-09
Cl[10743] = 1.035697e-09
Cl[10744] = 1.030327e-09
Cl[10745] = 1.010437e-09
Cl[10746] = 1.021363e-09
Cl[10747] = 1.044634e-09
Cl[10748] = 1.041794e-09
Cl[10749] = 1.031043e-09
Cl[10750] = 1.034573e-09
Cl[10751] = 1.037357e-09
Cl[10752] = 1.039840e-09
Cl[10753] = 1.048752e-09
Cl[10754] = 1.042294e-09
Cl[10755] = 1.021319e-09
Cl[10756] = 1.021264e-09
Cl[10757] = 1.036993e-09
Cl[10758] = 1.033125e-09
Cl[10759] = 1.021915e-09
Cl[10760] = 1.031888e-09
Cl[10761] = 1.040735e-09
Cl[10762] = 1.029491e-09
Cl[10763] = 1.019178e-09
Cl[10764] = 1.018303e-09
Cl[10765] = 1.015358e-09
Cl[10766] = 1.017124e-09
Cl[10767] = 1.024576e-09
Cl[10768] = 1.021092e-09
Cl[10769] = 1.012780e-09
Cl[10770] = 1.018875e-09
Cl[10771] = 1.026714e-09
Cl[10772] = 1.018159e-09
Cl[10773] = 1.012007e-09
Cl[10774] = 1.032119e-09
Cl[10775] = 1.050137e-09
Cl[10776] = 1.034616e-09
Cl[10777] = 1.020477e-09
Cl[10778] = 1.041247e-09
Cl[10779] = 1.057650e-09
Cl[10780] = 1.043604e-09
Cl[10781] = 1.029128e-09
Cl[10782] = 1.026136e-09
Cl[10783] = 1.021731e-09
Cl[10784] = 1.021929e-09
Cl[10785] = 1.025584e-09
Cl[10786] = 1.029074e-09
Cl[10787] = 1.039366e-09
Cl[10788] = 1.041194e-09
Cl[10789] = 1.022176e-09
Cl[10790] = 1.015307e-09
Cl[10791] = 1.035617e-09
Cl[10792] = 1.051788e-09
Cl[10793] = 1.045994e-09
Cl[10794] = 1.034140e-09
Cl[10795] = 1.034271e-09
Cl[10796] = 1.042030e-09
Cl[10797] = 1.039690e-09
Cl[10798] = 1.029515e-09
Cl[10799] = 1.029877e-09
Cl[10800] = 1.037797e-09
Cl[10801] = 1.043812e-09
Cl[10802] = 1.044690e-09
Cl[10803] = 1.028233e-09
Cl[10804] = 1.009256e-09
Cl[10805] = 1.021494e-09
Cl[10806] = 1.046736e-09
Cl[10807] = 1.045616e-09
Cl[10808] = 1.033570e-09
Cl[10809] = 1.035842e-09
Cl[10810] = 1.038773e-09
Cl[10811] = 1.031127e-09
Cl[10812] = 1.022949e-09
Cl[10813] = 1.024199e-09
Cl[10814] = 1.030775e-09
Cl[10815] = 1.034128e-09
Cl[10816] = 1.038873e-09
Cl[10817] = 1.044715e-09
Cl[10818] = 1.040142e-09
Cl[10819] = 1.035884e-09
Cl[10820] = 1.041223e-09
Cl[10821] = 1.037169e-09
Cl[10822] = 1.029702e-09
Cl[10823] = 1.040823e-09
Cl[10824] = 1.049865e-09
Cl[10825] = 1.035888e-09
Cl[10826] = 1.022504e-09
Cl[10827] = 1.021877e-09
Cl[10828] = 1.023915e-09
Cl[10829] = 1.022892e-09
Cl[10830] = 1.015989e-09
Cl[10831] = 1.017928e-09
Cl[10832] = 1.035911e-09
Cl[10833] = 1.041149e-09
Cl[10834] = 1.030267e-09
Cl[10835] = 1.034630e-09
Cl[10836] = 1.048701e-09
Cl[10837] = 1.050260e-09
Cl[10838] = 1.043590e-09
Cl[10839] = 1.027592e-09
Cl[10840] = 1.007747e-09
Cl[10841] = 1.010850e-09
Cl[10842] = 1.027697e-09
Cl[10843] = 1.026254e-09
Cl[10844] = 1.015216e-09
Cl[10845] = 1.017921e-09
Cl[10846] = 1.028274e-09
Cl[10847] = 1.029170e-09
Cl[10848] = 1.021671e-09
Cl[10849] = 1.024808e-09
Cl[10850] = 1.042337e-09
Cl[10851] = 1.050075e-09
Cl[10852] = 1.043087e-09
Cl[10853] = 1.040923e-09
Cl[10854] = 1.040307e-09
Cl[10855] = 1.031260e-09
Cl[10856] = 1.025396e-09
Cl[10857] = 1.023053e-09
Cl[10858] = 1.015322e-09
Cl[10859] = 1.013257e-09
Cl[10860] = 1.025899e-09
Cl[10861] = 1.037215e-09
Cl[10862] = 1.035102e-09
Cl[10863] = 1.033647e-09
Cl[10864] = 1.040898e-09
Cl[10865] = 1.039368e-09
Cl[10866] = 1.021543e-09
Cl[10867] = 1.007856e-09
Cl[10868] = 1.006094e-09
Cl[10869] = 1.002764e-09
Cl[10870] = 9.967078e-10
Cl[10871] = 9.958603e-10
Cl[10872] = 1.003746e-09
Cl[10873] = 1.021539e-09
Cl[10874] = 1.033081e-09
Cl[10875] = 1.028449e-09
Cl[10876] = 1.030637e-09
Cl[10877] = 1.044773e-09
Cl[10878] = 1.042426e-09
Cl[10879] = 1.029502e-09
Cl[10880] = 1.036536e-09
Cl[10881] = 1.054641e-09
Cl[10882] = 1.057540e-09
Cl[10883] = 1.044859e-09
Cl[10884] = 1.035210e-09
Cl[10885] = 1.038588e-09
Cl[10886] = 1.047780e-09
Cl[10887] = 1.047930e-09
Cl[10888] = 1.038565e-09
Cl[10889] = 1.030427e-09
Cl[10890] = 1.029944e-09
Cl[10891] = 1.028974e-09
Cl[10892] = 1.014191e-09
Cl[10893] = 9.977046e-10
Cl[10894] = 1.003066e-09
Cl[10895] = 1.014941e-09
Cl[10896] = 1.010744e-09
Cl[10897] = 1.007436e-09
Cl[10898] = 1.021097e-09
Cl[10899] = 1.032997e-09
Cl[10900] = 1.031125e-09
Cl[10901] = 1.021098e-09
Cl[10902] = 1.011567e-09
Cl[10903] = 1.009899e-09
Cl[10904] = 1.015587e-09
Cl[10905] = 1.020232e-09
Cl[10906] = 1.025478e-09
Cl[10907] = 1.035622e-09
Cl[10908] = 1.044913e-09
Cl[10909] = 1.042467e-09
Cl[10910] = 1.032308e-09
Cl[10911] = 1.034387e-09
Cl[10912] = 1.046633e-09
Cl[10913] = 1.040627e-09
Cl[10914] = 1.018288e-09
Cl[10915] = 1.013976e-09
Cl[10916] = 1.029598e-09
Cl[10917] = 1.038537e-09
Cl[10918] = 1.032899e-09
Cl[10919] = 1.027909e-09
Cl[10920] = 1.034201e-09
Cl[10921] = 1.037854e-09
Cl[10922] = 1.024216e-09
Cl[10923] = 1.014233e-09
Cl[10924] = 1.030773e-09
Cl[10925] = 1.049839e-09
Cl[10926] = 1.048345e-09
Cl[10927] = 1.034166e-09
Cl[10928] = 1.020754e-09
Cl[10929] = 1.023233e-09
Cl[10930] = 1.042691e-09
Cl[10931] = 1.047281e-09
Cl[10932] = 1.032862e-09
Cl[10933] = 1.038920e-09
Cl[10934] = 1.058542e-09
Cl[10935] = 1.050288e-09
Cl[10936] = 1.026148e-09
Cl[10937] = 1.023206e-09
Cl[10938] = 1.036674e-09
Cl[10939] = 1.040627e-09
Cl[10940] = 1.031900e-09
Cl[10941] = 1.027567e-09
Cl[10942] = 1.031944e-09
Cl[10943] = 1.027273e-09
Cl[10944] = 1.013623e-09
Cl[10945] = 1.011314e-09
Cl[10946] = 1.024022e-09
Cl[10947] = 1.039543e-09
Cl[10948] = 1.050299e-09
Cl[10949] = 1.045115e-09
Cl[10950] = 1.026195e-09
Cl[10951] = 1.016496e-09
Cl[10952] = 1.023161e-09
Cl[10953] = 1.032279e-09
Cl[10954] = 1.044021e-09
Cl[10955] = 1.060241e-09
Cl[10956] = 1.063857e-09
Cl[10957] = 1.048474e-09
Cl[10958] = 1.036459e-09
Cl[10959] = 1.041592e-09
Cl[10960] = 1.048151e-09
Cl[10961] = 1.040145e-09
Cl[10962] = 1.026372e-09
Cl[10963] = 1.021778e-09
Cl[10964] = 1.022617e-09
Cl[10965] = 1.014317e-09
Cl[10966] = 1.002548e-09
Cl[10967] = 1.005309e-09
Cl[10968] = 1.018754e-09
Cl[10969] = 1.021880e-09
Cl[10970] = 1.018275e-09
Cl[10971] = 1.021653e-09
Cl[10972] = 1.027038e-09
Cl[10973] = 1.031529e-09
Cl[10974] = 1.040829e-09
Cl[10975] = 1.043757e-09
Cl[10976] = 1.032798e-09
Cl[10977] = 1.025019e-09
Cl[10978] = 1.026893e-09
Cl[10979] = 1.024127e-09
Cl[10980] = 1.015133e-09
Cl[10981] = 1.006938e-09
Cl[10982] = 1.003097e-09
Cl[10983] = 1.006513e-09
Cl[10984] = 1.013826e-09
Cl[10985] = 1.012008e-09
Cl[10986] = 1.004513e-09
Cl[10987] = 1.010571e-09
Cl[10988] = 1.027498e-09
Cl[10989] = 1.029296e-09
Cl[10990] = 1.016847e-09
Cl[10991] = 1.015531e-09
Cl[10992] = 1.020853e-09
Cl[10993] = 1.012919e-09
Cl[10994] = 1.005531e-09
Cl[10995] = 1.007561e-09
Cl[10996] = 9.983779e-10
Cl[10997] = 9.823136e-10
Cl[10998] = 9.857758e-10
Cl[10999] = 9.965811e-10
Cl[11000] = 9.964900e-10
Cl[11001] = 9.966376e-10
Cl[11002] = 1.005880e-09
Cl[11003] = 1.015007e-09
Cl[11004] = 1.017765e-09
Cl[11005] = 1.012458e-09
Cl[11006] = 1.010644e-09
Cl[11007] = 1.023262e-09
Cl[11008] = 1.030597e-09
Cl[11009] = 1.007468e-09
Cl[11010] = 9.785016e-10
Cl[11011] = 9.822763e-10
Cl[11012] = 1.000982e-09
Cl[11013] = 9.971237e-10
Cl[11014] = 9.860696e-10
Cl[11015] = 9.921122e-10
Cl[11016] = 9.923418e-10
Cl[11017] = 9.736869e-10
Cl[11018] = 9.710612e-10
Cl[11019] = 9.900705e-10
Cl[11020] = 9.962896e-10
Cl[11021] = 9.860148e-10
Cl[11022] = 9.822846e-10
Cl[11023] = 9.887234e-10
Cl[11024] = 9.959521e-10
Cl[11025] = 9.958727e-10
Cl[11026] = 9.911037e-10
Cl[11027] = 9.942847e-10
Cl[11028] = 1.002917e-09
Cl[11029] = 1.004202e-09
Cl[11030] = 9.994029e-10
Cl[11031] = 9.927844e-10
Cl[11032] = 9.893136e-10
Cl[11033] = 9.946016e-10
Cl[11034] = 9.985719e-10
Cl[11035] = 9.930362e-10
Cl[11036] = 9.972267e-10
Cl[11037] = 1.015312e-09
Cl[11038] = 1.023105e-09
Cl[11039] = 1.008606e-09
Cl[11040] = 9.851310e-10
Cl[11041] = 9.803001e-10
Cl[11042] = 1.004323e-09
Cl[11043] = 1.017368e-09
Cl[11044] = 9.983003e-10
Cl[11045] = 9.871936e-10
Cl[11046] = 9.984705e-10
Cl[11047] = 9.985753e-10
Cl[11048] = 9.941642e-10
Cl[11049] = 1.009811e-09
Cl[11050] = 1.022872e-09
Cl[11051] = 1.015005e-09
Cl[11052] = 1.009496e-09
Cl[11053] = 1.018564e-09
Cl[11054] = 1.028150e-09
Cl[11055] = 1.026176e-09
Cl[11056] = 1.016266e-09
Cl[11057] = 1.009341e-09
Cl[11058] = 1.008335e-09
Cl[11059] = 1.007226e-09
Cl[11060] = 1.002138e-09
Cl[11061] = 9.945390e-10
Cl[11062] = 9.926239e-10
Cl[11063] = 9.982487e-10
Cl[11064] = 9.984990e-10
Cl[11065] = 9.876896e-10
Cl[11066] = 9.851557e-10
Cl[11067] = 9.948445e-10
Cl[11068] = 9.894726e-10
Cl[11069] = 9.653365e-10
Cl[11070] = 9.614853e-10
Cl[11071] = 9.918555e-10
Cl[11072] = 1.010709e-09
Cl[11073] = 9.927927e-10
Cl[11074] = 9.827678e-10
Cl[11075] = 1.003383e-09
Cl[11076] = 1.013620e-09
Cl[11077] = 9.924659e-10
Cl[11078] = 9.722170e-10
Cl[11079] = 9.739943e-10
Cl[11080] = 9.882667e-10
Cl[11081] = 9.920522e-10
Cl[11082] = 9.752785e-10
Cl[11083] = 9.659004e-10
Cl[11084] = 9.841735e-10
Cl[11085] = 9.965639e-10
Cl[11086] = 9.827831e-10
Cl[11087] = 9.769931e-10
Cl[11088] = 1.003295e-09
Cl[11089] = 1.033629e-09
Cl[11090] = 1.026483e-09
Cl[11091] = 9.855849e-10
Cl[11092] = 9.658469e-10
Cl[11093] = 9.855188e-10
Cl[11094] = 9.984439e-10
Cl[11095] = 9.819775e-10
Cl[11096] = 9.691215e-10
Cl[11097] = 9.735465e-10
Cl[11098] = 9.792044e-10
Cl[11099] = 9.817846e-10
Cl[11100] = 9.879136e-10
Cl[11101] = 9.947283e-10
Cl[11102] = 9.883246e-10
Cl[11103] = 9.720656e-10
Cl[11104] = 9.751086e-10
Cl[11105] = 9.959859e-10
Cl[11106] = 9.954502e-10
Cl[11107] = 9.723602e-10
Cl[11108] = 9.660083e-10
Cl[11109] = 9.807399e-10
Cl[11110] = 9.898972e-10
Cl[11111] = 9.842359e-10
Cl[11112] = 9.730379e-10
Cl[11113] = 9.705650e-10
Cl[11114] = 9.828129e-10
Cl[11115] = 9.922247e-10
Cl[11116] = 9.801382e-10
Cl[11117] = 9.620091e-10
Cl[11118] = 9.665727e-10
Cl[11119] = 9.845841e-10
Cl[11120] = 9.850022e-10
Cl[11121] = 9.785704e-10
Cl[11122] = 9.938602e-10
Cl[11123] = 1.009501e-09
Cl[11124] = 9.984960e-10
Cl[11125] = 9.846998e-10
Cl[11126] = 9.895409e-10
Cl[11127] = 9.971946e-10
Cl[11128] = 9.951038e-10
Cl[11129] = 9.871729e-10
Cl[11130] = 9.805731e-10
Cl[11131] = 9.824580e-10
Cl[11132] = 9.842348e-10
Cl[11133] = 9.776994e-10
Cl[11134] = 9.744414e-10
Cl[11135] = 9.767665e-10
Cl[11136] = 9.733496e-10
Cl[11137] = 9.724693e-10
Cl[11138] = 9.839858e-10
Cl[11139] = 9.931312e-10
Cl[11140] = 9.840096e-10
Cl[11141] = 9.637874e-10
Cl[11142] = 9.593875e-10
Cl[11143] = 9.756157e-10
Cl[11144] = 9.841212e-10
Cl[11145] = 9.761703e-10
Cl[11146] = 9.745706e-10
Cl[11147] = 9.828827e-10
Cl[11148] = 9.891498e-10
Cl[11149] = 9.894240e-10
Cl[11150] = 9.803149e-10
Cl[11151] = 9.696497e-10
Cl[11152] = 9.699367e-10
Cl[11153] = 9.720183e-10
Cl[11154] = 9.717771e-10
Cl[11155] = 9.825537e-10
Cl[11156] = 9.930830e-10
Cl[11157] = 9.884097e-10
Cl[11158] = 9.853069e-10
Cl[11159] = 9.933388e-10
Cl[11160] = 9.999418e-10
Cl[11161] = 9.975669e-10
Cl[11162] = 9.933843e-10
Cl[11163] = 1.000072e-09
Cl[11164] = 1.011940e-09
Cl[11165] = 1.004020e-09
Cl[11166] = 9.817809e-10
Cl[11167] = 9.718056e-10
Cl[11168] = 9.747209e-10
Cl[11169] = 9.788912e-10
Cl[11170] = 9.781923e-10
Cl[11171] = 9.661323e-10
Cl[11172] = 9.628201e-10
Cl[11173] = 9.805327e-10
Cl[11174] = 9.855678e-10
Cl[11175] = 9.706745e-10
Cl[11176] = 9.698780e-10
Cl[11177] = 9.750860e-10
Cl[11178] = 9.656744e-10
Cl[11179] = 9.592682e-10
Cl[11180] = 9.661866e-10
Cl[11181] = 9.772177e-10
Cl[11182] = 9.868896e-10
Cl[11183] = 9.817080e-10
Cl[11184] = 9.682160e-10
Cl[11185] = 9.694897e-10
Cl[11186] = 9.712386e-10
Cl[11187] = 9.596729e-10
Cl[11188] = 9.640245e-10
Cl[11189] = 9.888859e-10
Cl[11190] = 1.002771e-09
Cl[11191] = 9.980254e-10
Cl[11192] = 9.908892e-10
Cl[11193] = 9.957059e-10
Cl[11194] = 1.012297e-09
Cl[11195] = 1.014754e-09
Cl[11196] = 9.945984e-10
Cl[11197] = 9.857005e-10
Cl[11198] = 1.001200e-09
Cl[11199] = 1.009403e-09
Cl[11200] = 9.948843e-10
Cl[11201] = 9.785295e-10
Cl[11202] = 9.840676e-10
Cl[11203] = 1.000682e-09
Cl[11204] = 9.968967e-10
Cl[11205] = 9.794226e-10
Cl[11206] = 9.862440e-10
Cl[11207] = 1.008966e-09
Cl[11208] = 1.004994e-09
Cl[11209] = 9.872025e-10
Cl[11210] = 1.000386e-09
Cl[11211] = 1.025835e-09
Cl[11212] = 1.016191e-09
Cl[11213] = 9.852099e-10
Cl[11214] = 9.781848e-10
Cl[11215] = 9.849932e-10
Cl[11216] = 9.749450e-10
Cl[11217] = 9.645564e-10
Cl[11218] = 9.753635e-10
Cl[11219] = 9.868887e-10
Cl[11220] = 9.837753e-10
Cl[11221] = 9.809734e-10
Cl[11222] = 9.870069e-10
Cl[11223] = 9.880184e-10
Cl[11224] = 9.746423e-10
Cl[11225] = 9.591146e-10
Cl[11226] = 9.590664e-10
Cl[11227] = 9.706880e-10
Cl[11228] = 9.763809e-10
Cl[11229] = 9.741893e-10
Cl[11230] = 9.721514e-10
Cl[11231] = 9.719935e-10
Cl[11232] = 9.685800e-10
Cl[11233] = 9.614772e-10
Cl[11234] = 9.628372e-10
Cl[11235] = 9.707882e-10
Cl[11236] = 9.656639e-10
Cl[11237] = 9.481751e-10
Cl[11238] = 9.430191e-10
Cl[11239] = 9.504550e-10
Cl[11240] = 9.547784e-10
Cl[11241] = 9.535053e-10
Cl[11242] = 9.489761e-10
Cl[11243] = 9.438869e-10
Cl[11244] = 9.474883e-10
Cl[11245] = 9.582527e-10
Cl[11246] = 9.710980e-10
Cl[11247] = 9.851093e-10
Cl[11248] = 9.880684e-10
Cl[11249] = 9.752818e-10
Cl[11250] = 9.632500e-10
Cl[11251] = 9.602614e-10
Cl[11252] = 9.609196e-10
Cl[11253] = 9.635881e-10
Cl[11254] = 9.625172e-10
Cl[11255] = 9.550963e-10
Cl[11256] = 9.512617e-10
Cl[11257] = 9.526722e-10
Cl[11258] = 9.587123e-10
Cl[11259] = 9.701986e-10
Cl[11260] = 9.751094e-10
Cl[11261] = 9.685748e-10
Cl[11262] = 9.673522e-10
Cl[11263] = 9.718209e-10
Cl[11264] = 9.703926e-10
Cl[11265] = 9.644448e-10
Cl[11266] = 9.567550e-10
Cl[11267] = 9.516441e-10
Cl[11268] = 9.574818e-10
Cl[11269] = 9.603673e-10
Cl[11270] = 9.481609e-10
Cl[11271] = 9.423374e-10
Cl[11272] = 9.512080e-10
Cl[11273] = 9.533646e-10
Cl[11274] = 9.456155e-10
Cl[11275] = 9.458483e-10
Cl[11276] = 9.594489e-10
Cl[11277] = 9.717811e-10
Cl[11278] = 9.683884e-10
Cl[11279] = 9.564715e-10
Cl[11280] = 9.570388e-10
Cl[11281] = 9.672383e-10
Cl[11282] = 9.704005e-10
Cl[11283] = 9.693609e-10
Cl[11284] = 9.715783e-10
Cl[11285] = 9.694732e-10
Cl[11286] = 9.595123e-10
Cl[11287] = 9.463379e-10
Cl[11288] = 9.382376e-10
Cl[11289] = 9.439476e-10
Cl[11290] = 9.544952e-10
Cl[11291] = 9.482782e-10
Cl[11292] = 9.361281e-10
Cl[11293] = 9.463226e-10
Cl[11294] = 9.646984e-10
Cl[11295] = 9.593390e-10
Cl[11296] = 9.475939e-10
Cl[11297] = 9.550714e-10
Cl[11298] = 9.603460e-10
Cl[11299] = 9.486963e-10
Cl[11300] = 9.468533e-10
Cl[11301] = 9.645958e-10
Cl[11302] = 9.730694e-10
Cl[11303] = 9.550452e-10
Cl[11304] = 9.327656e-10
Cl[11305] = 9.367880e-10
Cl[11306] = 9.618451e-10
Cl[11307] = 9.695989e-10
Cl[11308] = 9.498516e-10
Cl[11309] = 9.353913e-10
Cl[11310] = 9.426238e-10
Cl[11311] = 9.509576e-10
Cl[11312] = 9.470336e-10
Cl[11313] = 9.434147e-10
Cl[11314] = 9.538287e-10
Cl[11315] = 9.624984e-10
Cl[11316] = 9.476396e-10
Cl[11317] = 9.311954e-10
Cl[11318] = 9.415345e-10
Cl[11319] = 9.548225e-10
Cl[11320] = 9.454891e-10
Cl[11321] = 9.351272e-10
Cl[11322] = 9.348763e-10
Cl[11323] = 9.274641e-10
Cl[11324] = 9.219518e-10
Cl[11325] = 9.316384e-10
Cl[11326] = 9.403416e-10
Cl[11327] = 9.401337e-10
Cl[11328] = 9.509328e-10
Cl[11329] = 9.735016e-10
Cl[11330] = 9.790559e-10
Cl[11331] = 9.586296e-10
Cl[11332] = 9.505694e-10
Cl[11333] = 9.731569e-10
Cl[11334] = 9.884863e-10
Cl[11335] = 9.739024e-10
Cl[11336] = 9.605075e-10
Cl[11337] = 9.678237e-10
Cl[11338] = 9.800966e-10
Cl[11339] = 9.798132e-10
Cl[11340] = 9.666741e-10
Cl[11341] = 9.605566e-10
Cl[11342] = 9.764777e-10
Cl[11343] = 9.905097e-10
Cl[11344] = 9.792802e-10
Cl[11345] = 9.633225e-10
Cl[11346] = 9.611158e-10
Cl[11347] = 9.572756e-10
Cl[11348] = 9.496391e-10
Cl[11349] = 9.560628e-10
Cl[11350] = 9.706791e-10
Cl[11351] = 9.679566e-10
Cl[11352] = 9.501600e-10
Cl[11353] = 9.479424e-10
Cl[11354] = 9.666493e-10
Cl[11355] = 9.729400e-10
Cl[11356] = 9.532858e-10
Cl[11357] = 9.385177e-10
Cl[11358] = 9.474350e-10
Cl[11359] = 9.581510e-10
Cl[11360] = 9.533074e-10
Cl[11361] = 9.471358e-10
Cl[11362] = 9.516499e-10
Cl[11363] = 9.522485e-10
Cl[11364] = 9.436124e-10
Cl[11365] = 9.455991e-10
Cl[11366] = 9.619321e-10
Cl[11367] = 9.673359e-10
Cl[11368] = 9.580011e-10
Cl[11369] = 9.583109e-10
Cl[11370] = 9.700975e-10
Cl[11371] = 9.687749e-10
Cl[11372] = 9.519084e-10
Cl[11373] = 9.414002e-10
Cl[11374] = 9.444279e-10
Cl[11375] = 9.492285e-10
Cl[11376] = 9.509141e-10
Cl[11377] = 9.526696e-10
Cl[11378] = 9.506694e-10
Cl[11379] = 9.459408e-10
Cl[11380] = 9.478998e-10
Cl[11381] = 9.570581e-10
Cl[11382] = 9.636729e-10
Cl[11383] = 9.630161e-10
Cl[11384] = 9.575652e-10
Cl[11385] = 9.534535e-10
Cl[11386] = 9.555412e-10
Cl[11387] = 9.596875e-10
Cl[11388] = 9.577391e-10
Cl[11389] = 9.500712e-10
Cl[11390] = 9.484995e-10
Cl[11391] = 9.548766e-10
Cl[11392] = 9.500431e-10
Cl[11393] = 9.292048e-10
Cl[11394] = 9.265367e-10
Cl[11395] = 9.487783e-10
Cl[11396] = 9.541199e-10
Cl[11397] = 9.330260e-10
Cl[11398] = 9.250398e-10
Cl[11399] = 9.391092e-10
Cl[11400] = 9.471839e-10
Cl[11401] = 9.398534e-10
Cl[11402] = 9.342023e-10
Cl[11403] = 9.397767e-10
Cl[11404] = 9.438181e-10
Cl[11405] = 9.351034e-10
Cl[11406] = 9.308037e-10
Cl[11407] = 9.426099e-10
Cl[11408] = 9.482781e-10
Cl[11409] = 9.370772e-10
Cl[11410] = 9.260561e-10
Cl[11411] = 9.274090e-10
Cl[11412] = 9.376794e-10
Cl[11413] = 9.424826e-10
Cl[11414] = 9.337794e-10
Cl[11415] = 9.305760e-10
Cl[11416] = 9.389153e-10
Cl[11417] = 9.337690e-10
Cl[11418] = 9.259817e-10
Cl[11419] = 9.369170e-10
Cl[11420] = 9.410871e-10
Cl[11421] = 9.276770e-10
Cl[11422] = 9.350759e-10
Cl[11423] = 9.611121e-10
Cl[11424] = 9.654592e-10
Cl[11425] = 9.499514e-10
Cl[11426] = 9.440695e-10
Cl[11427] = 9.557091e-10
Cl[11428] = 9.697966e-10
Cl[11429] = 9.663625e-10
Cl[11430] = 9.523536e-10
Cl[11431] = 9.544160e-10
Cl[11432] = 9.662519e-10
Cl[11433] = 9.595916e-10
Cl[11434] = 9.391748e-10
Cl[11435] = 9.274895e-10
Cl[11436] = 9.308022e-10
Cl[11437] = 9.361963e-10
Cl[11438] = 9.273949e-10
Cl[11439] = 9.106223e-10
Cl[11440] = 9.110985e-10
Cl[11441] = 9.277379e-10
Cl[11442] = 9.335252e-10
Cl[11443] = 9.266849e-10
Cl[11444] = 9.260209e-10
Cl[11445] = 9.265996e-10
Cl[11446] = 9.202083e-10
Cl[11447] = 9.226834e-10
Cl[11448] = 9.349513e-10
Cl[11449] = 9.345587e-10
Cl[11450] = 9.262645e-10
Cl[11451] = 9.339008e-10
Cl[11452] = 9.520180e-10
Cl[11453] = 9.591302e-10
Cl[11454] = 9.523929e-10
Cl[11455] = 9.431474e-10
Cl[11456] = 9.428726e-10
Cl[11457] = 9.458526e-10
Cl[11458] = 9.371219e-10
Cl[11459] = 9.273674e-10
Cl[11460] = 9.308057e-10
Cl[11461] = 9.300737e-10
Cl[11462] = 9.253569e-10
Cl[11463] = 9.368386e-10
Cl[11464] = 9.415485e-10
Cl[11465] = 9.182383e-10
Cl[11466] = 9.015259e-10
Cl[11467] = 9.074362e-10
Cl[11468] = 9.157997e-10
Cl[11469] = 9.264551e-10
Cl[11470] = 9.416980e-10
Cl[11471] = 9.430755e-10
Cl[11472] = 9.346281e-10
Cl[11473] = 9.333771e-10
Cl[11474] = 9.359679e-10
Cl[11475] = 9.379745e-10
Cl[11476] = 9.387178e-10
Cl[11477] = 9.271648e-10
Cl[11478] = 9.094390e-10
Cl[11479] = 9.077121e-10
Cl[11480] = 9.218258e-10
Cl[11481] = 9.259098e-10
Cl[11482] = 9.170867e-10
Cl[11483] = 9.246305e-10
Cl[11484] = 9.525293e-10
Cl[11485] = 9.621221e-10
Cl[11486] = 9.450726e-10
Cl[11487] = 9.421069e-10
Cl[11488] = 9.642718e-10
Cl[11489] = 9.741066e-10
Cl[11490] = 9.547734e-10
Cl[11491] = 9.334456e-10
Cl[11492] = 9.386188e-10
Cl[11493] = 9.521893e-10
Cl[11494] = 9.425105e-10
Cl[11495] = 9.245995e-10
Cl[11496] = 9.297778e-10
Cl[11497] = 9.429117e-10
Cl[11498] = 9.390088e-10
Cl[11499] = 9.247121e-10
Cl[11500] = 9.147468e-10
Cl[11501] = 9.110528e-10
Cl[11502] = 9.110165e-10
Cl[11503] = 9.132477e-10
Cl[11504] = 9.195420e-10
Cl[11505] = 9.192430e-10
Cl[11506] = 9.070235e-10
Cl[11507] = 9.078891e-10
Cl[11508] = 9.274681e-10
Cl[11509] = 9.312160e-10
Cl[11510] = 9.199970e-10
Cl[11511] = 9.249563e-10
Cl[11512] = 9.371741e-10
Cl[11513] = 9.331641e-10
Cl[11514] = 9.197034e-10
Cl[11515] = 9.131392e-10
Cl[11516] = 9.233365e-10
Cl[11517] = 9.366763e-10
Cl[11518] = 9.270956e-10
Cl[11519] = 9.144014e-10
Cl[11520] = 9.287146e-10
Cl[11521] = 9.405806e-10
Cl[11522] = 9.286011e-10
Cl[11523] = 9.251228e-10
Cl[11524] = 9.413288e-10
Cl[11525] = 9.495109e-10
Cl[11526] = 9.399867e-10
Cl[11527] = 9.299298e-10
Cl[11528] = 9.375900e-10
Cl[11529] = 9.551753e-10
Cl[11530] = 9.517675e-10
Cl[11531] = 9.306325e-10
Cl[11532] = 9.308903e-10
Cl[11533] = 9.442660e-10
Cl[11534] = 9.381733e-10
Cl[11535] = 9.288169e-10
Cl[11536] = 9.361504e-10
Cl[11537] = 9.358030e-10
Cl[11538] = 9.171375e-10
Cl[11539] = 9.113324e-10
Cl[11540] = 9.260875e-10
Cl[11541] = 9.313164e-10
Cl[11542] = 9.210236e-10
Cl[11543] = 9.178630e-10
Cl[11544] = 9.242760e-10
Cl[11545] = 9.278186e-10
Cl[11546] = 9.272921e-10
Cl[11547] = 9.251429e-10
Cl[11548] = 9.289217e-10
Cl[11549] = 9.411911e-10
Cl[11550] = 9.411841e-10
Cl[11551] = 9.257695e-10
Cl[11552] = 9.297390e-10
Cl[11553] = 9.526446e-10
Cl[11554] = 9.561474e-10
Cl[11555] = 9.380005e-10
Cl[11556] = 9.247965e-10
Cl[11557] = 9.246567e-10
Cl[11558] = 9.288864e-10
Cl[11559] = 9.268266e-10
Cl[11560] = 9.211625e-10
Cl[11561] = 9.266770e-10
Cl[11562] = 9.339468e-10
Cl[11563] = 9.297743e-10
Cl[11564] = 9.270326e-10
Cl[11565] = 9.274584e-10
Cl[11566] = 9.228396e-10
Cl[11567] = 9.285169e-10
Cl[11568] = 9.441800e-10
Cl[11569] = 9.416773e-10
Cl[11570] = 9.250567e-10
Cl[11571] = 9.195342e-10
Cl[11572] = 9.248697e-10
Cl[11573] = 9.250314e-10
Cl[11574] = 9.134572e-10
Cl[11575] = 8.996815e-10
Cl[11576] = 8.980103e-10
Cl[11577] = 9.022728e-10
Cl[11578] = 9.030077e-10
Cl[11579] = 9.087273e-10
Cl[11580] = 9.189647e-10
Cl[11581] = 9.197888e-10
Cl[11582] = 9.166355e-10
Cl[11583] = 9.195845e-10
Cl[11584] = 9.263134e-10
Cl[11585] = 9.300179e-10
Cl[11586] = 9.266884e-10
Cl[11587] = 9.231025e-10
Cl[11588] = 9.273622e-10
Cl[11589] = 9.251332e-10
Cl[11590] = 9.072113e-10
Cl[11591] = 8.967904e-10
Cl[11592] = 9.057352e-10
Cl[11593] = 9.147830e-10
Cl[11594] = 9.137489e-10
Cl[11595] = 9.077586e-10
Cl[11596] = 9.042146e-10
Cl[11597] = 9.062019e-10
Cl[11598] = 9.090094e-10
Cl[11599] = 9.123275e-10
Cl[11600] = 9.213293e-10
Cl[11601] = 9.245611e-10
Cl[11602] = 9.208185e-10
Cl[11603] = 9.281063e-10
Cl[11604] = 9.380952e-10
Cl[11605] = 9.300064e-10
Cl[11606] = 9.180829e-10
Cl[11607] = 9.159016e-10
Cl[11608] = 9.166695e-10
Cl[11609] = 9.152478e-10
Cl[11610] = 9.109197e-10
Cl[11611] = 9.068596e-10
Cl[11612] = 9.124394e-10
Cl[11613] = 9.158629e-10
Cl[11614] = 9.053154e-10
Cl[11615] = 9.055851e-10
Cl[11616] = 9.214108e-10
Cl[11617] = 9.179978e-10
Cl[11618] = 8.968117e-10
Cl[11619] = 8.951902e-10
Cl[11620] = 9.113683e-10
Cl[11621] = 9.211363e-10
Cl[11622] = 9.222238e-10
Cl[11623] = 9.167887e-10
Cl[11624] = 9.094075e-10
Cl[11625] = 9.112297e-10
Cl[11626] = 9.168809e-10
Cl[11627] = 9.097839e-10
Cl[11628] = 8.975891e-10
Cl[11629] = 8.946724e-10
Cl[11630] = 8.992970e-10
Cl[11631] = 9.057735e-10
Cl[11632] = 9.100581e-10
Cl[11633] = 9.073848e-10
Cl[11634] = 9.013406e-10
Cl[11635] = 8.996050e-10
Cl[11636] = 9.007441e-10
Cl[11637] = 9.038877e-10
Cl[11638] = 9.083618e-10
Cl[11639] = 9.082097e-10
Cl[11640] = 9.068850e-10
Cl[11641] = 9.099333e-10
Cl[11642] = 9.094249e-10
Cl[11643] = 9.083568e-10
Cl[11644] = 9.147271e-10
Cl[11645] = 9.133027e-10
Cl[11646] = 9.051405e-10
Cl[11647] = 9.173996e-10
Cl[11648] = 9.380658e-10
Cl[11649] = 9.271431e-10
Cl[11650] = 9.020157e-10
Cl[11651] = 9.052266e-10
Cl[11652] = 9.243936e-10
Cl[11653] = 9.227261e-10
Cl[11654] = 9.062318e-10
Cl[11655] = 9.014230e-10
Cl[11656] = 9.051997e-10
Cl[11657] = 9.039359e-10
Cl[11658] = 9.056431e-10
Cl[11659] = 9.104530e-10
Cl[11660] = 9.031091e-10
Cl[11661] = 8.970309e-10
Cl[11662] = 9.140789e-10
Cl[11663] = 9.292815e-10
Cl[11664] = 9.167698e-10
Cl[11665] = 9.012416e-10
Cl[11666] = 9.104730e-10
Cl[11667] = 9.298726e-10
Cl[11668] = 9.331438e-10
Cl[11669] = 9.190344e-10
Cl[11670] = 9.097924e-10
Cl[11671] = 9.209536e-10
Cl[11672] = 9.354013e-10
Cl[11673] = 9.276229e-10
Cl[11674] = 9.057242e-10
Cl[11675] = 8.983909e-10
Cl[11676] = 9.089080e-10
Cl[11677] = 9.147833e-10
Cl[11678] = 9.116696e-10
Cl[11679] = 9.140235e-10
Cl[11680] = 9.140442e-10
Cl[11681] = 9.027493e-10
Cl[11682] = 9.023958e-10
Cl[11683] = 9.138086e-10
Cl[11684] = 9.067712e-10
Cl[11685] = 8.904130e-10
Cl[11686] = 8.906582e-10
Cl[11687] = 8.916335e-10
Cl[11688] = 8.877563e-10
Cl[11689] = 8.987788e-10
Cl[11690] = 9.126261e-10
Cl[11691] = 9.093664e-10
Cl[11692] = 9.035558e-10
Cl[11693] = 9.046692e-10
Cl[11694] = 9.011200e-10
Cl[11695] = 8.961357e-10
Cl[11696] = 8.970328e-10
Cl[11697] = 9.005818e-10
Cl[11698] = 9.062864e-10
Cl[11699] = 9.109949e-10
Cl[11700] = 9.082607e-10
Cl[11701] = 9.009729e-10
Cl[11702] = 9.032490e-10
Cl[11703] = 9.177480e-10
Cl[11704] = 9.253690e-10
Cl[11705] = 9.171029e-10
Cl[11706] = 9.149143e-10
Cl[11707] = 9.272502e-10
Cl[11708] = 9.304874e-10
Cl[11709] = 9.172966e-10
Cl[11710] = 9.067672e-10
Cl[11711] = 9.044445e-10
Cl[11712] = 9.022459e-10
Cl[11713] = 9.010696e-10
Cl[11714] = 9.050269e-10
Cl[11715] = 9.080937e-10
Cl[11716] = 9.062445e-10
Cl[11717] = 9.058391e-10
Cl[11718] = 9.094921e-10
Cl[11719] = 9.061735e-10
Cl[11720] = 8.959258e-10
Cl[11721] = 8.983996e-10
Cl[11722] = 9.127340e-10
Cl[11723] = 9.127504e-10
Cl[11724] = 8.953373e-10
Cl[11725] = 8.857961e-10
Cl[11726] = 8.936831e-10
Cl[11727] = 8.971744e-10
Cl[11728] = 8.823992e-10
Cl[11729] = 8.706254e-10
Cl[11730] = 8.820450e-10
Cl[11731] = 8.919858e-10
Cl[11732] = 8.793307e-10
Cl[11733] = 8.735605e-10
Cl[11734] = 8.969505e-10
Cl[11735] = 9.112930e-10
Cl[11736] = 8.892934e-10
Cl[11737] = 8.720474e-10
Cl[11738] = 8.925439e-10
Cl[11739] = 9.114544e-10
Cl[11740] = 8.975259e-10
Cl[11741] = 8.854444e-10
Cl[11742] = 8.942727e-10
Cl[11743] = 8.958700e-10
Cl[11744] = 8.897278e-10
Cl[11745] = 8.937676e-10
Cl[11746] = 8.939468e-10
Cl[11747] = 8.877427e-10
Cl[11748] = 8.944825e-10
Cl[11749] = 9.069597e-10
Cl[11750] = 9.102582e-10
Cl[11751] = 9.052980e-10
Cl[11752] = 8.921869e-10
Cl[11753] = 8.830475e-10
Cl[11754] = 8.894594e-10
Cl[11755] = 8.893103e-10
Cl[11756] = 8.764906e-10
Cl[11757] = 8.774093e-10
Cl[11758] = 8.929588e-10
Cl[11759] = 9.026383e-10
Cl[11760] = 9.066853e-10
Cl[11761] = 9.042528e-10
Cl[11762] = 8.932092e-10
Cl[11763] = 8.873597e-10
Cl[11764] = 8.930466e-10
Cl[11765] = 8.981762e-10
Cl[11766] = 8.917557e-10
Cl[11767] = 8.785167e-10
Cl[11768] = 8.814803e-10
Cl[11769] = 9.003290e-10
Cl[11770] = 9.005412e-10
Cl[11771] = 8.839121e-10
Cl[11772] = 8.926249e-10
Cl[11773] = 9.198102e-10
Cl[11774] = 9.239224e-10
Cl[11775] = 9.061138e-10
Cl[11776] = 8.942132e-10
Cl[11777] = 8.922441e-10
Cl[11778] = 8.900746e-10
Cl[11779] = 8.867660e-10
Cl[11780] = 8.935124e-10
Cl[11781] = 9.074753e-10
Cl[11782] = 9.046077e-10
Cl[11783] = 8.897390e-10
Cl[11784] = 8.960732e-10
Cl[11785] = 9.127813e-10
Cl[11786] = 9.050642e-10
Cl[11787] = 8.890412e-10
Cl[11788] = 8.999433e-10
Cl[11789] = 9.188184e-10
Cl[11790] = 9.075623e-10
Cl[11791] = 8.826705e-10
Cl[11792] = 8.869225e-10
Cl[11793] = 9.098666e-10
Cl[11794] = 9.135166e-10
Cl[11795] = 9.006657e-10
Cl[11796] = 8.947209e-10
Cl[11797] = 8.931975e-10
Cl[11798] = 8.897049e-10
Cl[11799] = 8.914401e-10
Cl[11800] = 8.959616e-10
Cl[11801] = 8.925169e-10
Cl[11802] = 8.869263e-10
Cl[11803] = 8.929067e-10
Cl[11804] = 9.072338e-10
Cl[11805] = 9.117075e-10
Cl[11806] = 9.032949e-10
Cl[11807] = 9.009968e-10
Cl[11808] = 9.151507e-10
Cl[11809] = 9.279186e-10
Cl[11810] = 9.184137e-10
Cl[11811] = 8.943600e-10
Cl[11812] = 8.899003e-10
Cl[11813] = 9.123435e-10
Cl[11814] = 9.243877e-10
Cl[11815] = 9.087778e-10
Cl[11816] = 8.949255e-10
Cl[11817] = 8.938031e-10
Cl[11818] = 8.901277e-10
Cl[11819] = 8.831126e-10
Cl[11820] = 8.781687e-10
Cl[11821] = 8.740610e-10
Cl[11822] = 8.752919e-10
Cl[11823] = 8.789514e-10
Cl[11824] = 8.784915e-10
Cl[11825] = 8.820857e-10
Cl[11826] = 8.953440e-10
Cl[11827] = 9.037296e-10
Cl[11828] = 8.979614e-10
Cl[11829] = 8.873998e-10
Cl[11830] = 8.896158e-10
Cl[11831] = 9.059784e-10
Cl[11832] = 9.131553e-10
Cl[11833] = 9.009522e-10
Cl[11834] = 8.938540e-10
Cl[11835] = 9.047640e-10
Cl[11836] = 9.126629e-10
Cl[11837] = 9.026228e-10
Cl[11838] = 8.914256e-10
Cl[11839] = 8.954084e-10
Cl[11840] = 9.000779e-10
Cl[11841] = 8.905892e-10
Cl[11842] = 8.853144e-10
Cl[11843] = 8.909703e-10
Cl[11844] = 8.863393e-10
Cl[11845] = 8.788817e-10
Cl[11846] = 8.917103e-10
Cl[11847] = 9.046643e-10
Cl[11848] = 8.976479e-10
Cl[11849] = 8.935585e-10
Cl[11850] = 9.043181e-10
Cl[11851] = 9.064993e-10
Cl[11852] = 8.885586e-10
Cl[11853] = 8.710722e-10
Cl[11854] = 8.782920e-10
Cl[11855] = 8.954490e-10
Cl[11856] = 8.895390e-10
Cl[11857] = 8.725311e-10
Cl[11858] = 8.775652e-10
Cl[11859] = 8.912982e-10
Cl[11860] = 8.887664e-10
Cl[11861] = 8.816123e-10
Cl[11862] = 8.866201e-10
Cl[11863] = 8.998398e-10
Cl[11864] = 9.040700e-10
Cl[11865] = 8.917001e-10
Cl[11866] = 8.824386e-10
Cl[11867] = 8.886093e-10
Cl[11868] = 8.894384e-10
Cl[11869] = 8.835890e-10
Cl[11870] = 8.929354e-10
Cl[11871] = 9.002784e-10
Cl[11872] = 8.880611e-10
Cl[11873] = 8.799669e-10
Cl[11874] = 8.855278e-10
Cl[11875] = 8.830571e-10
Cl[11876] = 8.767710e-10
Cl[11877] = 8.835922e-10
Cl[11878] = 8.934064e-10
Cl[11879] = 8.908906e-10
Cl[11880] = 8.843342e-10
Cl[11881] = 8.860617e-10
Cl[11882] = 8.891475e-10
Cl[11883] = 8.830026e-10
Cl[11884] = 8.778655e-10
Cl[11885] = 8.840378e-10
Cl[11886] = 8.883734e-10
Cl[11887] = 8.804175e-10
Cl[11888] = 8.742461e-10
Cl[11889] = 8.811338e-10
Cl[11890] = 8.869977e-10
Cl[11891] = 8.774090e-10
Cl[11892] = 8.729397e-10
Cl[11893] = 8.878401e-10
Cl[11894] = 8.945006e-10
Cl[11895] = 8.768458e-10
Cl[11896] = 8.690407e-10
Cl[11897] = 8.849438e-10
Cl[11898] = 8.931530e-10
Cl[11899] = 8.819907e-10
Cl[11900] = 8.731497e-10
Cl[11901] = 8.804585e-10
Cl[11902] = 8.944750e-10
Cl[11903] = 8.939793e-10
Cl[11904] = 8.823270e-10
Cl[11905] = 8.866475e-10
Cl[11906] = 8.977350e-10
Cl[11907] = 8.856600e-10
Cl[11908] = 8.721300e-10
Cl[11909] = 8.837741e-10
Cl[11910] = 8.889156e-10
Cl[11911] = 8.697473e-10
Cl[11912] = 8.662545e-10
Cl[11913] = 8.892099e-10
Cl[11914] = 8.982967e-10
Cl[11915] = 8.879138e-10
Cl[11916] = 8.935907e-10
Cl[11917] = 9.099267e-10
Cl[11918] = 8.994470e-10
Cl[11919] = 8.772679e-10
Cl[11920] = 8.848063e-10
Cl[11921] = 9.000419e-10
Cl[11922] = 8.870541e-10
Cl[11923] = 8.743115e-10
Cl[11924] = 8.852553e-10
Cl[11925] = 8.875436e-10
Cl[11926] = 8.699085e-10
Cl[11927] = 8.680065e-10
Cl[11928] = 8.851826e-10
Cl[11929] = 8.866423e-10
Cl[11930] = 8.740308e-10
Cl[11931] = 8.825284e-10
Cl[11932] = 9.048905e-10
Cl[11933] = 9.027485e-10
Cl[11934] = 8.845686e-10
Cl[11935] = 8.893739e-10
Cl[11936] = 9.095892e-10
Cl[11937] = 9.065242e-10
Cl[11938] = 8.846567e-10
Cl[11939] = 8.822648e-10
Cl[11940] = 9.048664e-10
Cl[11941] = 9.122559e-10
Cl[11942] = 8.949951e-10
Cl[11943] = 8.917512e-10
Cl[11944] = 9.044537e-10
Cl[11945] = 8.927284e-10
Cl[11946] = 8.696702e-10
Cl[11947] = 8.754658e-10
Cl[11948] = 8.884348e-10
Cl[11949] = 8.782562e-10
Cl[11950] = 8.676083e-10
Cl[11951] = 8.724145e-10
Cl[11952] = 8.785639e-10
Cl[11953] = 8.847202e-10
Cl[11954] = 8.924243e-10
Cl[11955] = 8.925946e-10
Cl[11956] = 8.874772e-10
Cl[11957] = 8.888018e-10
Cl[11958] = 8.982946e-10
Cl[11959] = 9.003593e-10
Cl[11960] = 8.863263e-10
Cl[11961] = 8.753821e-10
Cl[11962] = 8.791689e-10
Cl[11963] = 8.767318e-10
Cl[11964] = 8.632275e-10
Cl[11965] = 8.645464e-10
Cl[11966] = 8.775004e-10
Cl[11967] = 8.757548e-10
Cl[11968] = 8.688876e-10
Cl[11969] = 8.760393e-10
Cl[11970] = 8.877081e-10
Cl[11971] = 8.887765e-10
Cl[11972] = 8.871419e-10
Cl[11973] = 8.934166e-10
Cl[11974] = 9.015093e-10
Cl[11975] = 8.950335e-10
Cl[11976] = 8.784962e-10
Cl[11977] = 8.783494e-10
Cl[11978] = 8.979962e-10
Cl[11979] = 9.033290e-10
Cl[11980] = 8.843380e-10
Cl[11981] = 8.748216e-10
Cl[11982] = 8.843530e-10
Cl[11983] = 8.835200e-10
Cl[11984] = 8.722623e-10
Cl[11985] = 8.764152e-10
Cl[11986] = 8.833921e-10
Cl[11987] = 8.730463e-10
Cl[11988] = 8.670648e-10
Cl[11989] = 8.751466e-10
Cl[11990] = 8.728701e-10
Cl[11991] = 8.621876e-10
Cl[11992] = 8.662444e-10
Cl[11993] = 8.736946e-10
Cl[11994] = 8.611495e-10
Cl[11995] = 8.482061e-10
Cl[11996] = 8.658513e-10
Cl[11997] = 8.894216e-10
Cl[11998] = 8.775304e-10
Cl[11999] = 8.521295e-10
Cl[12000] = 8.575606e-10
Cl[12001] = 8.719075e-10
Cl[12002] = 8.583128e-10
Cl[12003] = 8.454749e-10
Cl[12004] = 8.667441e-10
Cl[12005] = 8.898640e-10
Cl[12006] = 8.793042e-10
Cl[12007] = 8.620659e-10
Cl[12008] = 8.741489e-10
Cl[12009] = 8.932562e-10
Cl[12010] = 8.814444e-10
Cl[12011] = 8.601846e-10
Cl[12012] = 8.671045e-10
Cl[12013] = 8.796387e-10
Cl[12014] = 8.650284e-10
Cl[12015] = 8.490358e-10
Cl[12016] = 8.590665e-10
Cl[12017] = 8.730248e-10
Cl[12018] = 8.718498e-10
Cl[12019] = 8.724090e-10
Cl[12020] = 8.798244e-10
Cl[12021] = 8.732362e-10
Cl[12022] = 8.590640e-10
Cl[12023] = 8.696653e-10
Cl[12024] = 8.929574e-10
Cl[12025] = 8.882437e-10
Cl[12026] = 8.749124e-10
Cl[12027] = 8.941799e-10
Cl[12028] = 9.138158e-10
Cl[12029] = 8.911286e-10
Cl[12030] = 8.670060e-10
Cl[12031] = 8.841615e-10
Cl[12032] = 9.034227e-10
Cl[12033] = 8.871394e-10
Cl[12034] = 8.703405e-10
Cl[12035] = 8.814793e-10
Cl[12036] = 8.863891e-10
Cl[12037] = 8.653364e-10
Cl[12038] = 8.536024e-10
Cl[12039] = 8.651077e-10
Cl[12040] = 8.730957e-10
Cl[12041] = 8.668523e-10
Cl[12042] = 8.645157e-10
Cl[12043] = 8.731195e-10
Cl[12044] = 8.821211e-10
Cl[12045] = 8.813030e-10
Cl[12046] = 8.767041e-10
Cl[12047] = 8.799814e-10
Cl[12048] = 8.816954e-10
Cl[12049] = 8.737926e-10
Cl[12050] = 8.751065e-10
Cl[12051] = 8.821666e-10
Cl[12052] = 8.705072e-10
Cl[12053] = 8.567709e-10
Cl[12054] = 8.704249e-10
Cl[12055] = 8.852563e-10
Cl[12056] = 8.736080e-10
Cl[12057] = 8.622260e-10
Cl[12058] = 8.766233e-10
Cl[12059] = 8.933425e-10
Cl[12060] = 8.861266e-10
Cl[12061] = 8.714816e-10
Cl[12062] = 8.732425e-10
Cl[12063] = 8.773250e-10
Cl[12064] = 8.700100e-10
Cl[12065] = 8.714258e-10
Cl[12066] = 8.829543e-10
Cl[12067] = 8.782821e-10
Cl[12068] = 8.688458e-10
Cl[12069] = 8.822179e-10
Cl[12070] = 8.988240e-10
Cl[12071] = 8.872798e-10
Cl[12072] = 8.648431e-10
Cl[12073] = 8.631161e-10
Cl[12074] = 8.762878e-10
Cl[12075] = 8.773803e-10
Cl[12076] = 8.641990e-10
Cl[12077] = 8.584654e-10
Cl[12078] = 8.674147e-10
Cl[12079] = 8.764160e-10
Cl[12080] = 8.746826e-10
Cl[12081] = 8.639736e-10
Cl[12082] = 8.584484e-10
Cl[12083] = 8.675748e-10
Cl[12084] = 8.733827e-10
Cl[12085] = 8.604486e-10
Cl[12086] = 8.522249e-10
Cl[12087] = 8.676899e-10
Cl[12088] = 8.804876e-10
Cl[12089] = 8.687294e-10
Cl[12090] = 8.573742e-10
Cl[12091] = 8.669396e-10
Cl[12092] = 8.777609e-10
Cl[12093] = 8.701315e-10
Cl[12094] = 8.626167e-10
Cl[12095] = 8.712777e-10
Cl[12096] = 8.791443e-10
Cl[12097] = 8.729314e-10
Cl[12098] = 8.696611e-10
Cl[12099] = 8.800736e-10
Cl[12100] = 8.842224e-10
Cl[12101] = 8.690527e-10
Cl[12102] = 8.574842e-10
Cl[12103] = 8.696970e-10
Cl[12104] = 8.795124e-10
Cl[12105] = 8.619610e-10
Cl[12106] = 8.495235e-10
Cl[12107] = 8.665564e-10
Cl[12108] = 8.798620e-10
Cl[12109] = 8.699603e-10
Cl[12110] = 8.661285e-10
Cl[12111] = 8.765967e-10
Cl[12112] = 8.794629e-10
Cl[12113] = 8.724611e-10
Cl[12114] = 8.715822e-10
Cl[12115] = 8.764273e-10
Cl[12116] = 8.740390e-10
Cl[12117] = 8.657552e-10
Cl[12118] = 8.687749e-10
Cl[12119] = 8.789887e-10
Cl[12120] = 8.767434e-10
Cl[12121] = 8.691363e-10
Cl[12122] = 8.736569e-10
Cl[12123] = 8.765956e-10
Cl[12124] = 8.694470e-10
Cl[12125] = 8.669012e-10
Cl[12126] = 8.698871e-10
Cl[12127] = 8.673962e-10
Cl[12128] = 8.661174e-10
Cl[12129] = 8.729059e-10
Cl[12130] = 8.772330e-10
Cl[12131] = 8.697610e-10
Cl[12132] = 8.588923e-10
Cl[12133] = 8.570140e-10
Cl[12134] = 8.591343e-10
Cl[12135] = 8.545324e-10
Cl[12136] = 8.491412e-10
Cl[12137] = 8.517221e-10
Cl[12138] = 8.578186e-10
Cl[12139] = 8.621267e-10
Cl[12140] = 8.637584e-10
Cl[12141] = 8.611880e-10
Cl[12142] = 8.598374e-10
Cl[12143] = 8.620884e-10
Cl[12144] = 8.627822e-10
Cl[12145] = 8.653791e-10
Cl[12146] = 8.695056e-10
Cl[12147] = 8.615795e-10
Cl[12148] = 8.496855e-10
Cl[12149] = 8.545036e-10
Cl[12150] = 8.614718e-10
Cl[12151] = 8.455363e-10
Cl[12152] = 8.292538e-10
Cl[12153] = 8.412483e-10
Cl[12154] = 8.571853e-10
Cl[12155] = 8.490868e-10
Cl[12156] = 8.449274e-10
Cl[12157] = 8.625111e-10
Cl[12158] = 8.679311e-10
Cl[12159] = 8.545962e-10
Cl[12160] = 8.586162e-10
Cl[12161] = 8.708914e-10
Cl[12162] = 8.642410e-10
Cl[12163] = 8.611775e-10
Cl[12164] = 8.756002e-10
Cl[12165] = 8.771076e-10
Cl[12166] = 8.654716e-10
Cl[12167] = 8.673294e-10
Cl[12168] = 8.755498e-10
Cl[12169] = 8.688817e-10
Cl[12170] = 8.572685e-10
Cl[12171] = 8.610318e-10
Cl[12172] = 8.721460e-10
Cl[12173] = 8.668775e-10
Cl[12174] = 8.525713e-10
Cl[12175] = 8.560549e-10
Cl[12176] = 8.679147e-10
Cl[12177] = 8.614914e-10
Cl[12178] = 8.495283e-10
Cl[12179] = 8.488781e-10
Cl[12180] = 8.466000e-10
Cl[12181] = 8.398771e-10
Cl[12182] = 8.448355e-10
Cl[12183] = 8.567090e-10
Cl[12184] = 8.593723e-10
Cl[12185] = 8.540683e-10
Cl[12186] = 8.572896e-10
Cl[12187] = 8.704750e-10
Cl[12188] = 8.766972e-10
Cl[12189] = 8.660212e-10
Cl[12190] = 8.528384e-10
Cl[12191] = 8.504502e-10
Cl[12192] = 8.527971e-10
Cl[12193] = 8.548794e-10
Cl[12194] = 8.550999e-10
Cl[12195] = 8.488182e-10
Cl[12196] = 8.442389e-10
Cl[12197] = 8.512023e-10
Cl[12198] = 8.546621e-10
Cl[12199] = 8.425998e-10
Cl[12200] = 8.404650e-10
Cl[12201] = 8.619120e-10
Cl[12202] = 8.777115e-10
Cl[12203] = 8.680258e-10
Cl[12204] = 8.617026e-10
Cl[12205] = 8.737069e-10
Cl[12206] = 8.756614e-10
Cl[12207] = 8.557850e-10
Cl[12208] = 8.470336e-10
Cl[12209] = 8.655068e-10
Cl[12210] = 8.796248e-10
Cl[12211] = 8.624772e-10
Cl[12212] = 8.415978e-10
Cl[12213] = 8.524428e-10
Cl[12214] = 8.752173e-10
Cl[12215] = 8.731872e-10
Cl[12216] = 8.544675e-10
Cl[12217] = 8.453658e-10
Cl[12218] = 8.507689e-10
Cl[12219] = 8.608820e-10
Cl[12220] = 8.650632e-10
Cl[12221] = 8.573253e-10
Cl[12222] = 8.526463e-10
Cl[12223] = 8.642481e-10
Cl[12224] = 8.779897e-10
Cl[12225] = 8.735111e-10
Cl[12226] = 8.550913e-10
Cl[12227] = 8.491370e-10
Cl[12228] = 8.660444e-10
Cl[12229] = 8.763694e-10
Cl[12230] = 8.599081e-10
Cl[12231] = 8.474637e-10
Cl[12232] = 8.637001e-10
Cl[12233] = 8.799670e-10
Cl[12234] = 8.732859e-10
Cl[12235] = 8.610834e-10
Cl[12236] = 8.601454e-10
Cl[12237] = 8.638617e-10
Cl[12238] = 8.675132e-10
Cl[12239] = 8.754326e-10
Cl[12240] = 8.849593e-10
Cl[12241] = 8.815993e-10
Cl[12242] = 8.673160e-10
Cl[12243] = 8.628067e-10
Cl[12244] = 8.699047e-10
Cl[12245] = 8.682479e-10
Cl[12246] = 8.605324e-10
Cl[12247] = 8.610945e-10
Cl[12248] = 8.649940e-10
Cl[12249] = 8.618274e-10
Cl[12250] = 8.585538e-10
Cl[12251] = 8.585028e-10
Cl[12252] = 8.616455e-10
Cl[12253] = 8.682478e-10
Cl[12254] = 8.728754e-10
Cl[12255] = 8.661482e-10
Cl[12256] = 8.596933e-10
Cl[12257] = 8.671026e-10
Cl[12258] = 8.797217e-10
Cl[12259] = 8.766023e-10
Cl[12260] = 8.647490e-10
Cl[12261] = 8.604733e-10
Cl[12262] = 8.667329e-10
Cl[12263] = 8.684117e-10
Cl[12264] = 8.594385e-10
Cl[12265] = 8.484258e-10
Cl[12266] = 8.495017e-10
Cl[12267] = 8.591086e-10
Cl[12268] = 8.671712e-10
Cl[12269] = 8.645571e-10
Cl[12270] = 8.567006e-10
Cl[12271] = 8.524775e-10
Cl[12272] = 8.577575e-10
Cl[12273] = 8.605261e-10
Cl[12274] = 8.629548e-10
Cl[12275] = 8.709628e-10
Cl[12276] = 8.800766e-10
Cl[12277] = 8.764725e-10
Cl[12278] = 8.762894e-10
Cl[12279] = 8.789952e-10
Cl[12280] = 8.867819e-10
Cl[12281] = 8.821434e-10
Cl[12282] = 8.910002e-10
Cl[12283] = 8.881475e-10
Cl[12284] = 9.630460e-10
Cl[12285] = 9.712355e-10
Cl[12286] = 9.456807e-10
Cl[12287] = 9.312652e-10
number of cov blocks for parallelization: 3
-----------------
PROGRAM EXECUTED
-----------------
